[[216,4,<=18]]  l=18, m=6, A = y^2 + x^8 + x^13, B = y + x^7 + x^11
solver log follows; 'dual bound' is the proven minimum so far, it rises over time
Running HiGHS 1.12.0 (git hash: 4f96ee8): Copyright (c) 2025 HiGHS under MIT licence terms
MIP has 114 rows; 332 cols; 930 nonzeros; 332 integer variables (220 binary)
Coefficient ranges:
  Matrix  [1e+00, 2e+00]
  Cost    [1e+00, 1e+00]
  Bound   [1e+00, 2e+01]
  RHS     [1e+00, 1e+00]
Presolving model
114 rows, 332 cols, 930 nonzeros  0s
114 rows, 332 cols, 930 nonzeros  0s
Presolve reductions: rows 114(-0); columns 332(-0); nonzeros 930(-0) - Not reduced
Objective function is integral with scale 1

Solving MIP model with:
   114 rows
   332 cols (220 binary, 112 integer, 0 implied int., 0 continuous, 0 domain fixed)
   930 nonzeros

Src: B => Branching; C => Central rounding; F => Feasibility pump; H => Heuristic;
     I => Shifting; J => Feasibility jump; L => Sub-MIP; P => Empty MIP; R => Randomized rounding;
     S => Solve LP; T => Evaluate node; U => Unbounded; X => User solution; Y => HiGHS solution;
     Z => ZI Round; l => Trivial lower; p => Trivial point; u => Trivial upper; z => Trivial zero

        Nodes      |    B&B Tree     |            Objective Bounds              |  Dynamic Constraints |       Work      
Src  Proc. InQueue |  Leaves   Expl. | BestBound       BestSol              Gap |   Cuts   InLp Confl. | LpIters     Time

         0       0         0   0.00%   1               inf                  inf        0      0      0         0     0.0s
         0       0         0   0.00%   1               inf                  inf        0      0     13         3     0.0s
 B      88       0        15   0.00%   6               70                91.43%     1542     68   1702      7533     3.0s
       123      57        16   0.00%   6               70                91.43%     3441    200   1789     40204     9.4s
       239      87        49   0.00%   6               70                91.43%     4450    270   5003     83646    17.1s
 T     286      79        69   0.00%   6               48                87.50%     4451    270   6250     84585    17.4s
       439     166        98   0.00%   6               48                87.50%     6602    362   7473    116418    26.8s
       623     268       142   0.00%   6               48                87.50%     9269    466   8083    136637    34.7s
 L     793     290       191   0.00%   6               34                82.35%    10254    463   8617    144700    39.1s
      1028     361       256   0.00%   6               34                82.35%     9388    439   9846    165649    46.1s
      1234     431       322   0.00%   6               34                82.35%     8747    320   9510    188228    58.4s
      1432     500       384   0.00%   6               34                82.35%     7999    378   6405    202505    65.5s
 L    1700     407       479   0.00%   6               24                75.00%     6765    328   8395    212692    68.2s
      1922     451       559   0.00%   6               24                75.00%     5051    278   8597    228865    74.9s
      2222     507       680   0.00%   6               24                75.00%     2817    248   9969    249640    82.6s
      2626     584       843   0.00%   6.655293867     24                72.27%     3492    249   9618    268470    91.0s

Restarting search from the root node
Model after restart has 114 rows, 332 cols (220 bin., 112 int., 0 impl., 0 cont., 0 dom.fix.), and 930 nonzeros

      2809       0         0   0.00%   6.655293867     24                72.27%      250      0      0    274006    93.1s
      2809       0         0   0.00%   6.655293867     24                72.27%      250      4     12    274012    93.1s
      3838     197       406   0.00%   6.655293867     24                72.27%     2515    248   9230    295595    98.2s

Restarting search from the root node
Model after restart has 114 rows, 332 cols (220 bin., 112 int., 0 impl., 0 cont., 0 dom.fix.), and 930 nonzeros

      4324       0         0   0.00%   6.655293867     24                72.27%      175      0      0    303239   100.0s

        Nodes      |    B&B Tree     |            Objective Bounds              |  Dynamic Constraints |       Work      
Src  Proc. InQueue |  Leaves   Expl. | BestBound       BestSol              Gap |   Cuts   InLp Confl. | LpIters     Time

      4324       0         0   0.00%   6.655293867     24                72.27%      175      6     13    303251   100.0s
      5252     169       370   0.01%   6.655293867     24                72.27%     4106    298   7282    320283   105.3s
      5881     277       631   0.01%   6.655293867     24                72.27%     6583    410   9427    345165   110.3s
      6167     329       744   0.01%   6.655293867     24                72.27%     8183    409   9211    368565   115.9s
      6434     360       863   0.01%   6.655293867     24                72.27%     8750    361   9280    388613   120.9s
      6599     391       931   0.01%   6.655293867     24                72.27%    10325    411   8214    403113   125.9s

Restarting search from the root node
Model after restart has 114 rows, 332 cols (220 bin., 112 int., 0 impl., 0 cont., 0 dom.fix.), and 930 nonzeros

      6649       0         0   0.00%   6.655293867     24                72.27%      403      0      0    404762   126.2s
      6649       0         0   0.00%   6.655293867     24                72.27%      403     66     12    404888   126.3s
      7892     236       486   0.00%   6.655293867     24                72.27%     4029    222   9317    429067   131.3s
      9137     455       993   0.00%   6.655293867     24                72.27%     4548    253   9563    454699   136.3s
      9590     557      1169   0.00%   6.655293867     24                72.27%     4937    276   9189    482502   143.3s
     10004     614      1344   0.00%   6.655293867     24                72.27%     4345    259   9607    502114   149.0s
 L   10182     594      1419   0.00%   6.655293867     22                69.75%     4254    202   8630    504162   151.9s
     10901     685      1726   0.03%   6.655293867     22                69.75%     3646    200   9075    530491   158.1s
     11108     708      1815   0.03%   6.655293867     22                69.75%     3550    303   9650    547182   166.0s
     11202     718      1860   0.03%   6.655293867     22                69.75%     3658    266   8799    559647   173.5s
     11506     742      1995   0.03%   6.655293867     22                69.75%     4628    258   8861    577744   181.9s
     11673     752      2073   0.03%   6.655293867     22                69.75%     6087    285   9898    587856   187.1s
     11884     775      2160   0.03%   6.655293867     22                69.75%     5727    298   9842    605246   196.6s
     12281     822      2337   0.04%   6.655293867     22                69.75%     4660    305   9533    622524   201.9s

        Nodes      |    B&B Tree     |            Objective Bounds              |  Dynamic Constraints |       Work      
Src  Proc. InQueue |  Leaves   Expl. | BestBound       BestSol              Gap |   Cuts   InLp Confl. | LpIters     Time

     12411     832      2394   0.04%   6.655293867     22                69.75%     4463    312   9689    634423   206.9s
     12583     855      2471   0.04%   6.655293867     22                69.75%     2889    318   9398    652532   214.0s
     12994     899      2646   0.04%   6.655293867     22                69.75%     2708    314   9205    677941   221.5s
     13289     938      2777   0.04%   6.655293867     22                69.75%     3370    314   9541    699701   230.6s
     13488     956      2866   0.04%   6.655293867     22                69.75%     3745    275   9938    719255   236.0s
     13792     982      3000   0.04%   6.655293867     22                69.75%     4214    243   9313    752750   246.9s
     14309    1040      3223   0.04%   6.655293867     22                69.75%     8949    364   9589    773016   251.9s

Restarting search from the root node
Model after restart has 114 rows, 332 cols (220 bin., 112 int., 0 impl., 0 cont., 0 dom.fix.), and 930 nonzeros

     14799       0         0   0.00%   6.655293867     22                69.75%      296      0      0    787546   256.0s
     14799       0         0   0.00%   6.655293867     22                69.75%      296     12     12    787562   256.0s
     15119      63       118   0.00%   6.655293867     22                69.75%     6598    261   4503    799528   261.4s
     16173     227       557   0.00%   6.655293867     22                69.75%     5841    160   9019    817432   266.4s
     17132     380       952   0.00%   6.655293867     22                69.75%     3648    295   9309    834212   271.6s
     17936     480      1301   0.00%   6.655293867     22                69.75%     3840    303   9112    852091   276.9s
     18844     617      1688   0.01%   6.655293867     22                69.75%     3285    290   8358    872929   282.1s
     19457     689      1956   0.01%   6.655293867     22                69.75%     2562    231   9618    895583   287.1s
     20358     803      2347   0.01%   6.655293867     22                69.75%     4906    328   8916    913826   292.5s

Restarting search from the root node
Model after restart has 114 rows, 332 cols (220 bin., 112 int., 0 impl., 0 cont., 0 dom.fix.), and 930 nonzeros

     20955       0         0   0.00%   6.655293867     22                69.75%      263      0      0    932388   296.6s
     20955       0         0   0.00%   6.655293867     22                69.75%      263     20     13    932427   296.6s
     21825     144       350   0.01%   6.655293867     22                69.75%     4140    264   8622    950303   301.6s
     22993     364       824   0.01%   6.655293867     22                69.75%     4452    264   9937    969379   307.0s

        Nodes      |    B&B Tree     |            Objective Bounds              |  Dynamic Constraints |       Work      
Src  Proc. InQueue |  Leaves   Expl. | BestBound       BestSol              Gap |   Cuts   InLp Confl. | LpIters     Time

     23908     518      1204   0.01%   6.655293867     22                69.75%     2305    253   9728    992687   312.0s
     24812     655      1590   0.01%   6.655293867     22                69.75%     2572    344   9978     1018k   317.0s
     26016     805      2113   0.01%   6.655293867     22                69.75%     2627    305   9956     1043k   322.0s
     27178     965      2604   0.02%   6.655293867     22                69.75%     4296    273   8711     1067k   327.0s
     27636    1030      2801   0.02%   6.655293867     22                69.75%     3100    304   9550     1113k   340.6s
     28342    1124      3106   0.02%   6.655293867     22                69.75%     5151    353   9044     1144k   346.1s
     28441    1132      3151   0.02%   6.655293867     22                69.75%     5058    350   9254     1170k   353.9s
     28556    1139      3197   0.02%   6.655293867     22                69.75%     4891    363   9005     1186k   359.4s
     28753    1176      3281   0.02%   6.655293867     22                69.75%     5059    392   9522     1221k   371.5s
     29056    1212      3413   0.03%   6.655293867     22                69.75%     3293    334   8435     1277k   386.4s
     29496    1262      3612   0.03%   6.655293867     22                69.75%     5236    350   9392     1300k   391.4s
     29760    1298      3722   0.03%   6.655293867     22                69.75%     4963    355   8696     1321k   397.9s
     29855    1311      3766   0.03%   6.655293867     22                69.75%     5133    392   9667     1336k   403.0s
     29960    1319      3812   0.03%   6.655293867     22                69.75%     5068    302   9059     1359k   411.8s
     30361    1363      3990   0.03%   6.655293867     22                69.75%     3883    353   9872     1410k   429.2s

Restarting search from the root node
Model after restart has 114 rows, 332 cols (220 bin., 112 int., 0 impl., 0 cont., 0 dom.fix.), and 930 nonzeros

     31658       0         0   0.00%   6.655293867     22                69.75%      165      0      0     1430k   433.9s
     31658       0         0   0.00%   6.655293867     22                69.75%      165     14     13     1430k   433.9s
     31882      49        79   0.00%   6.655293867     22                69.75%     6869    273   2997     1437k   438.9s
     33065     248       577   0.00%   6.655293867     22                69.75%     3105    176   8267     1455k   443.9s
     33856     347       914   0.01%   6.655293867     22                69.75%     4601    331   8611     1471k   449.0s

        Nodes      |    B&B Tree     |            Objective Bounds              |  Dynamic Constraints |       Work      
Src  Proc. InQueue |  Leaves   Expl. | BestBound       BestSol              Gap |   Cuts   InLp Confl. | LpIters     Time

     34648     447      1257   0.01%   6.655293867     22                69.75%     5215    328   8954     1495k   454.0s
     35600     617      1645   0.02%   6.655293867     22                69.75%     3563    290   9745     1518k   459.2s
     36417     732      1985   0.02%   6.655293867     22                69.75%     7477    289   9167     1537k   464.5s
     37215     858      2320   0.02%   6.655293867     22                69.75%     8306    288   8644     1554k   469.7s
     38044     978      2670   0.02%   6.655293867     22                69.75%     5060    311   9478     1573k   474.7s
     38616    1061      2910   0.02%   6.655293867     22                69.75%     3480    299   9453     1589k   479.7s
     40092    1241      3543   0.03%   6.655293867     22                69.75%     3279    215   9467     1611k   484.7s
     41087    1336      3982   0.03%   6.655293867     22                69.75%     3995    157   9414     1633k   489.7s
     42352    1498      4520   0.03%   6.991866923     22                68.22%     4443    253   9788     1653k   495.0s
     43630    1650      5071   0.03%   6.99618428      22                68.20%     4644    180   9808     1676k   500.0s
     44100    1696      5268   0.03%   6.99618428      22                68.20%     2857    142   9903     1723k   516.0s
     44904    1819      5607   0.03%   6.99618428      22                68.20%     6991    303   9850     1745k   521.2s
     45117    1843      5702   0.03%   6.99618428      22                68.20%     7179    369   9810     1760k   526.2s
     45400    1885      5826   0.03%   6.99618428      22                68.20%     4918    339   8619     1790k   535.7s
     45608    1907      5913   0.03%   6.99618428      22                68.20%     5274    345   9104     1833k   553.7s
     45812    1928      6004   0.03%   6.99618428      22                68.20%     6449    428   9433     1859k   564.0s
     46025    1952      6095   0.03%   7               22                68.18%     4700    392   9698     1882k   572.7s
     46224    1974      6185   0.03%   7               22                68.18%     3747    346   9377     1895k   578.6s
     46836    2043      6451   0.03%   7               22                68.18%     3332    225   9694     1912k   584.4s
     47540    2126      6757   0.03%   7               22                68.18%     2587    180   8979     1942k   600.5s

        Nodes      |    B&B Tree     |            Objective Bounds              |  Dynamic Constraints |       Work      
Src  Proc. InQueue |  Leaves   Expl. | BestBound       BestSol              Gap |   Cuts   InLp Confl. | LpIters     Time

     47907    2160      6919   0.03%   7               22                68.18%     4114    322   9905     1952k   605.5s
     48245    2204      7065   0.03%   7               22                68.18%     4106    266   9438     1960k   611.0s
     48974    2268      7388   0.03%   7               22                68.18%     3075    325   9446     1974k   616.0s
     49550    2323      7643   0.03%   7               22                68.18%     2221    198   9427     2001k   633.2s
     50675    2418      8118   0.04%   7.402198502     22                66.35%     1437    167   9951     2012k   638.4s
     51277    2459      8381   0.04%   7.402198502     22                66.35%     7699    328   9512     2025k   643.6s
     51798    2485      8621   0.04%   7.41187269      22                66.31%     6730    201   9781     2037k   648.6s
     51920    2494      8670   0.04%   7.41187269      22                66.31%     4070    201   9059     2049k   658.7s
     52704    2554      8998   0.04%   7.41187269      22                66.31%     2302    122   9772     2059k   663.7s
HighsMipSolverData::transformNewIntegerFeasibleSolution tmpSolver.run();
     53134    2605      9184   0.04%   7.41187269      22                66.31%     3926    258   9526     2095k   695.6s
     53644    2650      9409   0.04%   7.545327584     22                65.70%     3688    249   9633     2106k   700.6s
     54135    2704      9629   0.04%   7.545327584     22                65.70%     4503    267   9579     2117k   705.9s
     54959    2782      9996   0.04%   7.562063269     22                65.63%     2291    139   9864     2127k   711.0s
     55818    2834     10362   0.04%   7.6             22                65.45%     3599    261   9967     2136k   716.2s
     56241    2866     10554   0.04%   7.6             22                65.45%     3297    272   9575     2146k   721.2s
     56628    2910     10726   0.05%   7.928571429     22                63.96%     6784    275   8725     2160k   728.3s
     56829    2932     10816   0.05%   7.928571429     22                63.96%     5549    202   9366     2182k   745.5s
     57642    3017     11174   0.05%   8               22                63.64%     2425    253   9898     2191k   750.5s
     58300    3061     11473   0.05%   8               22                63.64%     3836    252   9963     2203k   755.5s
     58861    3117     11729   0.05%   8               22                63.64%     2875    246   8771     2215k   760.6s

        Nodes      |    B&B Tree     |            Objective Bounds              |  Dynamic Constraints |       Work      
Src  Proc. InQueue |  Leaves   Expl. | BestBound       BestSol              Gap |   Cuts   InLp Confl. | LpIters     Time

     59377    3172     11948   0.05%   8               22                63.64%     2291    160   9847     2224k   765.6s
     59669    3200     12081   0.06%   8               22                63.64%     3687    325   9773     2272k   791.9s
     60193    3246     12320   0.09%   8               22                63.64%     5171    242   8857     2286k   796.9s
     60934    3314     12651   0.09%   8               22                63.64%     3865    218   8621     2297k   801.9s
     61348    3355     12834   0.10%   8               22                63.64%     4723    355   9300     2310k   806.9s
     62228    3464     13217   0.10%   8               22                63.64%     2611    239   8605     2325k   811.9s
     62788    3512     13470   0.10%   8               22                63.64%     3756    337   8536     2339k   817.3s
     63612    3606     13819   0.49%   8               22                63.64%     3910    255   9825     2352k   822.3s
     63911    3634     13953   0.49%   8               22                63.64%     3072    168   9475     2383k   842.2s
     64825    3740     14352   0.49%   8               22                63.64%     1639    236   9614     2399k   847.4s
     65720    3815     14755   0.49%   8               22                63.64%     3868    145   9765     2411k   852.4s
     66468    3919     15071   0.49%   8.25            22                62.50%     3102    256   8462     2421k   857.6s
     67242    3986     15417   0.50%   8.333333333     22                62.12%     3644    220   8834     2433k   862.6s
     67273    3998     15426   0.50%   8.333333333     22                62.12%     3578    202   9279     2464k   886.2s
     67896    4060     15699   0.50%   8.452446786     22                61.58%     3469    192   9250     2473k   891.2s
     68567    4119     16000   0.50%   8.452446786     22                61.58%     2928    190   9915     2484k   896.3s
     69358    4176     16370   0.50%   8.470588235     22                61.50%     3789    162   9231     2498k   901.5s
     70178    4262     16729   0.50%   8.5             22                61.36%     2339    272   9037     2513k   907.2s
     70688    4297     16963   0.50%   8.5             22                61.36%     4257    179   9969     2524k   912.2s
     70841    4319     17030   0.50%   8.5             22                61.36%     3703    181   9099     2532k   919.0s

        Nodes      |    B&B Tree     |            Objective Bounds              |  Dynamic Constraints |       Work      
Src  Proc. InQueue |  Leaves   Expl. | BestBound       BestSol              Gap |   Cuts   InLp Confl. | LpIters     Time

     71656    4397     17391   0.51%   8.513896794     22                61.30%     1966    166   9383     2567k   937.4s
     72258    4449     17664   0.51%   8.513896794     22                61.30%     2779    260   9570     2579k   942.6s
     72697    4502     17853   0.51%   8.513896794     22                61.30%     6455    281   8704     2589k   947.6s
     73000    4533     17991   0.51%   8.666666667     22                60.61%     8942    295   9465     2600k   952.7s
     73370    4566     18152   0.51%   8.666666667     22                60.61%     5910    245   9102     2621k   965.8s
     74387    4663     18604   0.51%   8.666666667     22                60.61%     3174    179   9724     2634k   970.8s
     75064    4710     18917   0.51%   8.666666667     22                60.61%     3061    254   9655     2646k   975.8s
     75087    4715     18925   0.51%   8.666666667     22                60.61%     2853    195   9911     2657k   980.8s
     75788    4787     19241   0.51%   8.711743772     22                60.40%     2659    272   9147     2671k   985.8s
     76505    4846     19557   0.51%   8.711743772     22                60.40%     2450    176   9551     2699k  1000.8s
     77051    4876     19805   0.52%   8.739873148     22                60.27%     3829    343   9315     2713k  1005.8s
     77515    4917     20014   0.52%   8.739873148     22                60.27%     3683    324   9909     2728k  1010.8s
     78176    4992     20299   0.52%   8.76663404      22                60.15%     3361    179   9627     2741k  1016.0s
     78275    5006     20342   0.52%   8.76663404      22                60.15%     3806    220   9522     2749k  1021.1s
     78776    5054     20566   0.52%   8.806007509     22                59.97%     4750    209   9342     2766k  1029.5s
     79176    5086     20747   0.52%   8.806007509     22                59.97%     4520    174   8360     2788k  1041.0s
     79778    5140     21021   0.52%   8.836495014     22                59.83%     2943    216   9836     2799k  1046.1s
     80513    5207     21352   0.53%   8.836495014     22                59.83%     3928    222   8625     2809k  1051.1s
     80993    5264     21560   0.53%   8.836495014     22                59.83%     2882    236   9510     2835k  1069.5s
     81839    5337     21942   0.53%   8.836495014     22                59.83%     2001    213   8665     2845k  1074.6s

        Nodes      |    B&B Tree     |            Objective Bounds              |  Dynamic Constraints |       Work      
Src  Proc. InQueue |  Leaves   Expl. | BestBound       BestSol              Gap |   Cuts   InLp Confl. | LpIters     Time

     82654    5425     22301   0.53%   8.836495014     22                59.83%     3737    238   9851     2856k  1080.2s
     83288    5469     22594   0.53%   8.836495014     22                59.83%     2942    245   9337     2867k  1085.3s
     83786    5519     22819   0.53%   8.83658414      22                59.83%     3224    238   9911     2880k  1090.6s
     83984    5532     22911   0.53%   8.83658414      22                59.83%     3018    204   9351     2892k  1098.2s
     84424    5565     23111   0.53%   8.83658414      22                59.83%     3466    162   8810     2905k  1107.2s
     85161    5649     23431   0.54%   8.886303657     22                59.61%     3535    194   9344     2918k  1112.4s
     85258    5659     23477   0.54%   8.886303657     22                59.61%     3091    212   9238     2928k  1120.9s
     86058    5722     23833   0.54%   8.886303657     22                59.61%     1484     93   9169     2940k  1125.9s
     86478    5783     24016   0.54%   8.946124445     22                59.34%     2708    210   7643     3068k  1197.7s
     87325    5850     24396   0.54%   8.946124445     22                59.34%     1776    186   8851     3082k  1202.7s
     88220    5947     24790   0.54%   8.946124445     22                59.34%     3590    276   8737     3097k  1207.7s
     89096    6027     25188   0.54%   9               22                59.09%     4562    281   8833     3109k  1213.0s
     89718    6078     25462   0.54%   9               22                59.09%     2773    216   9509     3123k  1218.0s
     90632    6173     25860   0.54%   9               22                59.09%     2716    214   8455     3139k  1223.1s
     91134    6227     26082   0.54%   9               22                59.09%     5144    243   9443     3150k  1228.3s
     92061    6325     26495   0.55%   9               22                59.09%     1419    199   9107     3163k  1233.3s
     92908    6418     26867   0.55%   9               22                59.09%     2472    184   8955     3175k  1238.3s
     93878    6502     27308   0.55%   9               22                59.09%     1497    133   8993     3188k  1243.4s
     95063    6611     27846   0.55%   9               22                59.09%     1656    143   9987     3203k  1248.4s
     96125    6687     28332   0.55%   9               22                59.09%     2074    173   9943     3218k  1253.4s

        Nodes      |    B&B Tree     |            Objective Bounds              |  Dynamic Constraints |       Work      
Src  Proc. InQueue |  Leaves   Expl. | BestBound       BestSol              Gap |   Cuts   InLp Confl. | LpIters     Time

     97155    6749     28803   0.55%   9               22                59.09%     1773    122   8542     3232k  1258.4s
     98037    6828     29198   0.55%   9               22                59.09%     2038    178   8178     3245k  1263.4s
     98802    6870     29545   0.55%   9               22                59.09%     2324    167   8495     3259k  1268.4s
     99633    6942     29911   0.55%   9               22                59.09%     3113    238   9544     3271k  1273.4s
    100177    7004     30154   0.55%   9               22                59.09%     2646    272   9108     3281k  1278.4s
    100890    7052     30471   0.55%   9               22                59.09%     3677    215   8424     3292k  1283.6s
    101965    7125     30960   0.55%   9.041666667     22                58.90%     1987    195   8885     3307k  1288.6s
    102821    7188     31350   0.56%   9.041666667     22                58.90%     2167    151   9851     3328k  1299.3s
    103868    7282     31819   0.56%   9.12            22                58.55%     1959    144   9919     3340k  1304.3s
    104746    7371     32203   0.56%   9.12            22                58.55%     1837    134   9451     3364k  1319.5s
    105396    7427     32500   0.56%   9.134343199     22                58.48%     2926    224   9745     3374k  1324.5s
    106258    7526     32876   0.56%   9.165239789     22                58.34%     2112    131   9222     3386k  1329.6s
    106660    7574     33052   0.56%   9.165239789     22                58.34%     1943    202   8646     3398k  1337.0s
    107165    7626     33275   0.56%   9.165239789     22                58.34%     3178    177   9147     3434k  1358.8s
    107579    7659     33463   0.56%   9.199093958     22                58.19%     4185    279   9686     3447k  1363.8s
    108059    7702     33680   0.57%   9.199093958     22                58.19%     2748    319   8716     3461k  1369.4s
    108473    7741     33864   0.58%   9.2             22                58.18%     3705    263   9099     3472k  1374.4s
    109104    7797     34150   0.58%   9.2             22                58.18%     2236    263   8729     3485k  1379.4s
    109369    7831     34264   0.58%   9.220338983     22                58.09%     1450    190   9461     3498k  1388.1s
    110296    7901     34678   0.58%   9.220338983     22                58.09%     2351    122   9719     3511k  1393.1s

        Nodes      |    B&B Tree     |            Objective Bounds              |  Dynamic Constraints |       Work      
Src  Proc. InQueue |  Leaves   Expl. | BestBound       BestSol              Gap |   Cuts   InLp Confl. | LpIters     Time

    110480    7929     34758   0.58%   9.220338983     22                58.09%     2394    159   9936     3526k  1404.6s
    111324    8005     35142   0.58%   9.220338983     22                58.09%     1990    186   8772     3538k  1409.6s
    111892    8054     35399   0.58%   9.227091633     22                58.06%     3042    235   9639     3551k  1415.4s
    112098    8069     35492   0.58%   9.227091633     22                58.06%     2288    201   8367     3569k  1430.2s
    112707    8139     35757   0.58%   9.227091633     22                58.06%     2716    227   8107     3578k  1435.3s
    113283    8172     36022   0.58%   9.232748538     22                58.03%     2364    216   9861     3589k  1440.3s
    113545    8195     36136   0.58%   9.232748538     22                58.03%     3871    238   8626     3664k  1490.0s
    114396    8257     36514   0.59%   9.272727273     22                57.85%     3557    126   8631     3677k  1495.0s
    115124    8338     36838   0.59%   9.294117647     22                57.75%     2474    221   8356     3687k  1500.1s
    115910    8413     37193   0.59%   9.333333333     22                57.58%     1359    196   9943     3699k  1505.1s
    116485    8477     37448   0.59%   9.333333333     22                57.58%     1249    272   9969     3712k  1510.1s
    117093    8537     37720   0.59%   9.333333333     22                57.58%     2494    262   9318     3725k  1515.1s
    118001    8635     38124   0.59%   9.333333333     22                57.58%     1459    152   8359     3738k  1520.1s
    118854    8707     38510   0.59%   9.380862156     22                57.36%     2031    124   8893     3753k  1525.1s
    120128    8828     39083   0.59%   9.416666667     22                57.20%     1357    133   8778     3768k  1530.1s
    121116    8908     39528   0.59%   9.421276596     22                57.18%     1490    111   8803     3782k  1535.1s
    121887    8976     39873   0.59%   9.426068435     22                57.15%     2551    193   8935     3796k  1540.1s
    122266    9010     40045   0.59%   9.426068435     22                57.15%     2101    201   8522     3809k  1548.3s
    122879    9071     40312   0.59%   9.426068435     22                57.15%     1653    160   8446     3896k  1609.3s
    123683    9165     40664   0.59%   9.426068435     22                57.15%     2179    244   9697     3909k  1614.4s

        Nodes      |    B&B Tree     |            Objective Bounds              |  Dynamic Constraints |       Work      
Src  Proc. InQueue |  Leaves   Expl. | BestBound       BestSol              Gap |   Cuts   InLp Confl. | LpIters     Time

    124237    9200     40921   0.59%   9.426068435     22                57.15%     2441    300   8659     3925k  1619.4s
    124799    9242     41168   0.59%   9.439599962     22                57.09%     3626    197   9768     3938k  1624.5s
    125929    9357     41666   0.59%   9.439599962     22                57.09%     1471    141   9324     3951k  1629.5s
    126717    9427     42020   0.60%   9.439734164     22                57.09%     2872    152   9610     3964k  1634.5s
    127689    9517     42449   0.60%   9.439734164     22                57.09%     1618    184   9385     3976k  1639.9s
    128176    9556     42672   0.60%   9.460209612     22                57.00%     1982    264   8974     3990k  1644.9s
    128710    9601     42916   0.60%   9.460209612     22                57.00%     2095    220   8526     4003k  1649.9s
    129060    9632     43076   0.60%   9.461538462     22                56.99%     5457    231   9944     4011k  1654.9s
    129709    9694     43368   0.60%   9.461538462     22                56.99%     2155    276   8309     4022k  1660.5s
    130477    9743     43712   0.60%   9.470198675     22                56.95%     1873    150   8318     4035k  1665.5s
    131144    9816     44003   0.60%   9.483870968     22                56.89%     3150    240   9812     4047k  1670.5s
    131331    9833     44088   0.60%   9.483870968     22                56.89%     3416    289   9021     4072k  1686.8s
    131735    9867     44270   0.60%   9.483870968     22                56.89%     4236    333   8692     4084k  1691.9s
    132409    9928     44572   0.60%   9.5             22                56.82%     3550    179   9043     4096k  1696.9s
    132965    9973     44825   0.60%   9.5             22                56.82%     4072    216   9834     4106k  1701.9s
    133752   10046     45176   0.60%   9.5             22                56.82%     2003    163   9679     4119k  1707.2s
    134194   10089     45374   0.60%   9.5             22                56.82%     1896    170   8618     4128k  1712.2s
    134255   10101     45399   0.60%   9.5             22                56.82%     1890    182   9384     4149k  1724.8s
    134861   10154     45672   0.60%   9.5             22                56.82%     2369    313   9075     4163k  1730.4s
    135568   10211     45993   0.60%   9.5             22                56.82%     2220    145   8437     4175k  1735.4s

        Nodes      |    B&B Tree     |            Objective Bounds              |  Dynamic Constraints |       Work      
Src  Proc. InQueue |  Leaves   Expl. | BestBound       BestSol              Gap |   Cuts   InLp Confl. | LpIters     Time

    136370   10283     46355   0.60%   9.5             22                56.82%     2451    177   9086     4197k  1745.0s
    137487   10392     46851   0.60%   9.5             22                56.82%     1802    121   9933     4209k  1750.1s
    137886   10427     47034   0.60%   9.5             22                56.82%     1782    139   9572     4228k  1761.6s
    138731   10515     47403   0.61%   9.5             22                56.82%     2127    185   9608     4241k  1766.6s
    139400   10579     47702   0.61%   9.5             22                56.82%     2904    299   8729     4260k  1774.4s
    139802   10608     47889   0.61%   9.5             22                56.82%     3158    222   9217     4293k  1790.6s
    140472   10657     48196   0.61%   9.5             22                56.82%     1854    264   9032     4305k  1795.6s
    141316   10736     48571   0.61%   9.505037881     22                56.80%     2332    131   9140     4316k  1800.7s
    142386   10826     49050   0.61%   9.531189502     22                56.68%     1955    102   9968     4330k  1805.7s
    142923   10904     49279   0.61%   9.543702015     22                56.62%     2686    204   8929     4339k  1810.7s
    143126   10919     49372   0.61%   9.543702015     22                56.62%     2422    225   8855     4349k  1816.1s
    143526   10940     49560   0.61%   9.543702015     22                56.62%     2127    260   9844     4383k  1832.6s
    144440   11008     49976   0.61%   9.543702015     22                56.62%     2283     99   9772     4395k  1837.6s
    145419   11073     50412   0.61%   9.58573854      22                56.43%     2178    151   9576     4407k  1842.6s
    145873   11121     50611   0.61%   9.58573854      22                56.43%     4876    244   8397     4415k  1847.6s
    146579   11184     50925   0.61%   9.58573854      22                56.43%     4201    215   9609     4428k  1852.6s
    146970   11226     51100   0.61%   9.58573854      22                56.43%     1770    239   9037     4440k  1857.8s
    147276   11252     51236   0.61%   9.587472288     22                56.42%     2914    352   9294     4461k  1869.0s
    147779   11283     51467   0.61%   9.587472288     22                56.42%     3141    271   9822     4521k  1902.2s
    148283   11331     51694   0.62%   9.595959596     22                56.38%     3351    274   8839     4533k  1907.5s

        Nodes      |    B&B Tree     |            Objective Bounds              |  Dynamic Constraints |       Work      
Src  Proc. InQueue |  Leaves   Expl. | BestBound       BestSol              Gap |   Cuts   InLp Confl. | LpIters     Time

    148756   11359     51914   0.62%   9.595959596     22                56.38%     3311    269   9727     4545k  1912.5s
    149256   11399     52142   0.62%   9.595959596     22                56.38%     3865    241   9342     4559k  1917.5s
    149799   11449     52385   0.62%   9.6             22                56.36%     2145    263   8493     4570k  1922.7s
    150308   11479     52622   0.62%   9.6             22                56.36%     1936    280   8684     4586k  1927.8s
    150887   11518     52886   0.62%   9.6             22                56.36%     2098    224   9558     4602k  1933.3s
    151295   11557     53067   0.62%   9.619842671     22                56.27%     1875    194   9155     4677k  1987.0s
    152030   11621     53400   0.62%   9.619842671     22                56.27%     1798    240   9241     4689k  1992.0s
    152887   11688     53790   0.62%   9.624472574     22                56.25%     2503    143   8445     4702k  1997.0s
    153642   11741     54129   0.62%   9.666666667     22                56.06%     4210    299   9311     4717k  2002.1s
    154107   11789     54337   0.62%   9.666666667     22                56.06%     7334    326   9250     4729k  2007.3s
    154579   11830     54548   0.62%   9.684210526     22                55.98%     4119    203   9686     4741k  2012.3s
    155041   11862     54762   0.62%   9.684210526     22                55.98%     2573    272   9933     4756k  2017.3s
    155767   11933     55087   0.62%   9.714285714     22                55.84%     1869    184   9374     4768k  2022.3s
    156278   11981     55314   0.62%   9.742110358     22                55.72%     3877    264   9686     4779k  2027.4s
    156838   12016     55577   0.62%   9.742110358     22                55.72%     4458    214   9122     4790k  2032.4s
    157455   12073     55852   0.62%   9.742110358     22                55.72%     2803    291   9876     4802k  2037.4s
    157702   12104     55960   0.62%   9.742110358     22                55.72%     2893    287   9052     4813k  2042.6s
    158076   12119     56141   0.62%   9.746411483     22                55.70%     3022    358   9888     4825k  2047.7s
    158161   12123     56181   0.62%   9.746411483     22                55.70%     3011    290   9588     4833k  2052.7s
    158513   12150     56337   0.62%   9.746411483     22                55.70%     2858    188   9549     4882k  2076.3s

        Nodes      |    B&B Tree     |            Objective Bounds              |  Dynamic Constraints |       Work      
Src  Proc. InQueue |  Leaves   Expl. | BestBound       BestSol              Gap |   Cuts   InLp Confl. | LpIters     Time

    159218   12219     56654   0.62%   9.75            22                55.68%     2259    208   9417     4898k  2081.3s
    159911   12255     56982   0.62%   9.822601302     22                55.35%     1476    212   9942     4913k  2086.3s
    160647   12304     57316   0.62%   9.822601302     22                55.35%     3238    258   9030     4928k  2091.7s
    161104   12331     57530   0.63%   9.826086957     22                55.34%     4738    299   9297     4939k  2096.7s
    161880   12382     57884   0.63%   9.833333333     22                55.30%     3545    205   9203     4954k  2101.7s
    161994   12393     57928   0.63%   9.833333333     22                55.30%     2848    287   9876     4981k  2121.2s
    162749   12450     58266   0.63%   9.833333333     22                55.30%     3065    208   9547     4992k  2126.2s
    163571   12520     58637   0.63%   9.846341463     22                55.24%     2622    164   9723     5006k  2131.3s
    164404   12593     59014   0.63%   9.857142857     22                55.19%     3193    236   9903     5021k  2136.7s
    164838   12620     59215   0.63%   9.857142857     22                55.19%     3606    204   9990     5040k  2145.8s
    165850   12703     59672   0.63%   9.878787879     22                55.10%     2276    155   9453     5056k  2151.0s
    166155   12728     59809   0.63%   9.878787879     22                55.10%     2077    198   9480     5071k  2159.1s
    166758   12790     60079   0.63%   9.887640449     22                55.06%     3822    276   8955     5090k  2170.1s
    167462   12853     60395   0.63%   9.891873964     22                55.04%     3576    163   8911     5104k  2175.3s
    167561   12866     60438   0.63%   9.891873964     22                55.04%     3315    209   8845     5164k  2207.9s
    168652   12970     60927   0.63%   9.909090909     22                54.96%     2356    160   9569     5182k  2212.9s
    169337   13022     61232   0.64%   9.909090909     22                54.96%     4356    264   8927     5195k  2217.9s
    169888   13078     61479   0.64%   9.911312699     22                54.95%     3430    226   9303     5208k  2223.0s
    170500   13133     61754   0.64%   9.913043478     22                54.94%     4718    263   9691     5222k  2228.3s
    171056   13181     62003   0.65%   9.913043478     22                54.94%     3387    252   9904     5238k  2233.4s

        Nodes      |    B&B Tree     |            Objective Bounds              |  Dynamic Constraints |       Work      
Src  Proc. InQueue |  Leaves   Expl. | BestBound       BestSol              Gap |   Cuts   InLp Confl. | LpIters     Time

    171964   13277     62408   0.65%   9.918367347     22                54.92%     3803    224   9729     5255k  2238.7s
    172793   13336     62787   0.65%   9.94971515      22                54.77%     1621    139   8722     5268k  2243.7s
    173471   13384     63099   0.65%   9.95            22                54.77%     2709    263   9719     5282k  2249.3s
    173881   13406     63287   0.65%   9.95            22                54.77%     2697    261   9276     5294k  2254.7s
    173979   13415     63332   0.65%   9.95            22                54.77%     2215    295   9685     5303k  2259.8s
    174187   13430     63425   0.65%   9.95            22                54.77%     2683    312   8878     5359k  2287.5s
    174932   13479     63767   0.65%   9.952889953     22                54.76%     1832    237   9363     5374k  2292.5s
    175625   13533     64083   0.65%   9.964412811     22                54.71%     3976    201   9603     5387k  2297.5s
    176507   13609     64478   0.65%   9.964960136     22                54.70%     2394    236   9140     5402k  2302.7s
    177388   13680     64882   0.66%   9.97826087      22                54.64%     2216    179   9931     5415k  2307.7s
    178226   13762     65253   0.66%   9.97826087      22                54.64%     1182    202   9498     5429k  2312.8s
    179343   13886     65742   0.66%   10              22                54.55%     1367    247   9189     5442k  2317.8s
    180191   13952     66130   0.66%   10              22                54.55%     2528    205   8715     5458k  2323.0s
    180761   13996     66391   0.66%   10              22                54.55%     2714    242   7934     5470k  2328.0s
    181035   14022     66515   0.66%   10              22                54.55%     2512    127   9789     5478k  2333.0s
    181608   14093     66750   0.66%   10              22                54.55%     3356    222   9351     5621k  2439.5s
    182324   14139     67078   0.66%   10              22                54.55%     3127    219   9758     5634k  2444.6s
    182960   14174     67368   0.67%   10              22                54.55%     2561    196   9336     5647k  2449.7s
    183706   14234     67705   0.67%   10              22                54.55%     3816    250   9664     5659k  2454.7s
    184528   14313     68076   0.67%   10              22                54.55%     3450    167   8491     5671k  2459.7s

        Nodes      |    B&B Tree     |            Objective Bounds              |  Dynamic Constraints |       Work      
Src  Proc. InQueue |  Leaves   Expl. | BestBound       BestSol              Gap |   Cuts   InLp Confl. | LpIters     Time

    185072   14362     68315   0.67%   10              22                54.55%     2126    332   8909     5684k  2465.1s
    185384   14380     68461   0.67%   10              22                54.55%     4996    219   9576     5692k  2470.1s
    186287   14471     68865   0.67%   10              22                54.55%     4147    159   8977     5705k  2475.4s
    186886   14530     69138   0.67%   10              22                54.55%     1495    167   9822     5715k  2480.4s
    187585   14591     69448   0.68%   10              22                54.55%     1188    186   9224     5728k  2485.4s
    188539   14685     69874   0.68%   10              22                54.55%     1487    130   9005     5742k  2490.4s
    189630   14782     70366   0.68%   10              22                54.55%     1887    180   8334     5759k  2495.7s
    189929   14812     70498   0.69%   10              22                54.55%     2637    240   9250     5767k  2501.1s
    190126   14833     70587   0.69%   10              22                54.55%     2597    225   8921     5772k  2506.1s
    190522   14857     70770   0.69%   10              22                54.55%     2111    202   8444     5777k  2511.1s
    190748   14879     70867   0.69%   10              22                54.55%     1978    228   8628     5781k  2516.1s
    191075   14897     71013   0.69%   10              22                54.55%     3172    245   8828     5789k  2521.3s
    191840   14951     71354   0.69%   10              22                54.55%     1623    178   9295     5798k  2526.5s
    192491   15003     71646   0.69%   10              22                54.55%     1728    151   9937     5807k  2531.5s
    193199   15049     71973   0.69%   10              22                54.55%     1713    214   9134     5818k  2536.5s
    193881   15111     72281   0.70%   10              22                54.55%     1875    141   9172     5825k  2541.6s
    194155   15133     72407   0.70%   10              22                54.55%     1770    108   9332     5828k  2546.7s
    194424   15147     72528   0.70%   10              22                54.55%     2146    216   9569     5832k  2551.7s
    194786   15178     72690   0.70%   10              22                54.55%     1706    172   8990     5837k  2556.8s
    195375   15219     72952   0.70%   10              22                54.55%     1892    104   9412     5843k  2561.8s

        Nodes      |    B&B Tree     |            Objective Bounds              |  Dynamic Constraints |       Work      
Src  Proc. InQueue |  Leaves   Expl. | BestBound       BestSol              Gap |   Cuts   InLp Confl. | LpIters     Time

    195776   15261     73131   0.70%   10              22                54.55%     1467    164   9782     5848k  2566.9s
    196213   15280     73333   0.70%   10              22                54.55%     2263    162   9371     5855k  2572.5s
    196927   15343     73652   0.70%   10              22                54.55%     3787    243   9687     5865k  2577.5s
    197559   15390     73938   0.70%   10              22                54.55%     2018    195   8944     5876k  2582.5s
    198427   15452     74322   0.70%   10              22                54.55%     4279    265   9863     5888k  2587.8s
    198687   15467     74446   0.70%   10              22                54.55%     3969    169   9562     5895k  2592.8s
    198921   15485     74545   0.70%   10              22                54.55%     3481    215   9063     5905k  2600.6s
    199432   15523     74769   0.70%   10              22                54.55%     1477    227   9527     5921k  2614.9s
    199952   15551     75005   0.70%   10              22                54.55%     3012    242   9522     5930k  2619.9s
    200337   15583     75178   0.70%   10              22                54.55%     2255    173   8772     5962k  2653.4s
    201450   15643     75692   0.70%   10              22                54.55%     2594    222   9201     5978k  2658.6s
    202276   15710     76063   0.70%   10              22                54.55%     4032    206   8885     5991k  2663.6s
    202869   15750     76337   0.71%   10              22                54.55%     4002    293   9388     6004k  2668.6s
    203289   15784     76526   0.71%   10              22                54.55%     3092    209   9338     6050k  2707.0s
    204054   15830     76872   0.71%   10              22                54.55%     2496    236   9668     6062k  2712.0s
    205264   15945     77412   0.71%   10              22                54.55%     1512     73   9755     6074k  2717.0s
    205649   15972     77588   0.71%   10              22                54.55%     3240    286   9393     6086k  2722.1s
    206196   16013     77835   0.71%   10              22                54.55%     2605    250   9530     6100k  2727.1s
    206868   16082     78132   0.71%   10              22                54.55%     1999    180   9057     6115k  2732.1s
    207225   16122     78287   0.71%   10              22                54.55%     2812    221   9069     6166k  2770.0s

        Nodes      |    B&B Tree     |            Objective Bounds              |  Dynamic Constraints |       Work      
Src  Proc. InQueue |  Leaves   Expl. | BestBound       BestSol              Gap |   Cuts   InLp Confl. | LpIters     Time

    207888   16162     78586   0.71%   10              22                54.55%     1630    131   9424     6177k  2775.0s
    208916   16259     79051   0.72%   10              22                54.55%     1358    157   9257     6191k  2780.0s
    209535   16290     79335   0.72%   10              22                54.55%     2474    256   8717     6207k  2785.1s
    210378   16351     79721   0.72%   10              22                54.55%     2122    141   9117     6223k  2790.1s
    211024   16402     80009   0.72%   10              22                54.55%     5725    184   9337     6233k  2795.2s
    212033   16508     80460   0.72%   10              22                54.55%     2735    253   8422     6246k  2800.6s
    212232   16520     80553   0.72%   10              22                54.55%     2605    241   9228     6262k  2809.4s
    212874   16561     80846   0.72%   10              22                54.55%     2506    177   7161     6276k  2814.4s
    213068   16568     80935   0.72%   10              22                54.55%     2861    247   8562     6309k  2834.3s
    213561   16592     81161   0.72%   10              22                54.55%     2576    218   9243     6324k  2839.3s
    214185   16625     81448   0.72%   10              22                54.55%     2591    214   9542     6338k  2844.3s
    214773   16671     81713   0.72%   10              22                54.55%     2197    250   9273     6352k  2849.4s
    215679   16733     82121   0.73%   10              22                54.55%     1682    245   9500     6367k  2855.2s
    215782   16743     82166   0.73%   10              22                54.55%     1605    147   8593     6381k  2863.7s
    216532   16804     82510   0.73%   10              22                54.55%     2669    240   8642     6396k  2868.7s
    216989   16849     82710   0.73%   10              22                54.55%     3534    168   8958     6420k  2882.0s
    217874   16910     83109   0.73%   10              22                54.55%     1655    124   9172     6434k  2887.0s
    218480   16970     83381   0.73%   10              22                54.55%     2114    226   9394     6508k  2933.3s
    219395   17022     83793   0.74%   10              22                54.55%     1196    185   9408     6524k  2938.5s
    220226   17091     84169   0.74%   10              22                54.55%     1046    175   8656     6538k  2943.5s

        Nodes      |    B&B Tree     |            Objective Bounds              |  Dynamic Constraints |       Work      
Src  Proc. InQueue |  Leaves   Expl. | BestBound       BestSol              Gap |   Cuts   InLp Confl. | LpIters     Time

    221168   17171     84588   0.74%   10              22                54.55%     1467    156   9745     6553k  2948.5s
    222015   17257     84957   0.74%   10              22                54.55%     1665    226   9964     6566k  2953.7s
    222907   17306     85368   0.74%   10              22                54.55%     1920    179   9191     6580k  2958.7s
    223693   17359     85725   0.74%   10              22                54.55%     2459    206   8661     6594k  2964.1s
    224380   17400     86044   0.74%   10              22                54.55%     2686    180   8739     6605k  2969.2s
    225106   17439     86381   0.74%   10              22                54.55%     3271    256   9873     6620k  2974.2s
    225751   17471     86655   0.74%   10              22                54.55%     1625    180   8979     6631k  2979.2s
    226253   17500     86880   0.74%   10              22                54.55%     1701    141   9191     6644k  2987.3s
    226860   17532     87153   0.74%   10              22                54.55%     1849    238   8982     6658k  2992.7s
    227060   17542     87248   0.74%   10              22                54.55%     1694    193   9854     6678k  3003.4s
    227651   17570     87524   0.74%   10              22                54.55%     2524    224   9892     6688k  3008.4s
    228618   17642     87959   0.74%   10              22                54.55%     1299    133   9030     6701k  3013.4s
    229186   17683     88210   0.74%   10              22                54.55%     1876    194   9294     6720k  3024.3s
    230031   17744     88599   0.74%   10              22                54.55%     2235    172   9020     6734k  3029.3s
    230403   17771     88769   0.74%   10              22                54.55%     1905    117   8904     6743k  3034.7s
    231120   17815     89096   0.74%   10              22                54.55%      916    183   9239     6766k  3045.7s
    232531   17897     89724   0.75%   10              22                54.55%     2126    282   9732     6783k  3051.0s
    233134   17940     90001   0.75%   10              22                54.55%     1935    148   9541     6803k  3061.8s
    233762   17990     90287   0.75%   10              22                54.55%     1829    258   9239     6815k  3066.8s
    234346   18038     90548   0.75%   10              22                54.55%     1473    201   9255     6832k  3076.9s

        Nodes      |    B&B Tree     |            Objective Bounds              |  Dynamic Constraints |       Work      
Src  Proc. InQueue |  Leaves   Expl. | BestBound       BestSol              Gap |   Cuts   InLp Confl. | LpIters     Time

    235062   18087     90874   0.75%   10              22                54.55%     3161    270   9993     6853k  3088.3s
    235658   18114     91156   0.75%   10              22                54.55%     3452    206   9304     6869k  3093.3s
    235954   18137     91291   0.75%   10              22                54.55%     2885    277   9751     6882k  3098.3s
    236325   18159     91462   0.75%   10              22                54.55%     1918    205   9598     6923k  3116.8s
    237549   18233     92024   0.75%   10              22                54.55%     1869    178   9480     6941k  3121.8s
    238338   18284     92385   0.75%   10              22                54.55%     3163    237   9749     6957k  3127.0s
    239345   18380     92831   0.75%   10              22                54.55%     1803    131   8916     6972k  3132.1s
    240150   18434     93187   0.75%   10              22                54.55%     2525    207   8890     7009k  3149.3s
    240719   18472     93438   0.75%   10              22                54.55%     3341    172   9197     7021k  3154.6s
    241339   18524     93722   0.75%   10              22                54.55%     2609    268   8702     7033k  3159.6s
    242127   18572     94072   0.75%   10              22                54.55%     2814    166   9992     7048k  3164.6s
    242432   18593     94213   0.75%   10              22                54.55%     2694    223   9507     7063k  3173.6s
    243005   18622     94474   0.75%   10              22                54.55%     2932    218   9291     7073k  3178.6s
    243303   18643     94611   0.75%   10              22                54.55%     4034    253   8921     7084k  3186.1s
    243700   18679     94792   0.76%   10              22                54.55%     4739    349   9397     7113k  3204.2s
    244385   18742     95089   0.76%   10              22                54.55%     1881    221   9544     7125k  3209.3s
    245076   18777     95413   0.76%   10              22                54.55%     2043    220   9143     7141k  3214.3s
    245292   18793     95512   0.76%   10              22                54.55%     2123    246   9334     7189k  3243.5s
    245998   18853     95823   0.76%   10              22                54.55%     2029    227   9142     7202k  3248.6s
    246814   18919     96191   0.76%   10              22                54.55%     1761    193   9791     7213k  3253.8s

        Nodes      |    B&B Tree     |            Objective Bounds              |  Dynamic Constraints |       Work      
Src  Proc. InQueue |  Leaves   Expl. | BestBound       BestSol              Gap |   Cuts   InLp Confl. | LpIters     Time

    247417   18973     96463   0.76%   10              22                54.55%     1614    230   9258     7222k  3259.0s
    247985   19008     96728   0.76%   10              22                54.55%     1672    250   9938     7233k  3264.0s
    248518   19052     96970   0.76%   10              22                54.55%     1958    271   8829     7244k  3269.0s
    249072   19087     97223   0.76%   10              22                54.55%     2405    283   9604     7257k  3274.0s
    249651   19136     97484   0.76%   10              22                54.55%     2656    195   9175     7271k  3279.0s
    250060   19179     97665   0.76%   10              22                54.55%     2726    190   9857     7283k  3284.1s
    250478   19198     97850   0.76%   10              22                54.55%     1860    153   9196     7296k  3291.9s
    251380   19265     98242   0.76%   10.02377049     22                54.44%     2219    227   9061     7308k  3297.0s
    251737   19291     98411   0.76%   10.02667545     22                54.42%     2261    227   9196     7316k  3302.0s
    251972   19300     98520   0.76%   10.02667545     22                54.42%     1821    144   9007     7338k  3314.1s
    252894   19392     98923   0.76%   10.02667545     22                54.42%     1077    111   9187     7351k  3319.1s
    253889   19467     99375   0.76%   10.02667545     22                54.42%     1696    210   9269     7364k  3324.3s
    254088   19478     99467   0.76%   10.02667545     22                54.42%     1913    231   9108     7377k  3331.2s
    254754   19512     99773   0.76%   10.02667545     22                54.42%     1360    257   9635     7427k  3352.0s
    255538   19575    100114   0.76%   10.03052525     22                54.41%     1982    162   9759     7440k  3357.0s
    255961   19611    100304   0.76%   10.03052525     22                54.41%     3327    281   9760     7453k  3362.0s
    256441   19643    100523   0.76%   10.04347826     22                54.35%     2756    270   9864     7473k  3367.0s
    257257   19696    100896   0.76%   10.04347826     22                54.35%     1845    182   9417     7489k  3372.1s
    257644   19717    101075   0.76%   10.04347826     22                54.35%     2563    218   8666     7504k  3379.4s
    258450   19783    101431   0.76%   10.04347826     22                54.35%     2143    148   8109     7525k  3387.7s

        Nodes      |    B&B Tree     |            Objective Bounds              |  Dynamic Constraints |       Work      
Src  Proc. InQueue |  Leaves   Expl. | BestBound       BestSol              Gap |   Cuts   InLp Confl. | LpIters     Time

    259335   19837    101838   0.76%   10.04918033     22                54.32%     2759    194   9186     7542k  3392.7s
    259352   19841    101846   0.76%   10.04918033     22                54.32%     2953    221   9335     7551k  3398.4s
    259742   19861    102025   0.78%   10.04918033     22                54.32%     3908    351   8839     7564k  3403.4s
    260041   19887    102154   0.78%   10.05405405     22                54.30%     2285    184   8933     7590k  3420.7s
    260750   19952    102466   0.78%   10.05405405     22                54.30%     2195    253   8894     7602k  3426.1s
    261701   20018    102905   0.78%   10.07370333     22                54.21%     2077    179   9945     7617k  3431.1s
    262341   20072    103189   0.78%   10.08333333     22                54.17%     2572    207   9577     7629k  3436.4s
 L  262637   17950    103329   0.79%   10.08333333     20                49.58%     2716    289   9248     7637k  3450.7s
    263220   17979    103604   0.83%   10.08888889     20                49.56%     2065    231   9926     7663k  3455.7s
    263902   18023    103917   0.84%   10.11764706     20                49.41%     2300    144   9918     7674k  3460.7s
    263948   18026    103935   0.84%   10.11764706     20                49.41%     2370     82   9068     7680k  3465.9s
    264610   18055    104238   0.85%   10.11764706     20                49.41%     4734    232   9008     7690k  3470.9s
    264845   18061    104346   0.86%   10.11764706     20                49.41%     5115    217   8982     7725k  3493.5s
    265553   18089    104682   0.86%   10.11860224     20                49.41%     2638    272   9429     7738k  3498.5s
    266389   18133    105066   0.86%   10.11860224     20                49.41%     2749    179   9867     7750k  3503.5s
    267243   18158    105459   0.86%   10.11860224     20                49.41%     1741    110   9826     7762k  3508.5s
    267928   18209    105773   0.86%   10.11860224     20                49.41%     5416    257   9536     7775k  3514.0s
    268136   18219    105864   0.87%   10.11860224     20                49.41%     3084    182   8648     7858k  3554.9s
    268894   18234    106233   0.87%   10.11860224     20                49.41%     2520    244   9344     7874k  3559.9s
    269282   18244    106416   0.88%   10.11860224     20                49.41%     3795    392   8705     7888k  3564.9s

        Nodes      |    B&B Tree     |            Objective Bounds              |  Dynamic Constraints |       Work      
Src  Proc. InQueue |  Leaves   Expl. | BestBound       BestSol              Gap |   Cuts   InLp Confl. | LpIters     Time

    269859   18273    106684   0.88%   10.11860224     20                49.41%     3012    271   9942     7903k  3569.9s
    270635   18301    107053   0.88%   10.11860224     20                49.41%     3517    252   9793     7924k  3574.9s
    271582   18368    107490   0.88%   10.12039164     20                49.40%     2883    283   9509     7943k  3579.9s
    272358   18412    107845   0.88%   10.12039164     20                49.40%     2642    261   9363     7960k  3584.9s
    272950   18453    108121   0.89%   10.12039164     20                49.40%     2270    213   9170     7972k  3589.9s
    273741   18507    108474   0.89%   10.125          20                49.38%     2570    136   9428     7983k  3594.9s
    274639   18568    108890   0.90%   10.125          20                49.38%     1639    188   9014     7994k  3600.0s
    275017   18576    109073   0.91%   10.125          20                49.37%     2861    338   9064     8007k  3605.1s
    275321   18594    109213   0.91%   10.125          20                49.37%     2625    300   8795     8029k  3620.7s
    276094   18646    109556   0.92%   10.125          20                49.37%     1921    201   9798     8044k  3625.7s
    276541   18665    109767   0.92%   10.125          20                49.37%     2456    303   8096     8059k  3631.7s
    276807   18680    109893   0.93%   10.12658228     20                49.37%     4019    296   9902     8071k  3636.8s
    277020   18691    109990   0.93%   10.12658228     20                49.37%     3698    313   9910     8091k  3648.8s
    278057   18737    110469   0.93%   10.14096231     20                49.30%     1318    162   8648     8118k  3661.5s
    278638   18774    110737   0.94%   10.14096231     20                49.30%     3930    304   9933     8134k  3666.5s
    278861   18789    110840   0.95%   10.14096231     20                49.30%     4313    332   8414     8156k  3676.0s
    279301   18796    111043   0.96%   10.15751929     20                49.21%     2149    290   9532     8171k  3681.0s
    279443   18803    111111   0.96%   10.15751929     20                49.21%     1670    129   9012     8178k  3686.3s
    279949   18833    111340   0.98%   10.16675749     20                49.17%     1718    186   8969     8190k  3691.6s
    280149   18851    111431   0.98%   10.16675749     20                49.17%     1784    137   9708     8208k  3704.4s

        Nodes      |    B&B Tree     |            Objective Bounds              |  Dynamic Constraints |       Work      
Src  Proc. InQueue |  Leaves   Expl. | BestBound       BestSol              Gap |   Cuts   InLp Confl. | LpIters     Time

    280950   18902    111800   1.00%   10.17283951     20                49.14%     1700    254   8190     8223k  3709.4s
    281419   18951    112012   1.00%   10.17283951     20                49.14%     2024    268   8842     8246k  3717.4s
    281811   18963    112198   1.00%   10.17391304     20                49.13%     2832    308   9213     8263k  3722.4s
    281927   18971    112248   1.00%   10.17391304     20                49.13%     2735    302   8053     8274k  3727.5s
    282433   19002    112484   1.00%   10.17955801     20                49.10%     3060    207   9356     8298k  3740.9s
    283451   19059    112942   1.01%   10.18006397     20                49.10%     1369    180   8524     8312k  3745.9s
    283936   19091    113168   1.02%   10.18006397     20                49.10%     1796    163   8743     8328k  3754.0s
    284300   19115    113333   1.02%   10.18006397     20                49.10%     3043    261   9951     8340k  3761.9s
    284601   19131    113476   1.02%   10.19601329     20                49.02%     2028    242   8532     8352k  3767.8s
    284904   19147    113617   1.02%   10.19601329     20                49.02%     1578    118   9773     8540k  3883.3s
    286037   19221    114128   1.03%   10.2            20                49.00%     2214    204   9967     8553k  3888.5s
    286934   19270    114532   1.04%   10.2            20                49.00%     1919    194   9187     8567k  3893.5s
    287858   19323    114960   1.04%   10.2            20                49.00%     1651    204   9484     8584k  3898.6s
    288528   19351    115273   1.04%   10.2            20                49.00%     1555    197   9952     8598k  3903.6s
    289352   19396    115658   1.04%   10.2            20                49.00%     2056    178   8539     8613k  3908.8s
    290001   19430    115960   1.04%   10.2            20                49.00%     1658    208   9121     8631k  3913.8s
    290665   19459    116269   1.04%   10.2            20                49.00%     1776    206   8854     8645k  3918.8s
    291488   19513    116643   1.05%   10.2            20                49.00%     1817    207   9352     8658k  3923.8s
    292326   19548    117036   1.05%   10.2            20                49.00%     2167    131   9854     8670k  3928.8s
    293115   19576    117399   1.05%   10.2            20                49.00%     1896    142   9977     8683k  3933.8s

        Nodes      |    B&B Tree     |            Objective Bounds              |  Dynamic Constraints |       Work      
Src  Proc. InQueue |  Leaves   Expl. | BestBound       BestSol              Gap |   Cuts   InLp Confl. | LpIters     Time

    293915   19609    117780   1.06%   10.22222222     20                48.89%     2848    188   9499     8697k  3938.8s
    294679   19649    118127   1.07%   10.22527945     20                48.87%     2728    141   9766     8709k  3943.8s
    295338   19706    118422   1.07%   10.22527945     20                48.87%     3523    252   8906     8722k  3949.0s
    296079   19762    118763   1.07%   10.23906214     20                48.80%     2340    277   8407     8737k  3954.0s
    296750   19800    119070   1.09%   10.23923445     20                48.80%     2544    264   8797     8753k  3959.2s
    297354   19838    119348   1.09%   10.25           20                48.75%     3117    225   8388     8767k  3964.4s
    298064   19876    119681   1.09%   10.25           20                48.75%     1874    219   9205     8783k  3969.5s
    299009   19928    120121   1.10%   10.25           20                48.75%     1778    181   9808     8801k  3974.5s
    300106   20000    120629   1.10%   10.25091573     20                48.75%     3273    261   8999     8820k  3979.8s
    300779   20028    120945   1.11%   10.25553528     20                48.72%     2910    269   8856     8837k  3984.8s
    301902   20083    121461   1.11%   10.25553528     20                48.72%     2966    163   9972     8854k  3989.8s
    303147   20146    122036   1.11%   10.25553528     20                48.72%     1588    213   9659     8873k  3994.9s
    304155   20209    122506   1.12%   10.25553528     20                48.72%     1981    281   8312     8896k  4000.0s
    304884   20244    122852   1.12%   10.25553528     20                48.72%     2018    262   8898     8918k  4005.0s
    305001   20248    122901   1.12%   10.25553528     20                48.72%     1766    172   8378     9175k  4112.7s
    305599   20274    123188   1.12%   10.25553528     20                48.72%     6247    349   8862     9197k  4117.9s
    306489   20320    123597   1.13%   10.25553528     20                48.72%     2251    203   9906     9218k  4122.9s
    307516   20362    124078   1.13%   10.26129032     20                48.69%     1338    252   9652     9237k  4128.0s
    308642   20436    124593   1.13%   10.26666667     20                48.67%     1663    222   9763     9260k  4133.0s
    309932   20519    125188   1.14%   10.27433628     20                48.63%     1401    236   9281     9285k  4138.0s

        Nodes      |    B&B Tree     |            Objective Bounds              |  Dynamic Constraints |       Work      
Src  Proc. InQueue |  Leaves   Expl. | BestBound       BestSol              Gap |   Cuts   InLp Confl. | LpIters     Time

    310801   20549    125605   1.16%   10.27692308     20                48.62%     2385    228   9580     9309k  4143.0s
    312191   20631    126230   1.17%   10.27692308     20                48.62%     3412    259   8448     9329k  4148.0s
    313800   20715    126971   1.18%   10.27868852     20                48.61%     1783    191   9721     9354k  4153.3s
    315261   20816    127643   1.20%   10.28571429     20                48.57%     1858    211   8437     9378k  4158.3s
    316283   20850    128122   1.21%   10.28571429     20                48.57%     2186    212   9891     9401k  4163.3s
    317537   20909    128704   1.21%   10.28856664     20                48.56%     3854    251   9378     9421k  4168.3s
    318289   20933    129066   1.23%   10.28856664     20                48.56%     4271    305   9377     9442k  4173.3s
    319608   20994    129677   1.26%   10.28856664     20                48.56%     1907    196   9369     9467k  4178.3s
    320567   21057    130120   1.26%   10.28856664     20                48.56%     2279    281   8691     9487k  4183.5s
    321520   21095    130575   1.26%   10.28856664     20                48.56%     2738    196   9798     9512k  4188.5s
    322753   21147    131153   1.27%   10.29411765     20                48.53%     3347    232   8926     9539k  4194.0s
    323792   21203    131640   1.28%   10.29877369     20                48.51%     3229    269   9724     9565k  4199.0s
    324676   21256    132053   1.28%   10.3            20                48.50%     4394    328   9695     9590k  4204.0s
    326022   21311    132682   1.29%   10.3            20                48.50%     1232    192   9768     9619k  4209.0s
    327682   21402    133453   1.29%   10.31174089     20                48.44%     2541    245   9718     9647k  4214.0s
    328987   21471    134057   1.30%   10.33333333     20                48.33%     2906    184   9383     9678k  4219.2s
    329365   21488    134236   1.30%   10.33333333     20                48.33%     4565    312   9082     9697k  4224.5s
    330104   21504    134595   1.30%   10.33333333     20                48.33%     2808    271   9728     9720k  4229.5s
    330320   21521    134691   1.31%   10.33333333     20                48.33%     2251    293   9546     9793k  4248.9s
    331280   21559    135148   1.31%   10.33333333     20                48.33%     1676    200   9976     9818k  4253.9s

        Nodes      |    B&B Tree     |            Objective Bounds              |  Dynamic Constraints |       Work      
Src  Proc. InQueue |  Leaves   Expl. | BestBound       BestSol              Gap |   Cuts   InLp Confl. | LpIters     Time

    332911   21627    135904   1.32%   10.35416667     20                48.23%     2374    295   8693     9842k  4259.5s
    334324   21708    136562   1.34%   10.35416667     20                48.23%     1619    188   8586     9867k  4264.5s
    335635   21776    137162   1.35%   10.375          20                48.12%     3424    216   8731     9888k  4269.5s
    336724   21825    137671   1.36%   10.38095238     20                48.10%     1587    200   9692     9913k  4276.2s
    336923   21831    137764   1.37%   10.38095238     20                48.10%     1628    296   8798     9936k  4282.8s
    337844   21886    138190   1.40%   10.38095238     20                48.10%     3541    236   9897     9965k  4287.8s
    338377   21911    138437   1.41%   10.38392857     20                48.08%     2372    124   8610     9985k  4292.8s
    339082   21962    138754   1.43%   10.38392857     20                48.08%     2627    213   9730    10005k  4298.3s
    339481   21986    138943   1.43%   10.4            20                48.00%     2641    301   9604    10033k  4304.1s
    339623   21989    139010   1.43%   10.4            20                48.00%     2391    180   9723    10046k  4309.1s
    340781   22050    139547   1.43%   10.4            20                48.00%     2544    204   9443    10070k  4314.6s
    341413   22080    139844   1.44%   10.4            20                48.00%     2063    179   9823    10099k  4322.9s
    342991   22158    140578   1.44%   10.4            20                48.00%     2332    218   9936    10131k  4329.1s
    343495   22190    140813   1.44%   10.4            20                48.00%     2252    172   8425    10147k  4334.4s
    344534   22249    141275   1.44%   10.4            20                48.00%     1782    134   9263    10193k  4348.3s
    346026   22330    141970   1.47%   10.40217391     20                47.99%     2120    231   8530    10220k  4353.3s
    347618   22430    142707   1.48%   10.40466926     20                47.98%     1584    204   9838    10246k  4358.3s
    348222   22457    142985   1.48%   10.40466926     20                47.98%     1660    199   9831    10264k  4364.5s
    349317   22523    143497   1.49%   10.40909091     20                47.95%     2922    240   9377    10286k  4369.5s
    349500   22531    143582   1.49%   10.40909091     20                47.95%     2883    204   9396    10392k  4408.5s

        Nodes      |    B&B Tree     |            Objective Bounds              |  Dynamic Constraints |       Work      
Src  Proc. InQueue |  Leaves   Expl. | BestBound       BestSol              Gap |   Cuts   InLp Confl. | LpIters     Time

    351087   22602    144317   1.50%   10.4137931      20                47.93%     1921    143   8484    10416k  4413.5s
    352274   22663    144868   1.50%   10.41581968     20                47.92%     3677    271   9326    10440k  4418.5s
    353453   22751    145405   1.50%   10.41666667     20                47.92%     1540    259   8746    10471k  4423.7s
    354329   22793    145814   1.50%   10.41666667     20                47.92%     1550    313   8946    10498k  4428.7s
    355355   22838    146294   1.51%   10.41666667     20                47.92%     2348    159   9084    10523k  4433.7s
    356850   22885    146992   1.51%   10.42857143     20                47.86%     2045    167   9785    10548k  4438.7s
    358103   22939    147580   1.52%   10.43539147     20                47.82%     2728    226   8720    10574k  4443.8s
    359095   22978    148054   1.53%   10.44412607     20                47.78%     2403    279   9094    10600k  4449.6s
    359472   23004    148223   1.53%   10.44444444     20                47.78%     2091    181   8667    10624k  4455.3s
    361038   23061    148953   1.53%   10.45           20                47.75%     1779    150   8939    10653k  4460.3s
    361951   23095    149381   1.53%   10.45454545     20                47.73%     2330    171   9449    10677k  4466.7s
    362793   23137    149768   1.56%   10.46008009     20                47.70%     3089    158   9424    10705k  4474.5s
    363907   23185    150297   1.57%   10.47711943     20                47.61%     4134    277   8534    10750k  4487.0s
    365151   23238    150879   1.57%   10.48831054     20                47.56%     2143    242   8626    10775k  4492.3s
    365996   23269    151276   1.58%   10.5            20                47.50%     1867    169   8645    10799k  4497.3s
    366676   23316    151583   1.58%   10.5            20                47.50%     2573    223   9648    10817k  4503.1s
    367473   23359    151953   1.59%   10.5            20                47.50%     2827    211   8959    10836k  4508.3s
    368187   23407    152283   1.59%   10.5            20                47.50%     1685    170   9547    10856k  4513.6s
    368295   23410    152335   1.59%   10.5            20                47.50%     1879    152   9854    10871k  4518.7s
    369730   23495    153000   1.60%   10.5            20                47.50%     1478    181   8990    10899k  4524.9s

        Nodes      |    B&B Tree     |            Objective Bounds              |  Dynamic Constraints |       Work      
Src  Proc. InQueue |  Leaves   Expl. | BestBound       BestSol              Gap |   Cuts   InLp Confl. | LpIters     Time

    370832   23562    153515   1.62%   10.5            20                47.50%     1750    254   9899    10919k  4530.2s
    371453   23592    153807   1.63%   10.5            20                47.50%     2094    103   9915    10937k  4535.2s
    371571   23593    153862   1.67%   10.5            20                47.50%     2238    220   9494    10954k  4540.6s
    372824   23649    154449   1.68%   10.5            20                47.50%     2200    157   9611    10974k  4545.6s
    373160   23667    154600   1.69%   10.5            20                47.50%     2114    161   8951    10990k  4551.6s
    374437   23725    155206   1.69%   10.5            20                47.50%     1649    182  10009    11012k  4556.6s
    375160   23769    155541   1.69%   10.5            20                47.50%     2131    217   9114    11038k  4565.1s
    375977   23819    155917   1.69%   10.5            20                47.50%     2780    224   9057    11069k  4571.9s
    376730   23847    156275   1.71%   10.5            20                47.50%     2676    227   8327    11098k  4579.4s
    377435   23882    156604   1.71%   10.5            20                47.50%     2349    248   8337    11124k  4584.7s
    378038   23923    156884   1.71%   10.5            20                47.50%     1948    261   8768    11156k  4591.5s
    378607   23954    157148   1.74%   10.5            20                47.50%     1738    233   8796    11182k  4598.3s
    380142   24017    157871   1.76%   10.5            20                47.50%     2129    129   9583    11211k  4603.3s
    380969   24074    158251   1.76%   10.5            20                47.50%     1902    204   9451    11276k  4620.5s
    382381   24124    158915   1.76%   10.5            20                47.50%     2610    245   9053    11303k  4625.5s
    383861   24181    159612   1.76%   10.5            20                47.50%     2701    210   9183    11330k  4630.5s
    384895   24241    160094   1.77%   10.5            20                47.50%     2771    285   9766    11350k  4635.5s
    385766   24276    160505   1.77%   10.5            20                47.50%     1618    155   9518    11371k  4640.5s
    385946   24286    160591   1.77%   10.5            20                47.50%     1526    134   9787    11388k  4647.2s
    386808   24331    160996   1.77%   10.5            20                47.50%     2878    205   8849    11411k  4652.3s

        Nodes      |    B&B Tree     |            Objective Bounds              |  Dynamic Constraints |       Work      
Src  Proc. InQueue |  Leaves   Expl. | BestBound       BestSol              Gap |   Cuts   InLp Confl. | LpIters     Time

    387277   24353    161221   1.78%   10.5            20                47.50%     3999    227   9662    11432k  4658.5s
    387795   24389    161459   1.79%   10.5            20                47.50%     1922    183   8923    11451k  4664.1s
    387947   24398    161530   1.79%   10.5            20                47.50%     2333    219   9727    11470k  4671.1s
    388914   24442    161987   1.79%   10.52173913     20                47.39%     3359    276   9978    11491k  4676.1s
    389340   24466    162188   1.79%   10.52173913     20                47.39%     2796    322   9618    11528k  4688.7s
    390578   24532    162760   1.82%   10.52293578     20                47.39%     1865    215   9249    11551k  4693.7s
    391674   24589    163270   1.84%   10.53333333     20                47.33%     2992    223   8880    11575k  4698.7s
    391993   24598    163423   1.85%   10.53333333     20                47.33%     2464    257   9269    11598k  4706.4s
    392952   24650    163864   1.87%   10.54347826     20                47.28%     3032    259   9965    11619k  4711.4s
    393380   24675    164063   1.88%   10.54347826     20                47.28%     3467    286   8668    11642k  4718.7s
    394570   24730    164626   1.89%   10.55           20                47.25%     3340    191   9497    11671k  4723.7s
    395342   24777    164964   1.90%   10.55555556     20                47.22%     3201    199   9617    11694k  4728.7s
    395747   24791    165157   1.90%   10.55555556     20                47.22%     2560    245   9473    11715k  4734.3s
    396737   24851    165612   1.92%   10.55663128     20                47.22%     2393    250   8698    11772k  4749.7s
    398190   24935    166292   1.93%   10.55687974     20                47.22%     1752    198   9115    11803k  4754.7s
    399364   24999    166835   1.93%   10.57180218     20                47.14%     2546    305   9204    11837k  4759.7s
    399706   25014    166994   1.94%   10.58823529     20                47.06%     3179    275   9749    11857k  4764.7s
    400322   25040    167280   1.94%   10.58823529     20                47.06%     3511    249   9427    11887k  4773.5s
    401768   25135    167947   1.95%   10.59080384     20                47.05%     5031    254   9468    11911k  4778.8s
    402309   25152    168207   1.97%   10.59090909     20                47.05%     3163    249   9583    11930k  4783.9s

        Nodes      |    B&B Tree     |            Objective Bounds              |  Dynamic Constraints |       Work      
Src  Proc. InQueue |  Leaves   Expl. | BestBound       BestSol              Gap |   Cuts   InLp Confl. | LpIters     Time

    402630   25162    168360   1.99%   10.59259259     20                47.04%     4480    201   9319    11945k  4789.3s
    403092   25178    168578   1.99%   10.59259259     20                47.04%     2284    173   8629    11969k  4796.7s
    404296   25247    169144   2.01%   10.59429101     20                47.03%     3484    272   8798    11996k  4802.0s
    404924   25282    169432   2.01%   10.6            20                47.00%     6547    145   8528    12017k  4807.4s
    405066   25288    169499   2.01%   10.6            20                47.00%     3031    189   9678    12053k  4816.9s
    406281   25339    170075   2.06%   10.6            20                47.00%     3882    283   8579    12078k  4822.0s
    407382   25382    170591   2.06%   10.6            20                47.00%     1818    189   9424    12104k  4827.0s
    408202   25435    170964   2.06%   10.60066007     20                47.00%     2593    246   9748    12125k  4832.0s
    408735   25465    171211   2.06%   10.60597067     20                46.97%     3185    309   9424    12147k  4838.1s
    409503   25513    171559   2.06%   10.60597067     20                46.97%     2895    294   9270    12207k  4851.4s
    410731   25561    172142   2.08%   10.60916154     20                46.95%     2238    147   9198    12237k  4856.4s
    411922   25621    172693   2.15%   10.61623564     20                46.92%     3620    269   9109    12264k  4861.4s
    412754   25649    173081   2.17%   10.625          20                46.87%     1746    152   9844    12286k  4866.8s
    413661   25708    173498   2.18%   10.625          20                46.87%     2505    266   9070    12326k  4876.5s
    414780   25764    174027   2.18%   10.62828947     20                46.86%     2601    248   9752    12353k  4881.6s
    415593   25798    174412   2.19%   10.63888889     20                46.81%     2623    232   8645    12380k  4886.7s
    416290   25831    174738   2.21%   10.63903501     20                46.80%     5146    282   9382    12406k  4891.9s
    416624   25842    174898   2.23%   10.63903501     20                46.80%     3551    313   9967    12429k  4897.5s
    417738   25895    175420   2.24%   10.64           20                46.80%     1948    167   9885    12463k  4906.6s
    418981   25949    176004   2.25%   10.64244086     20                46.79%     3369    283   7848    12489k  4911.6s

        Nodes      |    B&B Tree     |            Objective Bounds              |  Dynamic Constraints |       Work      
Src  Proc. InQueue |  Leaves   Expl. | BestBound       BestSol              Gap |   Cuts   InLp Confl. | LpIters     Time

    419153   25958    176086   2.25%   10.64244086     20                46.79%     3425    272   9952    12506k  4916.9s
    420059   26011    176506   2.26%   10.64324324     20                46.78%     2706    263   9231    12583k  4935.1s
    421247   26060    177065   2.26%   10.65789474     20                46.71%     2355    261   9647    12607k  4940.1s
    422347   26136    177575   2.27%   10.66666667     20                46.67%     3824    269   9929    12632k  4945.3s
    423340   26169    178043   2.29%   10.66666667     20                46.67%     2566    244   9989    12655k  4950.3s
    424382   26212    178537   2.30%   10.66666667     20                46.67%     3363    276   8593    12679k  4955.3s
    424938   26238    178797   2.30%   10.66666667     20                46.67%     2282    210   9688    12725k  4968.9s
    426058   26286    179323   2.31%   10.66666667     20                46.67%     2193    173   8593    12749k  4973.9s
    428082   26354    180282   2.31%   10.66666667     20                46.67%     1477    188   9274    12773k  4978.9s
    428949   26401    180680   2.32%   10.66666667     20                46.67%     1994    202   8713    12806k  4987.7s
    430163   26452    181246   2.32%   10.6735905      20                46.63%     1809    100   8655    12831k  4992.7s
    430758   26489    181517   2.32%   10.67680608     20                46.62%     4610    273   9576    12855k  4999.4s
    431986   26557    182093   2.33%   10.6835443      20                46.58%     1927    149   8843    12940k  5026.6s
    433610   26621    182854   2.34%   10.7            20                46.50%     1734    189   9857    12964k  5031.6s
    434755   26683    183382   2.34%   10.70344828     20                46.48%     2040    237   9966    12992k  5036.6s
    435779   26757    183851   2.35%   10.7037037      20                46.48%     5069    347   8807    13031k  5041.7s
    436833   26809    184348   2.36%   10.70764955     20                46.46%     2250    193   9230    13058k  5046.7s
    437613   26843    184716   2.38%   10.71111111     20                46.44%     1774    253   8655    13078k  5051.7s
    438228   26881    184998   2.39%   10.71270934     20                46.44%     1463    173   8785    13099k  5056.7s
    439476   26947    185579   2.39%   10.71428571     20                46.43%     2766    284   9316    13125k  5062.8s

        Nodes      |    B&B Tree     |            Objective Bounds              |  Dynamic Constraints |       Work      
Src  Proc. InQueue |  Leaves   Expl. | BestBound       BestSol              Gap |   Cuts   InLp Confl. | LpIters     Time

    440165   26984    185902   2.39%   10.71428571     20                46.43%     2978    225   9281    13148k  5067.8s
    440557   27003    186084   2.39%   10.71428571     20                46.43%     2070    199   9493    13168k  5072.8s
    441242   27037    186403   2.39%   10.72523962     20                46.37%     2382    240   8373    13196k  5078.8s
    442086   27076    186798   2.53%   10.72652219     20                46.37%     7554    306   9636    13218k  5083.8s
    442264   27084    186879   2.55%   10.72652219     20                46.37%     8257    301   8916    13265k  5098.8s
    443400   27125    187422   2.55%   10.73686934     20                46.32%     2793    193   9627    13290k  5103.8s
    444754   27200    188054   2.55%   10.73913043     20                46.30%     2128    208   9487    13317k  5108.8s
    445709   27256    188498   2.56%   10.74358364     20                46.28%     2398    194   9578    13342k  5114.4s
    446718   27317    188962   2.57%   10.75           20                46.25%     2523    250   9385    13368k  5119.6s
    447010   27325    189104   2.58%   10.75           20                46.25%     3943    316   8751    13410k  5129.7s
    449163   27405    190105   2.58%   10.75           20                46.25%     1901    160   9518    13437k  5134.7s
    450451   27476    190707   2.59%   10.75           20                46.25%     3323    198   9967    13463k  5139.7s
    450469   27479    190714   2.59%   10.75           20                46.25%     3202    210   8911    13484k  5146.6s
    451886   27528    191378   2.59%   10.75079049     20                46.25%     1969    192   9212    13510k  5151.6s
    452503   27564    191667   2.59%   10.75079049     20                46.25%     1314     90   9787    13551k  5162.4s
    454290   27653    192501   2.60%   10.75079049     20                46.25%     2627    199   9946    13578k  5167.4s
    455183   27701    192914   2.61%   10.75079049     20                46.25%     3080    155   9060    13636k  5183.3s
    456572   27762    193570   2.62%   10.75788674     20                46.21%     4605    220   9951    13662k  5188.3s
    457762   27824    194126   2.63%   10.76086957     20                46.20%     3328    172   7832    13687k  5193.4s
    458781   27868    194599   2.64%   10.76086957     20                46.20%     2314    229   9539    13709k  5198.4s

        Nodes      |    B&B Tree     |            Objective Bounds              |  Dynamic Constraints |       Work      
Src  Proc. InQueue |  Leaves   Expl. | BestBound       BestSol              Gap |   Cuts   InLp Confl. | LpIters     Time

    459655   27911    195007   2.64%   10.76135721     20                46.19%     1863    169   9807    13836k  5233.7s
    460858   27985    195563   2.64%   10.7625         20                46.19%     3766    235   8318    13865k  5238.7s
    462181   28072    196174   2.67%   10.76843823     20                46.16%     3170    229   9227    13899k  5243.7s
    463419   28147    196746   2.68%   10.77142857     20                46.14%     2372    229   8772    13933k  5248.7s
    464828   28191    197419   2.70%   10.77319588     20                46.13%     4076    303   8700    13961k  5253.8s
    465946   28253    197933   2.70%   10.77777778     20                46.11%     3450    223   8266    13987k  5258.8s
    467010   28274    198435   2.71%   10.77777778     20                46.11%     5617    289   9031    14014k  5263.8s
    468377   28342    199077   2.71%   10.78339554     20                46.08%     2717    252   9896    14041k  5269.0s
    468610   28353    199189   2.72%   10.78987899     20                46.05%     2787    316   9938    14059k  5274.2s
    469249   28382    199487   2.83%   10.79474453     20                46.03%     3601    284   9409    14080k  5279.2s
    469317   28386    199518   2.83%   10.79474453     20                46.03%     3458    207   9075    14104k  5287.6s
    470092   28426    199886   2.83%   10.79569892     20                46.02%     3152    326   9851    14130k  5292.6s
    471167   28460    200384   2.84%   10.8            20                46.00%     2103    250   9378    14157k  5298.2s
HighsMipSolverData::transformNewIntegerFeasibleSolution tmpSolver.run();
    471373   28475    200477   2.84%   10.8            20                46.00%     2036    292   9364    14192k  5310.8s
    472509   28521    201012   2.84%   10.8            20                46.00%     2494    243   9520    14217k  5315.8s
    473357   28566    201406   2.84%   10.8            20                46.00%     3236    316   8829    14256k  5324.9s
    474421   28617    201897   2.85%   10.8            20                46.00%     2641    199   9099    14283k  5329.9s
    475105   28640    202217   2.85%   10.80062004     20                46.00%     2541    198   9806    14304k  5334.9s
    475628   28671    202461   2.89%   10.80889621     20                45.96%     3506    321   8831    14325k  5340.5s
    476582   28722    202903   2.89%   10.80889621     20                45.96%     2691    256   7964    14431k  5371.2s

        Nodes      |    B&B Tree     |            Objective Bounds              |  Dynamic Constraints |       Work      
Src  Proc. InQueue |  Leaves   Expl. | BestBound       BestSol              Gap |   Cuts   InLp Confl. | LpIters     Time

    478247   28769    203671   2.89%   10.81345063     20                45.93%     2892    140   9459    14462k  5376.4s
    479693   28829    204351   2.90%   10.83168317     20                45.84%     2487    190   9433    14488k  5381.5s
    481249   28890    205080   2.90%   10.83333333     20                45.83%     2166    204   9819    14516k  5386.5s
    482727   28962    205770   2.92%   10.83870968     20                45.81%     1672    186   9851    14545k  5391.5s
    484340   29047    206520   2.92%   10.84216384     20                45.79%     2142    262   9623    14576k  5396.7s
    484761   29063    206718   2.94%   10.84216384     20                45.79%     2460    168   9872    14606k  5404.7s
    485721   29115    207166   2.94%   10.84444444     20                45.78%     4748    248   9497    14635k  5409.7s
    485866   29125    207230   2.94%   10.84444444     20                45.78%     6250    361   9511    14655k  5415.7s
    486747   29167    207640   2.95%   10.8452381      20                45.77%     2555    251   9637    14679k  5420.7s
    487261   29196    207880   2.95%   10.85022026     20                45.75%     3665    198   9504    14697k  5425.7s
    487428   29205    207955   2.95%   10.85022026     20                45.75%     4615    259   8829    14715k  5431.4s
    488146   29237    208294   2.96%   10.85714286     20                45.71%     2426    239   9324    14742k  5437.5s
    488597   29251    208505   2.96%   10.85714286     20                45.71%     2720    329   9250    14760k  5442.5s
    489275   29282    208819   2.97%   10.85714286     20                45.71%     1845    197   9778    14854k  5470.2s
    490333   29329    209315   2.99%   10.85714286     20                45.71%     3390    324   8045    14880k  5475.2s
    491318   29363    209785   3.00%   10.85714286     20                45.71%     2165    228   9945    14904k  5480.2s
    492566   29420    210369   3.01%   10.85929732     20                45.70%     2454    188   8982    14928k  5485.2s
    494259   29491    211168   3.02%   10.86032022     20                45.70%     1649    146   8910    14954k  5490.3s
    495484   29554    211740   3.02%   10.86032022     20                45.70%     2711    238   8421    14983k  5495.4s
    496592   29586    212256   3.03%   10.86032022     20                45.70%     3960    238   9554    15010k  5500.4s

        Nodes      |    B&B Tree     |            Objective Bounds              |  Dynamic Constraints |       Work      
Src  Proc. InQueue |  Leaves   Expl. | BestBound       BestSol              Gap |   Cuts   InLp Confl. | LpIters     Time

    496670   29596    212292   3.03%   10.86032022     20                45.70%     3576    236   8866    15040k  5507.5s
    498194   29670    212999   3.04%   10.86666667     20                45.67%     1911    241   9676    15071k  5512.6s
    499886   29738    213797   3.04%   10.875          20                45.62%     1720    109   8738    15103k  5517.6s
    500656   29768    214157   3.04%   10.875          20                45.62%     3030    234   9684    15125k  5522.6s
    501130   29802    214375   3.04%   10.87563025     20                45.62%     2205    262   9069    15149k  5527.6s
    501562   29828    214575   3.05%   10.88           20                45.60%     2085    217   9967    15189k  5537.8s
    503221   29903    215351   3.06%   10.88768564     20                45.56%     1713    165   8227    15218k  5542.8s
    504458   29963    215933   3.08%   10.888          20                45.56%     4196    202   8631    15247k  5547.8s
    504582   29973    215990   3.08%   10.888          20                45.56%     3950    236   9127    15268k  5554.3s
    505636   30022    216488   3.08%   10.89307723     20                45.53%     3454    305   9860    15297k  5559.3s
    505933   30045    216624   3.09%   10.89307723     20                45.53%     4423    256   8695    15314k  5564.3s
    506959   30093    217103   3.10%   10.89795918     20                45.51%     1919    217   9987    15366k  5579.6s
    507660   30120    217440   3.12%   10.9            20                45.50%     2952    304   9542    15391k  5584.7s
    509244   30178    218187   3.12%   10.90163934     20                45.49%     2538    209   9070    15417k  5589.9s
    510582   30233    218809   3.12%   10.90293761     20                45.49%     1243    119   8791    15439k  5594.9s
    511362   30270    219168   3.12%   10.91304348     20                45.43%     2437    160   9466    15457k  5599.9s
    512081   30309    219496   3.13%   10.91304348     20                45.43%     2104    142   9559    15473k  5604.9s
    512441   30328    219664   3.13%   10.91428571     20                45.43%     2007    295   8897    15501k  5611.9s
    513491   30362    220163   3.14%   10.91666667     20                45.42%     1837     89   8698    15528k  5617.6s
    513797   30371    220303   3.14%   10.91666667     20                45.42%     2286    240   9368    15558k  5626.2s

        Nodes      |    B&B Tree     |            Objective Bounds              |  Dynamic Constraints |       Work      
Src  Proc. InQueue |  Leaves   Expl. | BestBound       BestSol              Gap |   Cuts   InLp Confl. | LpIters     Time

    515113   30434    220911   3.15%   10.92537313     20                45.37%     2259    132   8815    15582k  5631.3s
    516065   30477    221357   3.16%   10.93009772     20                45.35%     5459    216   9749    15604k  5636.7s
    516646   30506    221630   3.16%   10.93150685     20                45.34%     4774    144   9352    15625k  5641.7s
    517297   30544    221926   3.16%   10.93333333     20                45.33%     1773    184   9445    15645k  5646.7s
    517526   30552    222032   3.16%   10.93333333     20                45.33%     1807    229   9094    15675k  5654.2s
    519291   30648    222842   3.16%   10.93711742     20                45.31%     1666    208   9699    15707k  5659.2s
    519737   30682    223041   3.17%   10.93877551     20                45.31%     2447    209   9913    15769k  5673.6s
    521258   30750    223756   3.17%   10.94117647     20                45.29%     2453    244   9962    15804k  5678.6s
    522389   30809    224278   3.18%   10.95857625     20                45.21%     2372    242   9457    15835k  5683.6s
    523917   30904    224977   3.18%   10.95857625     20                45.21%     3684    180   9598    15873k  5691.0s
    524917   30974    225445   3.19%   10.95857625     20                45.21%     2765    266   9411    15901k  5696.7s
    525434   30992    225682   3.20%   10.95857625     20                45.21%     3111    270   8881    15924k  5701.7s
    526250   31027    226066   3.20%   10.96158398     20                45.19%     2739    229   8932    15947k  5707.3s
    526674   31038    226270   3.21%   10.96212121     20                45.19%     3012    181   9022    15964k  5712.5s
    527416   31058    226620   3.21%   10.96296296     20                45.19%     1757    172   9786    15985k  5717.5s
    528072   31090    226927   3.21%   10.97014925     20                45.15%     3885    199   9745    16006k  5723.0s
    528532   31105    227140   3.22%   10.97014925     20                45.15%     3024    238   8593    16028k  5728.2s
    529835   31177    227749   3.22%   11              20                45.00%     1168    175   9351    16053k  5733.2s
    530551   31209    228081   3.22%   11              20                45.00%     1925    258   9433    16091k  5747.5s
    531811   31274    228667   3.22%   11              20                45.00%     2612    189   9575    16121k  5752.5s

        Nodes      |    B&B Tree     |            Objective Bounds              |  Dynamic Constraints |       Work      
Src  Proc. InQueue |  Leaves   Expl. | BestBound       BestSol              Gap |   Cuts   InLp Confl. | LpIters     Time

    533230   31319    229325   3.24%   11              20                45.00%     1737    236   9259    16143k  5757.5s
    533799   31350    229592   3.24%   11              20                45.00%     2784    285   9570    16166k  5762.5s
    533827   31355    229604   3.24%   11              20                45.00%     2820    344   9002    16188k  5770.9s
    535490   31431    230386   3.25%   11              20                45.00%     2073    265   9673    16217k  5775.9s
    536440   31470    230826   3.25%   11              20                45.00%     2455    190   8931    16252k  5784.4s
    537707   31510    231425   3.25%   11              20                45.00%     1728    199   9691    16277k  5789.4s
    538304   31549    231703   3.25%   11              20                45.00%     3251    225   9863    16299k  5794.9s
    538807   31569    231944   3.26%   11              20                45.00%     3009    244   9569    16345k  5805.7s
    540319   31624    232649   3.26%   11              20                45.00%     1365    204   9477    16373k  5810.7s
    541429   31682    233170   3.28%   11              20                45.00%     2595    225   8156    16400k  5815.7s
    542144   31714    233506   3.29%   11              20                45.00%     1982    301   8303    16448k  5829.2s
    543097   31756    233955   3.31%   11              20                45.00%     3306    232   9583    16478k  5834.3s
    544796   31831    234749   3.50%   11              20                45.00%     2099    184   9843    16506k  5839.5s
    545092   31844    234888   3.50%   11              20                45.00%     2005    166   9681    16567k  5853.1s
    546988   31926    235774   3.50%   11              20                45.00%     1538    126   9119    16595k  5858.1s
    548396   31975    236441   3.52%   11              20                45.00%     1866    128   9494    16621k  5863.1s
    550205   32063    237283   3.53%   11              20                45.00%     1456    200   9016    16649k  5868.1s
    551882   32149    238062   3.54%   11              20                45.00%     1967    120   9760    16675k  5873.2s
    553559   32232    238852   3.55%   11              20                45.00%     2437    178   8929    16701k  5878.2s
    555035   32302    239544   3.58%   11              20                45.00%     1975    158   7822    16726k  5883.2s

        Nodes      |    B&B Tree     |            Objective Bounds              |  Dynamic Constraints |       Work      
Src  Proc. InQueue |  Leaves   Expl. | BestBound       BestSol              Gap |   Cuts   InLp Confl. | LpIters     Time

    556506   32365    240231   3.58%   11              20                45.00%     2488    233   8527    16750k  5888.3s
    557634   32431    240758   3.64%   11              20                45.00%     2477    160   8840    16778k  5893.3s
    558625   32473    241223   3.64%   11              20                45.00%     2715    287   8957    16801k  5898.3s
    559629   32516    241693   3.65%   11              20                45.00%     2367    249   9298    16829k  5903.3s
    560763   32566    242226   3.65%   11              20                45.00%     1436    173   9505    16853k  5908.3s
    562101   32607    242859   3.66%   11              20                45.00%     2512    100   9759    16877k  5913.3s
    563178   32659    243369   3.67%   11              20                45.00%     2254    245   8988    16900k  5918.3s
    564360   32699    243917   3.67%   11              20                45.00%     2363    208   9529    16922k  5923.3s
    565755   32757    244568   3.68%   11              20                45.00%     1871    171   9648    16947k  5928.4s
    567206   32822    245252   3.68%   11              20                45.00%     2390    168   9811    16972k  5933.4s
    568928   32883    246063   3.68%   11              20                45.00%     2244    199   9642    16997k  5938.4s
    570431   32943    246773   3.70%   11              20                45.00%     2215    183   9937    17028k  5943.4s
    571812   32999    247421   3.70%   11              20                45.00%     1869    195   9798    17057k  5948.4s
    573485   33073    248209   3.70%   11              20                45.00%     1440    221   9176    17086k  5953.4s
    575096   33128    248965   3.71%   11              20                45.00%     2184    272   9494    17118k  5958.4s
    576552   33184    249643   3.72%   11              20                45.00%     2001    286   9430    17148k  5963.5s
    577684   33242    250174   3.72%   11              20                45.00%     2800    305   8925    17181k  5968.6s
    578686   33283    250653   3.73%   11              20                45.00%     2968    228   8645    17213k  5973.6s
    579515   33316    251045   3.74%   11              20                45.00%     3872    211   9333    17238k  5978.6s
    580402   33368    251456   3.74%   11              20                45.00%     1467    291   9103    17270k  5983.6s

        Nodes      |    B&B Tree     |            Objective Bounds              |  Dynamic Constraints |       Work      
Src  Proc. InQueue |  Leaves   Expl. | BestBound       BestSol              Gap |   Cuts   InLp Confl. | LpIters     Time

    581631   33430    252031   3.74%   11              20                45.00%     2014    212   8264    17301k  5988.6s
    582773   33493    252556   3.74%   11              20                45.00%     2189    244   8431    17330k  5993.6s
    583004   33507    252659   3.74%   11              20                45.00%     1910    279   9121    17448k  6037.3s
    584328   33557    253287   3.75%   11              20                45.00%     2484    182   8819    17471k  6042.3s
    585463   33618    253815   3.75%   11              20                45.00%     2245    276   9845    17497k  6047.3s
    586348   33672    254226   3.76%   11              20                45.00%     2146    258   8798    17522k  6052.3s
    587433   33714    254732   3.77%   11              20                45.00%     3077    221   9813    17546k  6057.4s
    588330   33750    255156   3.78%   11              20                45.00%     2927    207   9508    17568k  6062.4s
    589288   33798    255602   3.78%   11              20                45.00%     3668    198   8695    17593k  6067.4s
    590843   33866    256334   3.79%   11              20                45.00%     1599    289   9007    17624k  6072.5s
    591633   33889    256712   3.80%   11              20                45.00%     4954    361   9932    17650k  6077.5s
    592621   33945    257170   3.80%   11              20                45.00%     3806    333   9592    17681k  6082.5s
    593721   34004    257684   3.82%   11              20                45.00%     2068    229   9435    17714k  6087.5s
    594980   34041    258267   3.83%   11              20                45.00%     2603    248   9381    17744k  6092.5s
    596204   34089    258846   3.84%   11              20                45.00%     3097    243   9663    17771k  6097.6s
    597903   34157    259645   3.87%   11              20                45.00%     2200    178   9313    17801k  6102.6s
    599162   34193    260241   3.88%   11              20                45.00%     2730    191   8898    17829k  6107.6s
    600561   34258    260892   3.88%   11              20                45.00%     4147    282   9372    17856k  6112.7s
    602154   34324    261633   3.89%   11              20                45.00%     3587    244   8997    17884k  6117.7s
    603317   34365    262181   3.89%   11              20                45.00%     2819    259   9070    17914k  6123.0s

        Nodes      |    B&B Tree     |            Objective Bounds              |  Dynamic Constraints |       Work      
Src  Proc. InQueue |  Leaves   Expl. | BestBound       BestSol              Gap |   Cuts   InLp Confl. | LpIters     Time

    604917   34424    262928   3.89%   11              20                45.00%     1950    221   9319    17943k  6128.0s
    606339   34505    263587   3.93%   11              20                45.00%     1860    171   8313    17970k  6133.0s
    607461   34570    264112   3.94%   11              20                45.00%     1697    254   9821    17999k  6138.0s
    608410   34612    264561   3.95%   11              20                45.00%     2595    253   9964    18028k  6143.4s
    609666   34656    265160   3.96%   11              20                45.00%     2057    193   9001    18054k  6148.4s
    610645   34698    265613   3.98%   11              20                45.00%     2794    198   8986    18075k  6153.4s
    611709   34764    266104   3.98%   11              20                45.00%     3365    287   9871    18102k  6158.4s
    612749   34807    266596   3.98%   11              20                45.00%     1681    220   9413    18126k  6163.4s
    613969   34857    267169   3.98%   11              20                45.00%     1522    252   9720    18153k  6168.4s
    614934   34891    267622   4.01%   11              20                45.00%     3011    187   9525    18180k  6173.6s
    616131   34929    268191   4.03%   11              20                45.00%     2162    185   9225    18210k  6178.6s
    617767   35011    268950   4.03%   11              20                45.00%     1263    219   9842    18237k  6183.7s
    618709   35038    269398   4.05%   11              20                45.00%     2239    146   8629    18265k  6188.7s
    619858   35082    269939   4.06%   11              20                45.00%     2339    213   9458    18290k  6193.8s
    621564   35162    270726   4.06%   11              20                45.00%     1831    164   9637    18320k  6198.8s
    622821   35209    271316   4.08%   11              20                45.00%     3015    281   9715    18347k  6203.8s
    623897   35250    271826   4.11%   11              20                45.00%     3600    226   9600    18375k  6208.8s
    625209   35316    272444   4.12%   11              20                45.00%     2321    233   8781    18405k  6213.8s
    626650   35383    273115   4.12%   11              20                45.00%     2788    207   9496    18434k  6218.8s
    627923   35442    273712   4.12%   11              20                45.00%     2874    217   9364    18460k  6223.8s

        Nodes      |    B&B Tree     |            Objective Bounds              |  Dynamic Constraints |       Work      
Src  Proc. InQueue |  Leaves   Expl. | BestBound       BestSol              Gap |   Cuts   InLp Confl. | LpIters     Time

    629163   35507    274290   4.13%   11              20                45.00%     2856    156   9725    18486k  6228.8s
    630591   35562    274961   4.13%   11              20                45.00%     2436    229   9904    18511k  6233.8s
    631947   35609    275607   4.13%   11              20                45.00%     2104    208   9572    18541k  6238.8s
    633451   35669    276314   4.14%   11              20                45.00%     1643    250   9123    18573k  6243.9s
    634245   35697    276687   4.21%   11              20                45.00%     5192    354   9789    18599k  6248.9s
    634909   35716    277007   4.21%   11              20                45.00%     2692    258   8466    18624k  6253.9s
    636501   35793    277752   4.24%   11.01433692     20                44.93%     2035    211   8431    18651k  6258.9s
    637855   35846    278385   4.24%   11.02317045     20                44.88%     2881    255   9825    18678k  6263.9s
    638999   35920    278912   4.24%   11.03546099     20                44.82%     3464    152   8590    18706k  6268.9s
    640372   35997    279543   4.25%   11.03797468     20                44.81%     1479    177   9774    18738k  6273.9s
    641805   36098    280204   4.26%   11.04           20                44.80%     2568    262   9905    18764k  6278.9s
    643047   36162    280772   4.26%   11.04164046     20                44.79%     2272    223   9460    18789k  6284.0s
    644481   36203    281456   4.27%   11.04164046     20                44.79%     3045    180   8320    18816k  6289.0s
    645967   36282    282145   4.28%   11.04195588     20                44.79%     2449    231   9744    18844k  6294.1s
    646946   36331    282606   4.29%   11.04347826     20                44.78%     3034    155   9328    18869k  6299.2s
    647960   36386    283077   4.29%   11.04761905     20                44.76%     4054    333   8610    18894k  6304.3s
    649431   36462    283751   4.29%   11.05084746     20                44.75%     2031    181   8852    18921k  6309.3s
    650349   36515    284182   4.29%   11.05084746     20                44.75%     2754    254   8863    18948k  6314.4s
    651257   36559    284605   4.30%   11.05803571     20                44.71%     3225    218   9305    18975k  6319.4s
    652539   36626    285197   4.30%   11.0625         20                44.69%     3066    165   8533    19000k  6324.4s

        Nodes      |    B&B Tree     |            Objective Bounds              |  Dynamic Constraints |       Work      
Src  Proc. InQueue |  Leaves   Expl. | BestBound       BestSol              Gap |   Cuts   InLp Confl. | LpIters     Time

    653888   36696    285825   4.30%   11.06554121     20                44.67%     2331    208   8948    19027k  6329.4s
    654782   36728    286247   4.31%   11.06925498     20                44.65%     2596    265   9181    19054k  6334.4s
    656254   36807    286935   4.31%   11.07142857     20                44.64%     1899    195   9260    19080k  6339.4s
    657393   36835    287469   4.36%   11.07174888     20                44.64%     2513    170   9465    19103k  6344.5s
    658471   36867    287979   4.37%   11.07421875     20                44.63%     1728    150   9591    19126k  6349.6s
    659288   36921    288354   4.37%   11.07421875     20                44.63%     8204    260   9784    19148k  6354.8s
    660139   36949    288755   4.37%   11.07519789     20                44.62%     3709    222   8348    19175k  6359.8s
    661165   36983    289237   4.38%   11.07893286     20                44.61%     2055    226   9639    19200k  6364.8s
    662677   37079    289935   4.40%   11.07893286     20                44.61%     2604    263   9668    19229k  6369.8s
    663610   37124    290374   4.41%   11.08326516     20                44.58%     2904    279   9792    19263k  6374.8s
    664402   37168    290743   4.41%   11.08333333     20                44.58%     4870    302   9138    19297k  6379.8s
    665234   37190    291145   4.43%   11.09090909     20                44.55%     3344    290   7867    19330k  6384.8s
    666538   37261    291749   4.44%   11.09612453     20                44.52%     1836    220   9884    19364k  6389.8s
    667999   37336    292432   4.49%   11.1            20                44.50%     2445    174   9221    19396k  6394.9s
    669708   37430    293230   4.49%   11.10352173     20                44.48%     3932    230   8295    19429k  6400.2s
    670784   37496    293728   4.50%   11.10615573     20                44.47%     3006    161   9161    19469k  6405.3s
    672017   37550    294304   4.51%   11.11661808     20                44.42%     2577    291   9926    19498k  6410.3s
    673345   37598    294922   4.51%   11.125          20                44.37%     3595    336   9884    19525k  6415.3s
    674576   37660    295497   4.54%   11.1251981      20                44.37%     2706    262   9147    19553k  6420.4s
    675845   37737    296082   4.54%   11.1251981      20                44.37%     2181    261   9580    19584k  6425.4s

        Nodes      |    B&B Tree     |            Objective Bounds              |  Dynamic Constraints |       Work      
Src  Proc. InQueue |  Leaves   Expl. | BestBound       BestSol              Gap |   Cuts   InLp Confl. | LpIters     Time

    677003   37783    296614   4.55%   11.1251981      20                44.37%     1797    159   8986    19610k  6430.4s
    678236   37827    297202   4.58%   11.12820513     20                44.36%     1574    235   8908    19636k  6435.6s
    679366   37862    297736   4.58%   11.13043478     20                44.35%     1938    124   8999    19659k  6440.6s
    680443   37904    298243   4.58%   11.14055642     20                44.30%     2710    219   9436    19685k  6445.6s
    681901   37961    298922   4.58%   11.14078374     20                44.30%     2475    151   9823    19710k  6450.6s
    682940   38016    299403   4.58%   11.14285714     20                44.29%     2178    283   9803    19737k  6455.6s
    683972   38057    299891   4.59%   11.14285714     20                44.29%     3251    209   9748    19761k  6460.8s
    685132   38108    300438   4.62%   11.14285714     20                44.29%     2442    166   9728    19789k  6465.8s
    686237   38138    300965   4.62%   11.14285714     20                44.29%     2175    243   9354    19821k  6470.8s
    687596   38213    301588   4.64%   11.14379856     20                44.28%     3158    272   9942    19846k  6475.8s
    688795   38265    302151   4.64%   11.15105686     20                44.24%     2548    155   9721    19874k  6480.8s
    690314   38329    302865   4.64%   11.15699659     20                44.22%     2580    149   8587    19904k  6485.8s
    691681   38382    303509   4.64%   11.15699882     20                44.22%     2088    181   9674    19932k  6490.8s
    692896   38416    304080   4.65%   11.16508849     20                44.17%     1893    212   9715    19958k  6495.9s
    694262   38478    304720   4.70%   11.16666667     20                44.17%     4004    146   9979    19986k  6500.9s
    695473   38531    305290   4.71%   11.16666667     20                44.17%     3409    318   9006    20015k  6505.9s
    696990   38600    305987   4.72%   11.16666667     20                44.17%     1562    192   9185    20044k  6510.9s
    697715   38630    306332   4.75%   11.17100936     20                44.14%     4001    277   9408    20074k  6516.0s
    698939   38687    306909   4.75%   11.17647059     20                44.12%     2924    160   9096    20103k  6521.0s
    699709   38713    307275   4.79%   11.1779016      20                44.11%     3870    309  10000    20129k  6526.0s

        Nodes      |    B&B Tree     |            Objective Bounds              |  Dynamic Constraints |       Work      
Src  Proc. InQueue |  Leaves   Expl. | BestBound       BestSol              Gap |   Cuts   InLp Confl. | LpIters     Time

    700931   38770    307850   4.79%   11.18181818     20                44.09%     2608    187   9759    20154k  6531.0s
    702266   38840    308473   4.80%   11.18515913     20                44.07%     2397    225   8923    20183k  6536.1s
    703155   38893    308890   4.81%   11.1875         20                44.06%     3360    263   8743    20215k  6541.1s
    704156   38932    309356   4.81%   11.1875         20                44.06%     1670    176   9725    20243k  6546.3s
    705266   38963    309885   4.82%   11.18770582     20                44.06%     4164    202   8956    20269k  6551.3s
    706556   39009    310490   4.82%   11.19512195     20                44.02%     1814    238   9458    20295k  6556.3s
    708098   39072    311211   4.85%   11.2            20                44.00%     1623    259   9551    20321k  6561.5s
    709402   39143    311816   4.89%   11.2            20                44.00%     1935    246   9044    20350k  6566.5s
    710976   39222    312545   4.90%   11.2            20                44.00%     1625    201   9837    20379k  6571.5s
    712289   39279    313161   4.90%   11.2            20                44.00%     1799    218   9665    20409k  6576.6s
    713815   39346    313874   4.91%   11.2            20                44.00%     2400    208   9899    20437k  6581.6s
    714800   39386    314333   4.92%   11.20058997     20                44.00%     2060    159   9549    20466k  6586.6s
    715816   39436    314815   4.93%   11.20082816     20                44.00%     3282    233   9406    20494k  6591.8s
    716978   39496    315354   4.93%   11.20144439     20                43.99%     1492    184   8746    20523k  6596.8s
    718552   39555    316093   4.93%   11.20974452     20                43.95%     2429    222   9389    20547k  6601.8s
    719411   39579    316495   4.94%   11.21428571     20                43.93%     3778    197   9289    20570k  6606.8s
    720363   39625    316940   4.94%   11.21634991     20                43.92%     2184    248   8338    20594k  6611.8s
    721757   39691    317583   4.94%   11.21634991     20                43.92%     1777     98   9436    20622k  6616.8s
    722543   39724    317954   4.95%   11.21634991     20                43.92%     2230    209   8462    20648k  6621.9s
    723211   39742    318264   4.95%   11.21634991     20                43.92%     3801    220   8596    20668k  6627.0s

        Nodes      |    B&B Tree     |            Objective Bounds              |  Dynamic Constraints |       Work      
Src  Proc. InQueue |  Leaves   Expl. | BestBound       BestSol              Gap |   Cuts   InLp Confl. | LpIters     Time

    723975   39775    318624   4.95%   11.21683639     20                43.92%     2010    271   9859    20689k  6632.0s
    725655   39856    319413   4.95%   11.21875        20                43.91%     1415    177   9092    20718k  6637.0s
    726465   39904    319786   4.96%   11.21962617     20                43.90%     2048    274   9706    20747k  6642.2s
    727725   39945    320385   4.98%   11.22360248     20                43.88%     3157    277   9321    20770k  6647.2s
    728635   39970    320817   4.98%   11.22666667     20                43.87%     3307    254   9149    20796k  6652.2s
    729546   40028    321238   4.98%   11.23076923     20                43.85%     3063    196   8634    20820k  6657.2s
    730277   40065    321575   5.00%   11.23076923     20                43.85%     3623    263   9357    20843k  6662.2s
    731412   40102    322112   5.04%   11.23173102     20                43.84%     3103    298   9362    20869k  6667.2s
    732815   40161    322754   5.05%   11.23711985     20                43.81%     1902    123   8608    20896k  6672.3s
    733946   40190    323285   5.07%   11.2392638      20                43.80%     2346    200   9592    20921k  6677.3s
    735454   40270    323976   5.07%   11.24237994     20                43.79%     2212    201   8899    20951k  6682.3s
    736734   40322    324571   5.07%   11.24530792     20                43.77%     2583    204   8984    20980k  6687.7s
    738101   40365    325219   5.11%   11.25           20                43.75%     1818    244   8931    21012k  6692.7s
    739510   40427    325884   5.11%   11.25           20                43.75%     3187    274   9245    21043k  6697.7s
    740372   40451    326289   5.12%   11.25           20                43.75%     5384    156   9210    21071k  6702.7s
    741564   40500    326849   5.13%   11.25           20                43.75%     2270    265   9731    21106k  6707.7s
    743500   40578    327745   5.13%   11.25           20                43.75%     1359    264   8669    21150k  6712.8s
    744927   40633    328422   5.15%   11.25675676     20                43.72%     2274    199   9352    21186k  6717.8s
    746200   40692    329021   5.17%   11.26086957     20                43.70%     3569    261   9552    21222k  6722.8s
    747908   40755    329832   5.19%   11.2621118      20                43.69%     2348    208   8732    21254k  6727.8s

        Nodes      |    B&B Tree     |            Objective Bounds              |  Dynamic Constraints |       Work      
Src  Proc. InQueue |  Leaves   Expl. | BestBound       BestSol              Gap |   Cuts   InLp Confl. | LpIters     Time

    749453   40810    330552   5.25%   11.26560178     20                43.67%     1509    164   9896    21287k  6732.9s
    751116   40869    331332   5.26%   11.27219796     20                43.64%     1723    169   9417    21318k  6737.9s
    752396   40943    331930   5.26%   11.27219796     20                43.64%     4163    175   8334    21347k  6742.9s
    753742   40992    332562   5.27%   11.28           20                43.60%     4607    342   9891    21386k  6747.9s
    754860   41040    333090   5.30%   11.28146853     20                43.59%     2359    270   9070    21417k  6752.9s
    756064   41076    333666   5.31%   11.28282828     20                43.59%     2121    125   9531    21448k  6757.9s
    757414   41145    334298   5.31%   11.28571429     20                43.57%     3457    312   9284    21482k  6763.1s
    759018   41195    335060   5.31%   11.29166667     20                43.54%     2533    236   9111    21519k  6768.1s
    760768   41269    335881   5.32%   11.29510229     20                43.52%     2185    210   9339    21554k  6773.1s
    762590   41360    336730   5.32%   11.30434783     20                43.48%     1691    192   8684    21589k  6778.1s
    763720   41392    337270   5.35%   11.3066757      20                43.47%     3186    248   9199    21621k  6783.1s
    765222   41448    337972   5.36%   11.31199101     20                43.44%     3234    289   9711    21649k  6788.1s
    766793   41549    338695   5.37%   11.31458971     20                43.43%     2606    263   9297    21684k  6793.1s
    768282   41624    339387   5.37%   11.31460674     20                43.43%     3340    185   9765    21717k  6798.3s
    770099   41702    340240   5.38%   11.31685396     20                43.42%     2406    173   8962    21753k  6803.3s
    771539   41756    340913   5.38%   11.32064896     20                43.40%     2142    259   9557    21787k  6808.3s
    773085   41808    341646   5.39%   11.32064896     20                43.40%     2638    188   9323    21824k  6813.3s
    774331   41850    342236   5.40%   11.32488114     20                43.38%     5246    286   9747    21857k  6818.3s
    775391   41896    342739   5.42%   11.32624113     20                43.37%     3976    268   9150    21893k  6823.3s
    776277   41928    343158   5.42%   11.32894737     20                43.36%     3205    261   9134    21925k  6828.3s

        Nodes      |    B&B Tree     |            Objective Bounds              |  Dynamic Constraints |       Work      
Src  Proc. InQueue |  Leaves   Expl. | BestBound       BestSol              Gap |   Cuts   InLp Confl. | LpIters     Time

    777720   42010    343828   5.43%   11.33333333     20                43.33%     4303    267   9185    21963k  6833.3s
    778974   42034    344422   5.44%   11.33333333     20                43.33%     2742    199   9600    21996k  6838.3s
    780751   42103    345257   5.45%   11.33333333     20                43.33%     1951    216   9483    22027k  6843.4s
    781788   42143    345749   5.46%   11.33333333     20                43.33%     3601    266   9742    22057k  6848.4s
    783548   42234    346572   5.47%   11.33333333     20                43.33%     2459    145   8398    22090k  6853.4s
    785734   42346    347598   5.49%   11.33333333     20                43.33%     2459    200   9328    22126k  6858.4s
    786775   42383    348094   5.51%   11.33333333     20                43.33%     2683    234   9165    22161k  6863.4s
    788301   42439    348815   5.51%   11.33333333     20                43.33%     1815    147   9253    22196k  6868.4s
    789747   42502    349493   5.51%   11.33333333     20                43.33%     3094    237   8912    22235k  6873.4s
    791541   42576    350337   5.53%   11.33333333     20                43.33%     2562    196   9219    22265k  6878.4s
    792846   42626    350947   5.53%   11.33333333     20                43.33%     3094    253   8511    22299k  6883.4s
    793926   42662    351458   5.54%   11.33333333     20                43.33%     2717    234   8805    22333k  6888.4s
    794843   42688    351892   5.54%   11.33333333     20                43.33%     3033    254   9465    22364k  6893.5s
    796148   42748    352498   5.55%   11.33597884     20                43.32%     3146    264   9726    22393k  6898.6s
    798091   42837    353405   5.55%   11.33733801     20                43.31%     2071    150   9251    22428k  6903.6s
    799867   42922    354228   5.56%   11.34117647     20                43.29%     3133    242   9270    22461k  6908.8s
    801364   42969    354934   5.59%   11.35219649     20                43.24%     3907    215   9935    22493k  6913.8s
    802591   43022    355515   5.59%   11.35632184     20                43.22%     1715    209   9840    22534k  6918.9s
    804418   43074    356378   5.61%   11.36086957     20                43.20%     1965    201   9875    22571k  6924.0s
    806129   43155    357181   5.62%   11.36491228     20                43.18%     2421    233   9797    22612k  6929.0s

        Nodes      |    B&B Tree     |            Objective Bounds              |  Dynamic Constraints |       Work      
Src  Proc. InQueue |  Leaves   Expl. | BestBound       BestSol              Gap |   Cuts   InLp Confl. | LpIters     Time

    807380   43207    357766   5.64%   11.36873747     20                43.16%     3703    370   9523    22650k  6934.1s
    808915   43262    358497   5.66%   11.36937061     20                43.15%     2869    143   9530    22684k  6939.1s
    810610   43326    359294   5.66%   11.375          20                43.13%     2202    194   9254    22715k  6944.3s
    811782   43360    359847   5.70%   11.37662338     20                43.12%     2583    216   8561    22747k  6949.3s
    813094   43411    360463   5.70%   11.38068182     20                43.10%     2638    225   9899    22783k  6954.3s
    814111   43442    360948   5.70%   11.38461538     20                43.08%     2500    173   9507    22812k  6959.3s
    815523   43506    361611   5.72%   11.38721105     20                43.06%     2834    322   9505    22846k  6964.3s
    816744   43551    362188   5.75%   11.39393939     20                43.03%     3324    234   8514    22882k  6969.4s
    818179   43625    362867   5.75%   11.4            20                43.00%     2457    205   8786    22924k  6974.4s
    819512   43671    363504   5.76%   11.4            20                43.00%     2900    222   9473    22957k  6979.4s
    821271   43732    364333   5.76%   11.4            20                43.00%     1912    262   9585    22990k  6984.4s
    822719   43771    365024   5.78%   11.4            20                43.00%     1394    241   8502    23028k  6989.5s
    824284   43843    365765   5.79%   11.4047619      20                42.98%     1950    123   8964    23066k  6994.5s
    826152   43949    366632   5.80%   11.41060904     20                42.95%     2471    236   8543    23105k  6999.5s
    827171   43994    367105   5.81%   11.42168675     20                42.89%     2437    294   9804    23134k  7004.5s
    828314   44039    367650   5.82%   11.42234848     20                42.89%     2271    214   9915    23171k  7009.5s
    829645   44082    368285   5.82%   11.42857143     20                42.86%     2141    142   9984    23207k  7014.5s
    831129   44150    368969   5.84%   11.42969987     20                42.85%     3186    302   8833    23238k  7019.7s
    832894   44240    369791   5.84%   11.42970822     20                42.85%     3796    257   9170    23275k  7024.7s
    834516   44317    370546   5.86%   11.43333333     20                42.83%     2026    213   9591    23306k  7029.7s

        Nodes      |    B&B Tree     |            Objective Bounds              |  Dynamic Constraints |       Work      
Src  Proc. InQueue |  Leaves   Expl. | BestBound       BestSol              Gap |   Cuts   InLp Confl. | LpIters     Time

    835334   44341    370935   5.87%   11.43408963     20                42.83%     3312    191   9970    23341k  7034.8s
    836342   44368    371415   5.90%   11.44444444     20                42.78%     2565    203   8470    23372k  7039.8s
    838774   44477    372558   5.92%   11.44444444     20                42.78%     1303    137   8747    23408k  7044.8s
    840331   44524    373294   5.95%   11.45009425     20                42.75%     2388    228   9487    23449k  7049.8s
    841464   44562    373825   5.95%   11.45454545     20                42.73%     1715    259   8833    23485k  7054.8s
    842958   44641    374520   5.95%   11.45496894     20                42.73%     1991    213   9821    23523k  7059.8s
    844224   44718    375111   5.95%   11.45520798     20                42.72%     2149    251   9393    23563k  7064.8s
    845150   44747    375552   5.96%   11.45983964     20                42.70%     3483    332   9088    23594k  7069.8s
    846671   44821    376261   5.97%   11.46153846     20                42.69%     2773    275   9960    23631k  7074.8s
    847888   44919    376820   5.99%   11.46302944     20                42.68%     2093    290   9894    23674k  7079.8s
    849317   44976    377493   6.00%   11.46337968     20                42.68%     2858    201   9176    23714k  7084.8s
    850793   45061    378173   6.02%   11.4634284      20                42.68%     3565    249   9739    23751k  7089.8s
    852169   45140    378809   6.02%   11.46357769     20                42.68%     2599    233   9172    23784k  7094.9s
    853879   45221    379613   6.03%   11.46728253     20                42.66%     1713    186   9993    23828k  7099.9s
    855161   45269    380209   6.03%   11.46938776     20                42.65%     2509    210   8426    23863k  7104.9s
    856205   45303    380711   6.04%   11.47058824     20                42.65%     4379    275   9957    23896k  7109.9s
    857360   45383    381239   6.05%   11.47058824     20                42.65%     2733    287   9340    23936k  7114.9s
    858723   45414    381893   6.07%   11.47142857     20                42.64%     3651    164   8797    23968k  7119.9s
    860243   45489    382603   6.08%   11.47260274     20                42.64%     2867    272   9184    24005k  7125.0s
    861306   45530    383107   6.09%   11.4763689      20                42.62%     3633    180   8618    24033k  7130.0s

        Nodes      |    B&B Tree     |            Objective Bounds              |  Dynamic Constraints |       Work      
Src  Proc. InQueue |  Leaves   Expl. | BestBound       BestSol              Gap |   Cuts   InLp Confl. | LpIters     Time

    862433   45554    383647   6.11%   11.48           20                42.60%     1748    158   9494    24064k  7135.0s
    863820   45610    384302   6.12%   11.48984468     20                42.55%     4451    333   9467    24096k  7140.0s
    864951   45630    384848   6.13%   11.4926837      20                42.54%     2325    167   9973    24127k  7145.0s
    865939   45673    385316   6.17%   11.49344609     20                42.53%     2778    260   8873    24161k  7150.0s
    866720   45708    385677   6.17%   11.4950495      20                42.52%     2734    301   9486    24202k  7155.1s
    867949   45765    386258   6.19%   11.49785408     20                42.51%     2368    236   9418    24240k  7160.1s
    868831   45802    386679   6.21%   11.49848577     20                42.51%     2903    218   8964    24275k  7165.2s
    870729   45866    387577   6.21%   11.5            20                42.50%     2073    169  10029    24309k  7170.2s
    872831   45924    388569   6.22%   11.5            20                42.50%     1859    257   9227    24345k  7175.2s
    873949   45984    389091   6.22%   11.5            20                42.50%     1924    328   8965    24386k  7180.2s
    875635   46065    389881   6.22%   11.5            20                42.50%     2284    167   9084    24425k  7185.2s
    876984   46134    390512   6.23%   11.5            20                42.50%     3660    297   8940    24459k  7190.2s
    878421   46173    391192   6.23%   11.5            20                42.50%     3030    217   9892    24494k  7195.2s
    880076   46218    391969   6.24%   11.5            20                42.50%     1614    103   9157    24525k  7200.2s
    882048   46288    392897   6.27%   11.5            20                42.50%     1646    129   9170    24562k  7205.2s
    883566   46365    393602   6.28%   11.5            20                42.50%     2942    240   9758    24595k  7210.2s
    885280   46467    394395   6.29%   11.5            20                42.50%     1766    254   9469    24642k  7215.2s
    886522   46529    394977   6.29%   11.5            20                42.50%     2572    321   9243    24681k  7220.2s
    887955   46570    395652   6.30%   11.5            20                42.50%     2004    180   9706    24713k  7225.2s
    889880   46682    396542   6.30%   11.5            20                42.50%     1680    269   9179    24754k  7230.2s

        Nodes      |    B&B Tree     |            Objective Bounds              |  Dynamic Constraints |       Work      
Src  Proc. InQueue |  Leaves   Expl. | BestBound       BestSol              Gap |   Cuts   InLp Confl. | LpIters     Time

    890884   46734    397007   6.30%   11.5            20                42.50%     2210    308   9313    24799k  7235.3s
    891784   46782    397430   6.30%   11.5            20                42.50%     3476    208   9238    24837k  7240.3s
    892909   46803    397970   6.31%   11.5            20                42.50%     3054    180   9223    24871k  7245.3s
    894248   46891    398585   6.32%   11.5            20                42.50%     2012    230   8757    24903k  7250.3s
    895226   46923    399051   6.32%   11.5            20                42.50%     2041    190   9757    24932k  7255.3s
    896783   46971    399790   6.32%   11.5            20                42.50%     1940    145   8506    24964k  7260.3s
    897952   46986    400356   6.33%   11.5            20                42.50%     4561    236   9199    24996k  7265.3s
    900195   47079    401407   6.33%   11.5            20                42.50%     2557    162   8458    25031k  7270.4s
    901861   47150    402178   6.34%   11.5            20                42.50%     4498    310   9968    25065k  7275.4s
    903289   47202    402854   6.34%   11.5            20                42.50%     2123    217   8702    25097k  7280.4s
    904206   47224    403298   6.36%   11.5            20                42.50%     2603    116   9871    25127k  7285.4s
    905839   47302    404060   6.36%   11.5            20                42.50%     1856    247   9703    25165k  7290.4s
    906835   47329    404531   6.37%   11.5            20                42.50%     4234    172   7061    25198k  7295.5s
    908204   47396    405166   6.37%   11.5            20                42.50%     2981    359   8809    25237k  7300.5s
    909157   47438    405614   6.44%   11.5            20                42.50%     3867    289   8976    25277k  7305.5s
    910482   47493    406244   6.44%   11.5            20                42.50%     1394    224   9860    25311k  7310.6s
    911941   47548    406929   6.45%   11.50282232     20                42.49%     2074    229   9034    25345k  7315.6s
    913152   47573    407502   6.45%   11.50358306     20                42.48%     3673    146   9066    25376k  7320.6s
    914502   47628    408144   6.46%   11.50877193     20                42.46%     2847    221   9731    25411k  7325.6s
    916061   47687    408880   6.49%   11.5229682      20                42.39%     1983    145   8563    25445k  7330.6s

        Nodes      |    B&B Tree     |            Objective Bounds              |  Dynamic Constraints |       Work      
Src  Proc. InQueue |  Leaves   Expl. | BestBound       BestSol              Gap |   Cuts   InLp Confl. | LpIters     Time

    917630   47741    409625   6.51%   11.52960743     20                42.35%     1772    232   9856    25476k  7335.6s
    918645   47787    410101   6.53%   11.53092913     20                42.35%     2879     96   8985    25508k  7340.6s
    920123   47826    410802   6.54%   11.53684211     20                42.32%     2154    294   9753    25543k  7345.7s
    921340   47880    411365   6.54%   11.53731343     20                42.31%     3453    263   9974    25580k  7350.7s
    922567   47934    411936   6.55%   11.53850772     20                42.31%     3138    255   8863    25615k  7355.7s
    923829   47959    412539   6.56%   11.54042553     20                42.30%     2544    180   9861    25649k  7360.7s
    925174   48028    413165   6.57%   11.54092102     20                42.30%     4583    325   9507    25686k  7365.7s
    926974   48125    413995   6.57%   11.54092102     20                42.30%     3287    236   9223    25721k  7370.7s
    928148   48168    414550   6.57%   11.54092102     20                42.30%     2120    242   8465    25753k  7375.7s
    929647   48243    415249   6.57%   11.54545455     20                42.27%     1514    164   9867    25792k  7380.8s
    930733   48305    415746   6.58%   11.54692439     20                42.27%     2634    322   9773    25830k  7385.8s
    932000   48369    416333   6.63%   11.54692439     20                42.27%     2540    192   9243    25867k  7390.8s
    933433   48434    417007   6.65%   11.54692439     20                42.27%     1886    190   9121    25904k  7395.8s
    935210   48494    417848   6.65%   11.54874081     20                42.26%     2312    154   9784    25939k  7400.9s
    936582   48562    418493   6.66%   11.54874081     20                42.26%     4236    286   8682    25979k  7405.9s
    937725   48595    419035   6.67%   11.55427349     20                42.23%     3476    344   9842    26014k  7410.9s
    938919   48651    419589   6.68%   11.55427349     20                42.23%     2574    241   8999    26050k  7415.9s
    940173   48721    420171   6.68%   11.55427349     20                42.23%     2073    311   9412    26094k  7420.9s
    941053   48759    420583   6.68%   11.5546875      20                42.23%     4129    270   8394    26136k  7425.9s
    942150   48805    421105   6.72%   11.55555556     20                42.22%     3531    312   8818    26168k  7430.9s

        Nodes      |    B&B Tree     |            Objective Bounds              |  Dynamic Constraints |       Work      
Src  Proc. InQueue |  Leaves   Expl. | BestBound       BestSol              Gap |   Cuts   InLp Confl. | LpIters     Time

    943522   48868    421744   6.74%   11.5625         20                42.19%     3301    296   9325    26199k  7436.0s
    944527   48898    422224   6.74%   11.56735497     20                42.16%     1526    197   9686    26225k  7441.0s
    945922   48958    422883   6.75%   11.56880734     20                42.16%     3668    236   9855    26258k  7446.1s
    947443   49010    423599   6.77%   11.57052256     20                42.15%     1971    214   9479    26292k  7451.2s
    949033   49079    424354   6.78%   11.57142857     20                42.14%     2913    190   8871    26330k  7456.2s
    950663   49150    425121   6.79%   11.57142857     20                42.14%     3142    178   8513    26367k  7461.2s
    952883   49258    426152   6.80%   11.57863501     20                42.11%     1578    158   9693    26408k  7466.2s
    954144   49308    426746   6.80%   11.58227848     20                42.09%     1986    194   9508    26445k  7471.3s
    955650   49361    427455   6.81%   11.58273381     20                42.09%     1856    181   9711    26480k  7476.3s
    956862   49410    428021   6.82%   11.58333333     20                42.08%     1986    212   8874    26513k  7481.3s
    958061   49471    428577   6.82%   11.5862069      20                42.07%     4576    255   8533    26552k  7486.3s
    959605   49551    429298   6.84%   11.59020045     20                42.05%     5003    164   7909    26584k  7491.3s
    961198   49610    430053   6.86%   11.59130435     20                42.04%     2268    296  10025    26617k  7496.4s
    962554   49649    430698   6.86%   11.59526938     20                42.02%     2382    189   9968    26646k  7501.4s
    964084   49721    431410   6.87%   11.59526938     20                42.02%     2214    298   9787    26681k  7506.4s
    965523   49767    432094   6.87%   11.59763314     20                42.01%     2444    245   9472    26713k  7511.5s
    967524   49832    433045   6.88%   11.59889917     20                42.01%     3829    212   9619    26743k  7516.5s
    968434   49865    433480   6.89%   11.6            20                42.00%     3961    226   9005    26778k  7521.5s
    969644   49901    434055   6.90%   11.6            20                42.00%     2539    252   8356    26817k  7526.5s
    970783   49942    434591   6.91%   11.6            20                42.00%     2448    223   9805    26849k  7531.5s

        Nodes      |    B&B Tree     |            Objective Bounds              |  Dynamic Constraints |       Work      
Src  Proc. InQueue |  Leaves   Expl. | BestBound       BestSol              Gap |   Cuts   InLp Confl. | LpIters     Time

    971674   49959    435025   6.91%   11.6            20                42.00%     4860    242   9081    26879k  7536.5s
    973140   49982    435735   6.92%   11.6            20                42.00%     2230    224   9393    26910k  7541.5s
    974732   50040    436488   6.93%   11.60104987     20                41.99%     3016    154   9196    26943k  7546.5s
    976698   50097    437403   6.93%   11.60629921     20                41.97%     1605    141   9063    26977k  7551.5s
    978098   50165    438058   6.96%   11.61038961     20                41.95%     2425    283   8733    27012k  7556.5s
    979618   50233    438771   6.97%   11.61038961     20                41.95%     2525    235   9273    27044k  7561.8s
    981519   50307    439662   6.98%   11.61352657     20                41.93%     3052    208   9911    27076k  7566.9s
    983263   50353    440482   7.00%   11.61921579     20                41.90%     3733    220   9280    27108k  7571.9s
    984971   50408    441291   7.02%   11.62342266     20                41.88%     2639    215   9189    27142k  7576.9s
    986306   50461    441922   7.03%   11.625          20                41.87%     1963    196   9794    27177k  7582.0s
    987771   50510    442617   7.03%   11.62888131     20                41.86%     2652    314   9998    27215k  7587.0s
    989148   50550    443275   7.03%   11.63636364     20                41.82%     2300    123   9839    27246k  7592.0s
    990595   50588    443954   7.05%   11.64285714     20                41.79%     3147    306   9535    27276k  7597.1s
    992031   50636    444634   7.06%   11.64485981     20                41.78%     2131    201   9279    27312k  7602.1s
    993749   50733    445423   7.07%   11.64705882     20                41.76%     2662    229   8886    27351k  7607.2s
    995127   50794    446071   7.08%   11.64893617     20                41.76%     2611    182   9063    27381k  7612.2s
    996584   50851    446757   7.09%   11.64986054     20                41.75%     2736    269   8588    27419k  7617.3s
    997778   50899    447317   7.11%   11.65408253     20                41.73%     1675    233   8542    27452k  7622.3s
    999505   50965    448139   7.11%   11.65652986     20                41.72%     2736    236   9525    27487k  7627.4s
     1000k   50987    448558   7.14%   11.65652986     20                41.72%     2484    233   9897    27521k  7632.5s

        Nodes      |    B&B Tree     |            Objective Bounds              |  Dynamic Constraints |       Work      
Src  Proc. InQueue |  Leaves   Expl. | BestBound       BestSol              Gap |   Cuts   InLp Confl. | LpIters     Time

     1001k   51036    449283   7.14%   11.65652986     20                41.72%     1676    140   9463    27555k  7637.5s
     1003k   51124    450229   7.15%   11.65776323     20                41.71%     2274    209   9106    27589k  7642.6s
     1005k   51225    451150   7.15%   11.65932203     20                41.70%     1745    311   8798    27626k  7647.7s
     1007k   51277    451731   7.15%   11.66326531     20                41.68%     2409    232   9609    27664k  7652.7s
     1008k   51340    452219   7.15%   11.66666667     20                41.67%     3729    258   9233    27698k  7657.7s
     1009k   51412    453041   7.16%   11.66666667     20                41.67%     2632    108   9617    27732k  7662.7s
     1011k   51468    453721   7.16%   11.66666667     20                41.67%     2269    149   9378    27764k  7667.9s
     1013k   51503    454509   7.17%   11.66666667     20                41.67%     4187    311   9129    27798k  7673.1s
     1014k   51532    455055   7.18%   11.66666667     20                41.67%     1724    105   9492    27829k  7678.1s
     1016k   51611    455933   7.22%   11.66666667     20                41.67%     2315    203   9950    27866k  7683.1s
     1018k   51694    456897   7.22%   11.66666667     20                41.67%     4258    396   9970    27902k  7688.1s
     1019k   51753    457589   7.24%   11.66666667     20                41.67%     2572    282   9834    27935k  7693.1s
     1021k   51821    458437   7.24%   11.66666667     20                41.67%     1689    163   9728    27968k  7698.1s
     1022k   51857    459183   7.30%   11.66666667     20                41.67%     1395    178   9974    28003k  7703.1s
     1024k   51891    460007   7.31%   11.66666667     20                41.67%     2643    189   9652    28035k  7708.1s
     1026k   51977    460753   7.31%   11.66666667     20                41.67%     3260    354   9946    28069k  7713.1s
     1027k   52043    461509   7.32%   11.66666667     20                41.67%     1430    100   9572    28098k  7718.1s
     1029k   52103    462126   7.33%   11.67398119     20                41.63%     2892    303   9824    28138k  7723.2s
     1030k   52149    462750   7.34%   11.67539267     20                41.62%     4111    276   9530    28170k  7728.2s
     1032k   52212    463537   7.38%   11.68275862     20                41.59%     3109    301   8511    28205k  7733.4s

        Nodes      |    B&B Tree     |            Objective Bounds              |  Dynamic Constraints |       Work      
Src  Proc. InQueue |  Leaves   Expl. | BestBound       BestSol              Gap |   Cuts   InLp Confl. | LpIters     Time

     1033k   52266    464265   7.39%   11.68421053     20                41.58%     2372    193   9911    28239k  7738.4s
     1036k   52382    465472   7.39%   11.68900675     20                41.55%     1440    138   9847    28277k  7743.4s
     1037k   52448    465987   7.39%   11.68900675     20                41.55%     2612    281   9014    28312k  7748.5s
     1038k   52505    466515   7.40%   11.69047619     20                41.55%     3382    282   8947    28349k  7753.5s
     1039k   52551    467087   7.40%   11.69742566     20                41.51%     4877    256   9897    28379k  7758.6s
     1040k   52591    467552   7.43%   11.69863014     20                41.51%     3200    178   8852    28412k  7763.6s
     1042k   52666    468275   7.43%   11.70474347     20                41.48%     2962    282   8844    28450k  7768.7s
     1044k   52743    469053   7.44%   11.70833333     20                41.46%     1880    223   9435    28489k  7773.7s
     1044k   52778    469513   7.45%   11.70833333     20                41.46%     3411    227   9755    28522k  7778.8s
     1046k   52838    470171   7.45%   11.70992366     20                41.45%     2067    200   9684    28557k  7783.8s
     1047k   52904    470757   7.46%   11.71428571     20                41.43%     1697    215   8928    28597k  7788.8s
     1049k   52988    471579   7.46%   11.71428571     20                41.43%     1417    160   9978    28640k  7793.8s
     1051k   53057    472528   7.48%   11.71428571     20                41.43%     2005    169   8562    28676k  7798.8s
     1053k   53181    473564   7.48%   11.71428571     20                41.43%     1870    184   9298    28714k  7803.8s
     1054k   53226    474169   7.48%   11.71498922     20                41.43%     1849    276   9449    28753k  7810.9s
     1056k   53278    474812   7.49%   11.71498922     20                41.43%     3179    215   9460    28785k  7815.9s
     1057k   53324    475239   7.49%   11.71559633     20                41.42%     3852    223   9314    28839k  7828.8s
     1058k   53389    475956   7.50%   11.71562867     20                41.42%     2166    249   9863    28878k  7833.8s
     1059k   53418    476441   7.54%   11.71756414     20                41.41%     5195    271   9285    28910k  7838.8s
     1061k   53453    477118   7.56%   11.71968366     20                41.40%     2030    264   9793    28940k  7843.8s

        Nodes      |    B&B Tree     |            Objective Bounds              |  Dynamic Constraints |       Work      
Src  Proc. InQueue |  Leaves   Expl. | BestBound       BestSol              Gap |   Cuts   InLp Confl. | LpIters     Time

     1062k   53509    477819   7.57%   11.72482014     20                41.38%     2423    190   9358    28973k  7848.9s
     1064k   53569    478676   7.59%   11.72660032     20                41.37%     3154    229   8620    29005k  7854.0s
     1066k   53630    479550   7.59%   11.72972973     20                41.35%     3089    229   8615    29044k  7859.0s
     1068k   53710    480439   7.60%   11.73333333     20                41.33%     4158    238   8667    29080k  7864.0s
     1069k   53768    481014   7.61%   11.73333333     20                41.33%     2645    193   9959    29113k  7869.0s
     1070k   53829    481707   7.62%   11.73529412     20                41.32%     4559    251   8885    29146k  7874.1s
     1072k   53899    482268   7.62%   11.74238468     20                41.29%     2470    320   9591    29191k  7879.1s
     1073k   53939    482703   7.62%   11.74269006     20                41.29%     3521    283   8966    29233k  7884.1s
     1073k   53981    483092   7.62%   11.74755016     20                41.26%     3535    291   9174    29270k  7889.2s
     1075k   54009    483748   7.66%   11.75           20                41.25%     2637    249   9615    29307k  7894.2s
     1076k   54094    484360   7.69%   11.75           20                41.25%     2922    225   9917    29344k  7899.3s
     1078k   54158    485150   7.72%   11.75           20                41.25%     1922    179   9018    29376k  7904.4s
     1080k   54221    486041   7.74%   11.75           20                41.25%     1905    161   9072    29409k  7909.4s
     1081k   54305    486766   7.74%   11.75           20                41.25%     1633    299   9879    29451k  7914.4s
     1083k   54347    487406   7.75%   11.75           20                41.25%     2611    274   9511    29489k  7919.5s
     1084k   54382    488032   7.76%   11.75           20                41.25%     2029    200   9645    29522k  7924.5s
     1086k   54433    488959   7.77%   11.75           20                41.25%     3246    216   9579    29559k  7929.5s
     1087k   54501    489631   7.78%   11.75           20                41.25%     2010    224   9808    29592k  7934.5s
     1089k   54558    490258   7.80%   11.75290045     20                41.24%     4623    331   9322    29626k  7939.6s
     1090k   54591    490737   7.82%   11.7536339      20                41.23%     3564    279   9042    29664k  7944.6s

        Nodes      |    B&B Tree     |            Objective Bounds              |  Dynamic Constraints |       Work      
Src  Proc. InQueue |  Leaves   Expl. | BestBound       BestSol              Gap |   Cuts   InLp Confl. | LpIters     Time

     1091k   54620    491303   7.83%   11.7536339      20                41.23%     3186    277   9743    29695k  7949.6s
     1092k   54649    491876   7.84%   11.75596529     20                41.22%     2313    252   9962    29726k  7954.6s
     1094k   54697    492591   7.85%   11.76576577     20                41.17%     1931    151   9177    29760k  7959.7s
     1095k   54728    493262   7.85%   11.76857359     20                41.16%     2880    186   9846    29791k  7964.7s
     1096k   54770    493816   7.85%   11.76923077     20                41.15%     3729    318   9088    29823k  7969.7s
     1097k   54800    494455   7.87%   11.77051768     20                41.15%     1930    187   9441    29857k  7974.7s
     1099k   54851    495407   7.89%   11.77239079     20                41.14%     2733    173   9895    29890k  7979.7s
     1101k   54918    496168   7.89%   11.77239079     20                41.14%     2437    251   8480    29923k  7984.7s
     1102k   54973    496812   7.92%   11.775          20                41.12%     1760    126   8623    29961k  7989.7s
     1104k   55031    497342   7.94%   11.77777778     20                41.11%     4154    393   8788    29999k  7994.7s
     1105k   55103    498074   7.95%   11.77777778     20                41.11%     2030    254   8844    30033k  7999.8s
     1106k   55152    498557   7.96%   11.77777778     20                41.11%     2765    208   9350    30073k  8004.8s
     1108k   55214    499467   7.97%   11.78125        20                41.09%     2225    107   9496    30110k  8009.9s
     1109k   55272    500093   7.98%   11.78221567     20                41.09%     2670    244   9072    30146k  8014.9s
     1111k   55324    500797   7.99%   11.79268293     20                41.04%     3437    255   9870    30176k  8019.9s
     1112k   55362    501352   8.04%   11.79288093     20                41.04%     3669    236   9848    30209k  8025.0s
     1113k   55401    501799   8.07%   11.8            20                41.00%     3178    223   9371    30241k  8030.2s
     1114k   55462    502437   8.08%   11.8            20                41.00%     1799    181   9739    30276k  8035.2s
     1116k   55490    503064   8.12%   11.8            20                41.00%     1966    157   8995    30309k  8040.3s
     1118k   55556    503980   8.12%   11.8            20                41.00%     2498    163   9659    30347k  8045.4s

        Nodes      |    B&B Tree     |            Objective Bounds              |  Dynamic Constraints |       Work      
Src  Proc. InQueue |  Leaves   Expl. | BestBound       BestSol              Gap |   Cuts   InLp Confl. | LpIters     Time

     1120k   55617    504939   8.16%   11.80422265     20                40.98%     1443     72   9066    30380k  8050.4s
     1122k   55694    505881   8.17%   11.8068124      20                40.97%     2600    168   9548    30413k  8055.4s
     1123k   55756    506547   8.17%   11.80914513     20                40.95%     2761    208   9843    30442k  8060.4s
     1125k   55837    507380   8.18%   11.80952381     20                40.95%     2722    263   9556    30480k  8065.4s
     1126k   55875    507953   8.18%   11.81072555     20                40.95%     1663    164   8915    30514k  8070.4s
     1128k   55950    508674   8.19%   11.81457973     20                40.93%     3745    291   8449    30558k  8075.7s
     1129k   55994    509271   8.19%   11.81954887     20                40.90%     2043    117   8793    30591k  8080.7s
     1130k   56039    509858   8.23%   11.81967213     20                40.90%     2556    360   9618    30623k  8085.7s
     1131k   56090    510371   8.24%   11.82344983     20                40.88%     2323    272   9730    30663k  8090.8s
     1132k   56160    510952   8.24%   11.828125       20                40.86%     3037    243   8729    30710k  8095.8s
     1134k   56206    511678   8.24%   11.83216437     20                40.84%     1567    154   9930    30749k  8100.8s
     1135k   56240    512245   8.25%   11.83216437     20                40.84%     3057    208   8477    30780k  8105.8s
     1137k   56292    512949   8.26%   11.83333333     20                40.83%     2853    193   9629    30815k  8110.8s
     1138k   56363    513661   8.27%   11.83333333     20                40.83%     1883    227   9060    30855k  8115.8s
     1140k   56439    514481   8.30%   11.83928571     20                40.80%     2801    274   8852    30895k  8120.8s
     1141k   56511    515017   8.31%   11.84098613     20                40.80%     2974    312   8390    30931k  8125.8s
     1142k   56558    515513   8.31%   11.84098613     20                40.80%     2765    256   8779    30969k  8130.8s
     1143k   56586    515927   8.32%   11.84421907     20                40.78%     2455    299   9417    31005k  8135.9s
     1144k   56674    516627   8.32%   11.84421907     20                40.78%     1964    259   8395    31044k  8140.9s
     1146k   56737    517163   8.33%   11.84536082     20                40.77%     3180    228   9912    31085k  8146.0s

        Nodes      |    B&B Tree     |            Objective Bounds              |  Dynamic Constraints |       Work      
Src  Proc. InQueue |  Leaves   Expl. | BestBound       BestSol              Gap |   Cuts   InLp Confl. | LpIters     Time

     1147k   56801    517678   8.33%   11.84615385     20                40.77%     2328    343   9760    31126k  8151.0s
     1148k   56866    518207   8.33%   11.84665936     20                40.77%     2593    355   9113    31168k  8156.0s
     1149k   56910    518804   8.33%   11.84867284     20                40.76%     2452    187   9768    31201k  8161.0s
     1151k   56996    519516   8.35%   11.8497401      20                40.75%     2215    248   8702    31240k  8166.0s
     1152k   57043    519960   8.36%   11.85           20                40.75%     2969    281   9344    31278k  8171.0s
     1153k   57087    520378   8.41%   11.85175561     20                40.74%     3423    389   9768    31319k  8176.0s
     1153k   57132    520692   8.46%   11.85181598     20                40.74%     7173    384   9245    31356k  8181.0s
     1154k   57169    521280   8.47%   11.85216554     20                40.74%     2045    226   9508    31389k  8186.0s
     1156k   57226    522023   8.47%   11.85454545     20                40.73%     3004    232   9821    31422k  8191.0s
     1157k   57286    522570   8.48%   11.85714286     20                40.71%     6197    379   8608    31461k  8196.2s
     1158k   57334    523099   8.50%   11.85714286     20                40.71%     2803    178   9858    31497k  8201.2s
     1160k   57369    523791   8.52%   11.85714286     20                40.71%     2418    250   8390    31530k  8206.2s
     1162k   57463    524690   8.53%   11.85776398     20                40.71%     2269     98   9937    31565k  8211.2s
     1163k   57543    525494   8.54%   11.85925075     20                40.70%     2062    197   8901    31598k  8216.2s
     1165k   57632    526461   8.55%   11.86206897     20                40.69%     1582    111   9945    31633k  8221.2s
     1167k   57690    527110   8.55%   11.86440678     20                40.68%     2612    282   9392    31672k  8226.3s
     1168k   57733    527624   8.55%   11.86666667     20                40.67%     2033    291   9524    31712k  8231.3s
     1169k   57757    528128   8.56%   11.87283409     20                40.64%     5499    364   9730    31748k  8236.3s
     1170k   57796    528741   8.56%   11.87325581     20                40.63%     2429    247   9054    31780k  8241.3s
     1172k   57868    529475   8.57%   11.875          20                40.62%     1624    239   9865    31810k  8246.3s

        Nodes      |    B&B Tree     |            Objective Bounds              |  Dynamic Constraints |       Work      
Src  Proc. InQueue |  Leaves   Expl. | BestBound       BestSol              Gap |   Cuts   InLp Confl. | LpIters     Time

     1173k   57903    530171   8.58%   11.87523345     20                40.62%     2382     93   8758    31842k  8251.3s
     1175k   57941    530858   8.59%   11.87804878     20                40.61%     3594    268   9811    31875k  8256.5s
     1176k   57978    531509   8.60%   11.88235294     20                40.59%     1585    241   8923    31908k  8261.5s
     1177k   58025    532082   8.63%   11.88349515     20                40.58%     2249    322   9791    31941k  8266.5s
     1179k   58072    532685   8.63%   11.8852459      20                40.57%     3058    277   9260    31975k  8271.5s
     1180k   58142    533272   8.64%   11.88679245     20                40.57%     3624    243   9587    32011k  8276.5s
     1181k   58203    533909   8.64%   11.8875996      20                40.56%     2886    230   9311    32049k  8281.5s
     1183k   58267    534749   8.64%   11.88888889     20                40.56%     2192    228   9870    32085k  8286.6s
     1185k   58327    535552   8.65%   11.88991532     20                40.55%     2130    238   9087    32124k  8291.7s
     1186k   58387    536170   8.66%   11.89825581     20                40.51%     2343    288   8730    32160k  8296.7s
     1188k   58484    537090   8.66%   11.90241021     20                40.49%     1906    212   8801    32197k  8301.7s
     1189k   58574    537727   8.67%   11.90241021     20                40.49%     2623    310   9794    32236k  8306.7s
     1190k   58634    538190   8.68%   11.90319458     20                40.48%     2284    343   9168    32280k  8311.8s
     1192k   58704    538782   8.69%   11.90430622     20                40.48%     2987    336   9614    32317k  8316.8s
     1193k   58770    539366   8.69%   11.90608436     20                40.47%     2199    198   9567    32358k  8321.8s
     1195k   58823    540138   8.71%   11.90812721     20                40.46%     3374    316   9514    32394k  8326.8s
     1196k   58901    540767   8.77%   11.90812721     20                40.46%     4246    313   9495    32432k  8331.8s
     1197k   58957    541247   8.79%   11.91666667     20                40.42%     2353    289   9194    32476k  8336.8s
     1198k   58992    541737   8.83%   11.92366412     20                40.38%     3381    159   9190    32505k  8341.8s
     1200k   59050    542731   8.83%   11.92613183     20                40.37%     2756    150   9839    32539k  8346.8s

        Nodes      |    B&B Tree     |            Objective Bounds              |  Dynamic Constraints |       Work      
Src  Proc. InQueue |  Leaves   Expl. | BestBound       BestSol              Gap |   Cuts   InLp Confl. | LpIters     Time

     1201k   59086    543284   8.83%   11.92727273     20                40.36%     3643    256   9821    32570k  8352.0s
     1203k   59135    543932   8.84%   11.92857143     20                40.36%     2536    232   9006    32606k  8357.0s
     1205k   59273    544916   8.85%   11.93103448     20                40.34%     2289    181   9931    32648k  8362.0s
     1206k   59343    545551   8.85%   11.93333333     20                40.33%     3034    233   8941    32685k  8367.1s
     1207k   59394    546149   8.86%   11.93711283     20                40.31%     3985    204   9191    32718k  8372.1s
     1209k   59441    546734   8.87%   11.9375         20                40.31%     3874    285   9426    32752k  8377.1s
     1210k   59493    547326   8.89%   11.93782383     20                40.31%     3216    255   9977    32792k  8382.1s
     1211k   59560    548061   8.89%   11.94047619     20                40.30%     1657    202   9981    32829k  8387.1s
     1213k   59630    548645   8.89%   11.94117647     20                40.29%     4083    327   9791    32867k  8392.3s
     1214k   59659    549151   8.90%   11.94444444     20                40.28%     2036    190   9081    32899k  8397.3s
     1215k   59709    549768   8.92%   11.94597515     20                40.27%     1855    144   9410    32932k  8402.4s
     1217k   59751    550493   8.94%   11.95           20                40.25%     3439    314   8856    32966k  8407.4s
     1218k   59792    551102   8.95%   11.95           20                40.25%     2036    242   9182    33000k  8412.4s
     1219k   59825    551687   8.96%   11.95242965     20                40.24%     5458    235   9088    33033k  8417.4s
     1221k   59886    552391   8.96%   11.95313999     20                40.23%     3700    216   8838    33068k  8422.4s
     1222k   59948    553154   8.97%   11.95454545     20                40.23%     3263    280   9349    33101k  8427.4s
     1223k   59999    553708   8.98%   11.95833333     20                40.21%     3218    296   8196    33131k  8432.6s
     1225k   60053    554322   9.01%   11.96334732     20                40.18%     3348    293   8524    33167k  8437.6s
     1226k   60111    554938   9.02%   11.96428571     20                40.18%     2261    117   9357    33203k  8442.7s
     1228k   60190    555689   9.02%   11.96666667     20                40.17%     2630    228   9163    33242k  8447.8s

        Nodes      |    B&B Tree     |            Objective Bounds              |  Dynamic Constraints |       Work      
Src  Proc. InQueue |  Leaves   Expl. | BestBound       BestSol              Gap |   Cuts   InLp Confl. | LpIters     Time

     1229k   60223    556289   9.03%   11.9685037      20                40.16%     3865    176   9364    33275k  8452.8s
     1230k   60246    556975   9.09%   11.96850394     20                40.16%     2682    235   9694    33307k  8458.0s
     1232k   60308    557628   9.16%   11.96908262     20                40.15%     2591    249   8861    33343k  8463.0s
     1233k   60380    558327   9.17%   11.97247706     20                40.14%     2177    221   8878    33378k  8468.1s
     1235k   60441    559125   9.17%   11.97496318     20                40.13%     1854    219   9684    33413k  8473.1s
     1236k   60474    559642   9.18%   11.97560976     20                40.12%     2619    254   9736    33443k  8478.1s
     1238k   60534    560422   9.19%   11.97883598     20                40.11%     1776    204   9652    33475k  8483.1s
     1239k   60588    561088   9.19%   11.97959184     20                40.10%     2379    248   8999    33512k  8488.1s
     1240k   60635    561588   9.19%   11.98097826     20                40.10%     2320    182   9846    33543k  8493.1s
     1241k   60680    562082   9.19%   11.98700173     20                40.06%     3012    280   9510    33576k  8498.1s
     1242k   60726    562681   9.20%   11.99062134     20                40.05%     2711    278   8591    33609k  8503.1s
     1243k   60745    563165   9.21%   11.99192463     20                40.04%     3325    346   9699    33644k  8508.1s
     1245k   60764    563750   9.22%   11.99352238     20                40.03%     2660    221   9283    33676k  8513.1s
     1246k   60826    564495   9.23%   11.99977896     20                40.00%     2014    129   9600    33713k  8518.1s
     1248k   60883    565207   9.26%   12              20                40.00%     2670    298   9269    33749k  8523.1s
     1248k   60898    565617   9.27%   12              20                40.00%     2414    257   9873    33782k  8528.1s
     1250k   60912    566263   9.29%   12              20                40.00%     2142    192   9204    33818k  8533.2s
     1251k   60964    566915   9.29%   12              20                40.00%     4323    365   9378    33853k  8538.2s
     1252k   60987    567515   9.31%   12              20                40.00%     1922    157   9126    33888k  8543.2s
     1254k   61038    568298   9.32%   12              20                40.00%     2146    161   8854    33920k  8548.4s

        Nodes      |    B&B Tree     |            Objective Bounds              |  Dynamic Constraints |       Work      
Src  Proc. InQueue |  Leaves   Expl. | BestBound       BestSol              Gap |   Cuts   InLp Confl. | LpIters     Time

     1255k   61075    568867   9.33%   12              20                40.00%     2885    178   8544    33955k  8553.4s
     1257k   61117    569587   9.36%   12              20                40.00%     1792    203   9950    33989k  8558.4s
     1258k   61172    570330   9.37%   12              20                40.00%     2152    242   8747    34024k  8563.5s
     1260k   61200    570860   9.38%   12              20                40.00%     4013    298   8505    34058k  8568.5s
     1261k   61234    571406   9.39%   12              20                40.00%     2441    295   8567    34094k  8573.5s
     1262k   61272    572103   9.40%   12              20                40.00%     2331    177   9028    34125k  8578.5s
     1263k   61306    572584   9.40%   12              20                40.00%     3896    238   9290    34156k  8583.5s
     1264k   61354    573212   9.43%   12              20                40.00%     3764    256   9789    34186k  8588.6s
     1266k   61386    573847   9.46%   12              20                40.00%     2335    228   8801    34215k  8593.6s
     1267k   61434    574607   9.47%   12              20                40.00%     2006    149   9670    34251k  8598.6s
     1269k   61514    575385   9.47%   12              20                40.00%     1611    237   8669    34292k  8603.6s
     1270k   61558    575934   9.47%   12              20                40.00%     2814    191   8372    34322k  8608.7s
     1272k   61617    576731   9.48%   12              20                40.00%     1349    227   9581    34365k  8613.7s
     1273k   61642    577260   9.48%   12              20                40.00%     2118    256   9723    34396k  8618.7s
     1275k   61748    578120   9.49%   12              20                40.00%     2463    215   8140    34437k  8623.9s
     1276k   61764    578626   9.49%   12              20                40.00%     2798    211   9538    34467k  8628.9s
     1277k   61811    579208   9.51%   12              20                40.00%     2355    275   8942    34498k  8633.9s
     1279k   61880    579924   9.52%   12              20                40.00%     3161    195   9993    34529k  8638.9s
     1280k   61959    580745   9.52%   12              20                40.00%     1918    152   9417    34566k  8644.0s
     1282k   62016    581396   9.53%   12              20                40.00%     2441    214   9704    34597k  8649.0s

        Nodes      |    B&B Tree     |            Objective Bounds              |  Dynamic Constraints |       Work      
Src  Proc. InQueue |  Leaves   Expl. | BestBound       BestSol              Gap |   Cuts   InLp Confl. | LpIters     Time

     1283k   62061    582107   9.53%   12              20                40.00%     1726    159   9656    34630k  8654.0s
     1285k   62112    582803   9.55%   12              20                40.00%     4242    156   9519    34664k  8659.0s
     1286k   62178    583454   9.55%   12              20                40.00%     4116    236   9939    34702k  8664.0s
     1288k   62280    584397   9.55%   12              20                40.00%     3572    251   9688    34741k  8669.0s
     1289k   62300    584922   9.56%   12              20                40.00%     2617    206   8744    34772k  8674.0s
     1290k   62331    585431   9.56%   12              20                40.00%     2942    302   9606    34805k  8679.2s
     1292k   62369    586073   9.58%   12              20                40.00%     1526    203   9528    34841k  8684.2s
     1294k   62442    586937   9.67%   12              20                40.00%     3262    154   9274    34879k  8689.3s
     1295k   62497    587469   9.72%   12              20                40.00%     2061    286   8300    34916k  8694.3s
     1296k   62581    588250   9.72%   12              20                40.00%     1939    180   9419    34960k  8699.3s
     1298k   62638    588987   9.76%   12              20                40.00%     3209    214   8595    34995k  8704.3s
     1299k   62716    589672   9.77%   12              20                40.00%     1230    240   9782    35029k  8709.3s
     1301k   62769    590276   9.87%   12              20                40.00%     2389    267   8629    35068k  8714.3s
     1302k   62827    590828   9.89%   12              20                40.00%     3083    290   9754    35114k  8719.3s
     1304k   62941    591703   9.91%   12              20                40.00%     2288    186   9646    35158k  8724.3s
     1305k   63015    592322   9.92%   12              20                40.00%     2717    283   9765    35200k  8729.3s
     1306k   63048    592948   9.96%   12              20                40.00%     1528    208   9180    35237k  8734.3s
     1308k   63118    593684   9.96%   12              20                40.00%     2354    206   9788    35272k  8739.3s
     1310k   63208    594497   9.97%   12              20                40.00%     2867    193   8487    35311k  8744.3s
     1311k   63242    594976   9.99%   12              20                40.00%     2645    293   9571    35354k  8749.3s

        Nodes      |    B&B Tree     |            Objective Bounds              |  Dynamic Constraints |       Work      
Src  Proc. InQueue |  Leaves   Expl. | BestBound       BestSol              Gap |   Cuts   InLp Confl. | LpIters     Time

     1312k   63293    595498  10.02%   12              20                40.00%     3216    286   9505    35398k  8754.3s
     1313k   63349    595915  10.02%   12              20                40.00%     3776    384   9189    35436k  8759.4s
     1314k   63380    596503  10.04%   12              20                40.00%     1999    176   9847    35471k  8764.4s
     1316k   63432    597274  10.04%   12              20                40.00%     3327    280   9587    35504k  8769.4s
     1317k   63496    597778  10.05%   12              20                40.00%     2962    350   9662    35549k  8774.5s
     1318k   63535    598293  10.05%   12              20                40.00%     1875    160   9822    35587k  8779.5s
     1319k   63569    598892  10.08%   12              20                40.00%     2083    158   9450    35618k  8784.5s
     1320k   63632    599574  10.10%   12              20                40.00%     4348    229   9099    35654k  8789.5s
     1322k   63714    600159  10.10%   12              20                40.00%     1945    282   9358    35695k  8794.5s
     1323k   63780    600567  10.11%   12              20                40.00%     2836    379   8151    35740k  8799.5s
     1323k   63815    600948  10.11%   12              20                40.00%     2027    256   9777    35779k  8804.6s
     1324k   63860    601429  10.12%   12              20                40.00%     4310    230   9641    35816k  8809.7s
     1326k   63923    602214  10.13%   12              20                40.00%     2259    136   9158    35849k  8814.7s
     1327k   63991    602863  10.16%   12              20                40.00%     4978    319   9470    35887k  8819.8s
     1328k   64019    603264  10.18%   12              20                40.00%     1940    221   9680    35925k  8824.8s
     1330k   64074    603966  10.19%   12              20                40.00%     2713    251   9508    35959k  8829.9s
     1331k   64117    604565  10.19%   12              20                40.00%     1623    176   9758    35990k  8834.9s
     1333k   64173    605255  10.20%   12              20                40.00%     2478    284   9597    36025k  8840.0s
     1334k   64235    605860  10.20%   12              20                40.00%     2534    225   9455    36062k  8845.1s
     1335k   64283    606550  10.21%   12              20                40.00%     2109    192   9280    36095k  8850.2s

        Nodes      |    B&B Tree     |            Objective Bounds              |  Dynamic Constraints |       Work      
Src  Proc. InQueue |  Leaves   Expl. | BestBound       BestSol              Gap |   Cuts   InLp Confl. | LpIters     Time

     1337k   64321    607162  10.22%   12              20                40.00%     3607    234   8421    36127k  8855.5s
     1338k   64374    607695  10.23%   12              20                40.00%     3142    393   9126    36169k  8860.6s
     1339k   64411    608129  10.26%   12              20                40.00%     2141    174   9463    36204k  8865.6s
     1340k   64485    608620  10.26%   12              20                40.00%     2270    231   9672    36242k  8870.6s
     1341k   64538    609202  10.26%   12              20                40.00%     2794    234   9764    36281k  8875.7s
     1342k   64578    609804  10.27%   12              20                40.00%     2764    266   9321    36315k  8880.7s
     1343k   64598    610285  10.28%   12              20                40.00%     2125    208   8006    36348k  8885.7s
     1344k   64627    610886  10.31%   12              20                40.00%     2112    177   9905    36381k  8890.7s
     1346k   64721    611564  10.32%   12              20                40.00%     2052    207   9577    36418k  8895.7s
     1348k   64783    612315  10.32%   12              20                40.00%     2281    188   9701    36461k  8900.7s
     1349k   64809    612793  10.33%   12              20                40.00%     2382    256   9223    36495k  8905.8s
     1350k   64872    613566  10.34%   12              20                40.00%     2249    195   9439    36531k  8910.8s
     1352k   64905    614274  10.35%   12              20                40.00%     2449    199   8314    36565k  8915.9s
     1353k   64955    614827  10.36%   12              20                40.00%     2373    215   8220    36597k  8920.9s
     1354k   64972    615310  10.37%   12              20                40.00%     3567    207   8169    36623k  8926.0s
     1355k   65007    615962  10.42%   12              20                40.00%     2316    186   9138    36658k  8931.1s
     1357k   65053    616811  10.42%   12              20                40.00%     3065    160   8995    36692k  8936.1s
     1358k   65136    617537  10.42%   12              20                40.00%     3380    238   8558    36725k  8941.2s
     1359k   65183    617996  10.43%   12              20                40.00%     3875    286   9071    36759k  8946.2s
     1361k   65242    618631  10.44%   12              20                40.00%     3221    288   8721    36798k  8951.2s

        Nodes      |    B&B Tree     |            Objective Bounds              |  Dynamic Constraints |       Work      
Src  Proc. InQueue |  Leaves   Expl. | BestBound       BestSol              Gap |   Cuts   InLp Confl. | LpIters     Time

     1362k   65277    619105  10.45%   12              20                40.00%     3577    175   9102    36833k  8956.2s
     1363k   65294    619695  10.46%   12              20                40.00%     3673    259   9415    36866k  8961.3s
     1364k   65341    620319  10.46%   12              20                40.00%     2426    157   9626    36897k  8966.3s
     1366k   65387    621162  10.48%   12              20                40.00%     2608    171   9425    36931k  8971.3s
     1368k   65463    621894  10.48%   12              20                40.00%     2375    205   9883    36966k  8976.3s
     1369k   65527    622726  10.48%   12              20                40.00%     2598    240   9426    36999k  8981.3s
     1371k   65564    623250  10.49%   12              20                40.00%     3004    249   9105    37031k  8986.3s
     1371k   65581    623679  10.51%   12              20                40.00%     5807    267   8352    37058k  8991.6s
     1373k   65613    624326  10.51%   12              20                40.00%     2193    144   8182    37090k  8996.6s
     1374k   65648    624907  10.52%   12              20                40.00%     2513    325   9291    37121k  9001.7s
     1375k   65699    625373  10.52%   12              20                40.00%     3169    379   9618    37160k  9006.8s
     1376k   65764    625888  10.52%   12              20                40.00%     2487    354   8751    37198k  9011.9s
     1378k   65824    626762  10.53%   12              20                40.00%     2647    206   9333    37234k  9016.9s
     1380k   65887    627589  10.54%   12              20                40.00%     2129    129   8442    37270k  9021.9s
     1381k   65959    628406  10.54%   12              20                40.00%     2271    269   8908    37307k  9026.9s
     1383k   66008    629054  10.54%   12              20                40.00%     2374    308   9915    37347k  9032.0s
     1384k   66057    629707  10.54%   12              20                40.00%     2030    175   9893    37382k  9037.0s
     1385k   66091    630161  10.55%   12              20                40.00%     2551    266   8866    37416k  9042.0s
     1387k   66129    630883  10.56%   12              20                40.00%     2297    263   8708    37445k  9047.1s
     1388k   66155    631615  10.57%   12              20                40.00%     2106    202   9892    37477k  9052.1s

        Nodes      |    B&B Tree     |            Objective Bounds              |  Dynamic Constraints |       Work      
Src  Proc. InQueue |  Leaves   Expl. | BestBound       BestSol              Gap |   Cuts   InLp Confl. | LpIters     Time

     1390k   66233    632413  10.57%   12              20                40.00%     2194    225   9621    37518k  9057.2s
     1391k   66273    632957  10.58%   12              20                40.00%     2128    164   9191    37555k  9062.2s
     1393k   66342    633740  10.58%   12              20                40.00%     1726    210   9587    37589k  9067.3s
     1394k   66382    634496  10.58%   12              20                40.00%     2699    238   9018    37623k  9072.3s
     1396k   66393    635139  10.60%   12              20                40.00%     2226    284   9948    37656k  9077.3s
     1396k   66406    635454  10.62%   12              20                40.00%     2902    297   9708    37683k  9082.3s
     1398k   66440    636191  10.62%   12              20                40.00%     1825    184   9004    37717k  9087.4s
     1400k   66487    637019  10.62%   12              20                40.00%     3198    250   9498    37752k  9092.4s
     1401k   66529    637625  10.64%   12              20                40.00%     2208    227   9974    37789k  9097.4s
     1403k   66608    638625  10.64%   12              20                40.00%     1740    210   9212    37826k  9102.4s
     1405k   66679    639320  10.64%   12              20                40.00%     1377    152   9771    37865k  9107.4s
     1406k   66722    639838  10.65%   12              20                40.00%     1929    260   9729    37894k  9112.4s
     1407k   66745    640504  10.65%   12              20                40.00%     1800    205   9216    37931k  9117.5s
     1409k   66816    641354  10.65%   12              20                40.00%     3574    253   9893    37967k  9122.6s
     1411k   66889    642189  10.65%   12              20                40.00%     2180    160   9380    37999k  9127.6s
     1412k   66927    642766  10.65%   12              20                40.00%     4440    184   9607    38033k  9132.6s
     1414k   66983    643545  10.65%   12              20                40.00%     2543    181   9328    38063k  9137.6s
     1415k   67010    644261  10.65%   12              20                40.00%     3927    309   9437    38097k  9142.7s
     1416k   67045    644862  10.67%   12              20                40.00%     3020    277   9517    38130k  9147.7s
     1418k   67082    645481  10.67%   12              20                40.00%     1680    193   9640    38160k  9152.8s

        Nodes      |    B&B Tree     |            Objective Bounds              |  Dynamic Constraints |       Work      
Src  Proc. InQueue |  Leaves   Expl. | BestBound       BestSol              Gap |   Cuts   InLp Confl. | LpIters     Time

     1420k   67176    646355  10.68%   12              20                40.00%     2750    275   9123    38202k  9157.9s
     1421k   67214    646887  10.68%   12              20                40.00%     2997    282   9908    38239k  9162.9s
     1422k   67270    647698  10.68%   12              20                40.00%     2143    180   9824    38276k  9167.9s
     1424k   67330    648635  10.68%   12              20                40.00%     2202    203   9154    38308k  9172.9s
     1425k   67340    649061  10.68%   12              20                40.00%     2914    219   9648    38335k  9178.1s
     1427k   67376    649678  10.69%   12              20                40.00%     2160    225   9857    38369k  9183.3s
     1429k   67442    650703  10.70%   12              20                40.00%     1646    110   9139    38408k  9188.3s
     1430k   67489    651422  10.70%   12              20                40.00%     1799    223   9710    38441k  9193.4s
     1432k   67520    652258  10.72%   12              20                40.00%     2246    171   9867    38472k  9198.4s
     1433k   67556    652870  10.74%   12              20                40.00%     1849    242   9767    38503k  9203.4s
     1435k   67633    653724  10.76%   12              20                40.00%     1711    248   8851    38538k  9208.4s
     1436k   67660    654187  10.76%   12              20                40.00%     2027    235   9407    38575k  9213.4s
     1438k   67717    654952  10.76%   12              20                40.00%     2485    292   8907    38612k  9218.4s
     1439k   67786    655696  10.78%   12              20                40.00%     2663    139   9414    38649k  9223.4s
     1441k   67823    656341  10.79%   12              20                40.00%     2420    167   8349    38684k  9228.4s
     1443k   67923    657214  10.79%   12              20                40.00%     2398    266   9407    38725k  9233.4s
     1444k   67980    657704  10.79%   12              20                40.00%     2435    313   8706    38762k  9238.5s
     1445k   68004    658201  10.80%   12              20                40.00%     2793    244   9761    38801k  9243.5s
     1446k   68090    658880  10.80%   12              20                40.00%     2060    290   9789    38924k  9267.7s
     1448k   68146    659689  10.81%   12              20                40.00%     3960    230   9721    38960k  9272.9s

        Nodes      |    B&B Tree     |            Objective Bounds              |  Dynamic Constraints |       Work      
Src  Proc. InQueue |  Leaves   Expl. | BestBound       BestSol              Gap |   Cuts   InLp Confl. | LpIters     Time

     1450k   68206    660466  10.81%   12              20                40.00%     3238    219   9951    38996k  9277.9s
     1451k   68275    661102  10.81%   12              20                40.00%     2431    267   9601    39032k  9282.9s
     1452k   68328    661618  10.82%   12              20                40.00%     3424    211   9660    39070k  9287.9s
     1454k   68401    662427  10.82%   12              20                40.00%     2965    238   9695    39106k  9293.0s
     1455k   68457    662958  10.82%   12              20                40.00%     3029    244   9278    39142k  9298.1s
     1456k   68490    663392  10.82%   12              20                40.00%     2427    195   8840    39174k  9303.1s
     1457k   68541    664129  10.83%   12              20                40.00%     1551    301   9120    39212k  9308.1s
     1458k   68560    664626  10.83%   12              20                40.00%     3811    319   9242    39242k  9313.2s
     1460k   68605    665307  10.83%   12              20                40.00%     2404    236   9000    39277k  9318.2s
     1461k   68653    666082  10.84%   12              20                40.00%     1488    167   9034    39308k  9323.2s
     1463k   68693    666706  10.85%   12              20                40.00%     3236    209   9366    39343k  9328.2s
     1465k   68766    667579  10.86%   12              20                40.00%     4027    193   8919    39383k  9333.2s
     1466k   68829    668355  10.89%   12              20                40.00%     2954    175   9260    39419k  9338.2s
     1467k   68875    668923  10.89%   12              20                40.00%     3119    221   8603    39452k  9343.2s
     1469k   68923    669536  10.89%   12              20                40.00%     2728    237   8962    39493k  9348.2s
     1470k   68979    670283  10.89%   12              20                40.00%     2241    136   9837    39526k  9353.2s
     1472k   69048    671056  10.93%   12              20                40.00%     2678    247   9054    39565k  9358.2s
     1473k   69127    671637  10.93%   12              20                40.00%     1711    256   9139    39606k  9363.2s
     1475k   69200    672233  10.94%   12              20                40.00%     2022    206   9176    39646k  9368.2s
     1476k   69287    673083  10.94%   12              20                40.00%     1852    213   8752    39688k  9373.2s

        Nodes      |    B&B Tree     |            Objective Bounds              |  Dynamic Constraints |       Work      
Src  Proc. InQueue |  Leaves   Expl. | BestBound       BestSol              Gap |   Cuts   InLp Confl. | LpIters     Time

     1478k   69314    673673  10.95%   12              20                40.00%     2439    169   9794    39728k  9378.2s
     1479k   69359    674366  10.95%   12              20                40.00%     2674    218   9310    39763k  9383.2s
     1480k   69396    674923  10.96%   12              20                40.00%     2711    187   9656    39793k  9388.3s
     1482k   69430    675546  10.96%   12              20                40.00%     3227    218   9498    39822k  9393.3s
     1483k   69465    676084  10.97%   12              20                40.00%     2380    223   9496    39854k  9398.3s
     1484k   69542    676753  10.97%   12              20                40.00%     3459    286   9235    39888k  9403.4s
     1486k   69605    677432  10.97%   12              20                40.00%     1477    262   9733    39926k  9408.4s
     1487k   69661    677914  10.97%   12              20                40.00%     3386    245   9005    40018k  9425.3s
     1488k   69694    678402  10.97%   12              20                40.00%     1994    172   9396    40060k  9430.3s
     1489k   69742    679153  10.97%   12              20                40.00%     2098    240   9131    40097k  9435.5s
     1491k   69763    679804  10.98%   12              20                40.00%     2599    194   9198    40132k  9440.5s
     1492k   69774    680370  10.98%   12              20                40.00%     2229    213   9897    40163k  9445.7s
     1493k   69805    681125  10.99%   12              20                40.00%     2164    105   9645    40195k  9450.7s
     1495k   69845    681700  11.00%   12              20                40.00%     3689    255   9257    40226k  9455.7s
     1496k   69936    682512  11.00%   12              20                40.00%     1982    233   8935    40266k  9460.7s
     1498k   70010    683152  11.00%   12              20                40.00%     2722    303   9374    40305k  9465.7s
     1499k   70066    683809  11.00%   12              20                40.00%     3169    237   9310    40342k  9470.7s
     1501k   70112    684551  11.00%   12              20                40.00%     1577    216   9843    40377k  9475.7s
     1503k   70222    685554  11.00%   12              20                40.00%     1389    212   9774    40420k  9480.7s
     1504k   70277    686151  11.01%   12              20                40.00%     1722    179   9970    40454k  9485.7s

        Nodes      |    B&B Tree     |            Objective Bounds              |  Dynamic Constraints |       Work      
Src  Proc. InQueue |  Leaves   Expl. | BestBound       BestSol              Gap |   Cuts   InLp Confl. | LpIters     Time

     1505k   70307    686407  11.01%   12              20                40.00%     1543    254   9300    40523k  9500.9s
     1506k   70390    687205  11.03%   12              20                40.00%     1647    157   9436    40559k  9505.9s
     1508k   70464    687764  11.03%   12              20                40.00%     2625    273   8998    40596k  9510.9s
     1509k   70533    688425  11.03%   12              20                40.00%     3074    242   8340    40629k  9516.0s
     1510k   70596    689087  11.03%   12              20                40.00%     1405    248   8425    40671k  9521.0s
     1512k   70634    689680  11.04%   12              20                40.00%     3113    243   8382    40704k  9526.0s
     1513k   70652    690197  11.06%   12              20                40.00%     2954    131   9693    40736k  9531.0s
     1514k   70711    690905  11.06%   12.00160693     20                39.99%     2124    201   9107    40773k  9536.0s
     1515k   70762    691446  11.06%   12.00743144     20                39.96%     2103    334   9750    40813k  9541.1s
     1517k   70796    692268  11.07%   12.01050781     20                39.95%     2239    209   9702    40846k  9546.1s
     1519k   70848    692933  11.08%   12.01174081     20                39.94%     2893    252   8565    40880k  9551.1s
     1520k   70887    693573  11.08%   12.01459944     20                39.93%     2646    287   8542    40916k  9556.3s
     1521k   70927    694191  11.09%   12.01685393     20                39.92%     3477    286   8403    40950k  9561.3s
     1522k   70952    694533  11.10%   12.01818182     20                39.91%     3499    192   9991    40980k  9566.4s
     1523k   70989    695137  11.10%   12.01912046     20                39.90%     2480    348   9846    41013k  9571.4s
     1524k   71018    695767  11.12%   12.02086338     20                39.90%     2086    212   9549    41044k  9576.4s
     1526k   71051    696567  11.14%   12.02222222     20                39.89%     1918    206   8539    41073k  9581.4s
     1528k   71089    697234  11.15%   12.02340094     20                39.88%     3032    209   9618    41103k  9586.6s
     1529k   71139    697964  11.17%   12.02713779     20                39.86%     3307    238   9718    41139k  9591.6s
     1530k   71167    698479  11.18%   12.02803738     20                39.86%     1994    252   9840    41176k  9596.6s

        Nodes      |    B&B Tree     |            Objective Bounds              |  Dynamic Constraints |       Work      
Src  Proc. InQueue |  Leaves   Expl. | BestBound       BestSol              Gap |   Cuts   InLp Confl. | LpIters     Time

     1532k   71212    699203  11.20%   12.02857143     20                39.86%     2641    174   9940    41211k  9601.6s
     1533k   71274    699989  11.20%   12.03225806     20                39.84%     3074    172   9622    41244k  9606.6s
     1535k   71356    700795  11.21%   12.03320148     20                39.83%     1522    235   9273    41279k  9611.6s
     1537k   71443    701563  11.21%   12.03333333     20                39.83%     1544    173   9674    41321k  9616.6s
     1538k   71475    702331  11.21%   12.03554671     20                39.82%     2439    188   8633    41354k  9621.6s
     1540k   71524    703037  11.23%   12.03624733     20                39.82%     1837    218   9088    41390k  9626.7s
     1541k   71543    703701  11.25%   12.03624733     20                39.82%     3684     95   9267    41423k  9631.7s
     1542k   71562    704308  11.26%   12.04024618     20                39.80%     2361    284   9655    41454k  9636.8s
     1544k   71588    704885  11.27%   12.04081633     20                39.80%     1881    149   9446    41490k  9641.8s
     1545k   71618    705574  11.28%   12.04360389     20                39.78%     2613    267   9448    41524k  9646.8s
     1547k   71657    706407  11.32%   12.04564317     20                39.77%     2775    174   9814    41561k  9651.8s
     1548k   71711    707053  11.32%   12.046875       20                39.77%     4762    288   9587    41596k  9657.0s
     1550k   71765    707698  11.33%   12.04958898     20                39.75%     2549    214   9471    41634k  9662.0s
     1551k   71856    708441  11.34%   12.05           20                39.75%     2335    209   9889    41676k  9667.0s
     1552k   71898    708884  11.35%   12.05063291     20                39.75%     3890    279   9008    41712k  9672.0s
     1553k   71945    709478  11.35%   12.05218982     20                39.74%     2083    252   9289    41747k  9677.0s
     1555k   71976    710163  11.38%   12.05494505     20                39.73%     2604    195   9891    41780k  9682.0s
     1556k   72023    710909  11.39%   12.05833333     20                39.71%     2396    196   8696    41815k  9687.0s
     1558k   72083    711505  11.39%   12.06221869     20                39.69%     1940    292   9932    41849k  9692.0s
     1559k   72119    712066  11.40%   12.06285469     20                39.69%     2425    193   8837    41885k  9697.1s

        Nodes      |    B&B Tree     |            Objective Bounds              |  Dynamic Constraints |       Work      
Src  Proc. InQueue |  Leaves   Expl. | BestBound       BestSol              Gap |   Cuts   InLp Confl. | LpIters     Time

     1560k   72177    712808  11.40%   12.0647005      20                39.68%     2421    156   9648    41916k  9702.1s
     1562k   72200    713419  11.41%   12.06521739     20                39.67%     2305    193   9388    41947k  9707.1s
     1563k   72249    714059  11.42%   12.07017544     20                39.65%     3038    279   9642    41984k  9712.1s
     1565k   72315    714796  11.42%   12.07171112     20                39.64%     2968    320   8953    42019k  9717.1s
     1566k   72348    715402  11.43%   12.07607253     20                39.62%     2369    221   9748    42053k  9722.2s
     1567k   72386    716097  11.44%   12.07617896     20                39.62%     2523    257   9613    42082k  9727.2s
     1569k   72449    716761  11.44%   12.0781759      20                39.61%     3697    267   9908    42115k  9732.3s
     1570k   72498    717473  11.45%   12.07931034     20                39.60%     2464    217   9491    42153k  9737.3s
     1571k   72538    718080  11.47%   12.08073142     20                39.60%     2289    243   9793    42187k  9742.3s
     1572k   72557    718587  11.52%   12.08196721     20                39.59%     1817    220   9770    42220k  9747.3s
     1574k   72611    719264  11.52%   12.08333333     20                39.58%     2105    237   9400    42255k  9752.3s
     1575k   72659    719978  11.55%   12.08695652     20                39.57%     2921    184   9899    42292k  9757.3s
     1577k   72703    720653  11.55%   12.0877193      20                39.56%     2092    204   9630    42323k  9762.3s
     1578k   72729    721149  11.56%   12.09090909     20                39.55%     2574    157   9674    42353k  9767.3s
     1579k   72774    721721  11.57%   12.09090909     20                39.55%     2519    319   9635    42395k  9772.3s
     1580k   72814    722433  11.58%   12.09375        20                39.53%     2680     74   9633    42427k  9777.3s
     1582k   72896    723352  11.58%   12.09481186     20                39.53%     1970    162   9563    42461k  9782.4s
     1584k   72921    723948  11.59%   12.09917355     20                39.50%     2817    272   7979    42496k  9787.4s
     1585k   72959    724500  11.60%   12.1            20                39.50%     1970    176   9356    42533k  9792.5s
     1586k   72991    725276  11.60%   12.1            20                39.50%     3116    197   9989    42568k  9797.5s

        Nodes      |    B&B Tree     |            Objective Bounds              |  Dynamic Constraints |       Work      
Src  Proc. InQueue |  Leaves   Expl. | BestBound       BestSol              Gap |   Cuts   InLp Confl. | LpIters     Time

     1588k   73042    725984  11.61%   12.10077519     20                39.50%     1374    250   9804    42605k  9802.5s
     1590k   73104    726771  11.63%   12.10209424     20                39.49%     1857    125   9232    42642k  9807.5s
     1591k   73169    727485  11.65%   12.1049936      20                39.48%     1322    186   9710    42683k  9812.5s
     1593k   73216    728278  11.65%   12.1053256      20                39.47%     1269    245   9543    42729k  9817.5s
     1594k   73291    729056  11.66%   12.10686073     20                39.47%     2031    160   9238    42765k  9822.5s
     1596k   73325    729668  11.67%   12.10955711     20                39.45%     2773    270   8961    42798k  9827.5s
     1597k   73348    730173  11.68%   12.11111111     20                39.44%     2578    180   9586    42829k  9832.6s
     1598k   73390    730757  11.70%   12.11111111     20                39.44%     4092    288   9040    42864k  9837.6s
     1599k   73393    731307  11.71%   12.1116188      20                39.44%     2185    210   9878    42897k  9842.6s
     1600k   73458    731903  11.71%   12.11267606     20                39.44%     1744    180   9907    42933k  9847.7s
     1602k   73512    732713  11.72%   12.11428571     20                39.43%     2549    195   9523    42971k  9852.7s
     1603k   73557    733345  11.74%   12.11538462     20                39.42%     1970    141   8116    43002k  9857.7s
     1605k   73593    734011  11.74%   12.125          20                39.38%     1751    173   8781    43034k  9862.7s
     1607k   73659    734835  11.74%   12.125          20                39.37%     2144    215   9979    43072k  9867.8s
     1608k   73704    735426  11.80%   12.12531328     20                39.37%     2550    182   8964    43104k  9872.8s
     1609k   73765    736169  11.81%   12.12575441     20                39.37%     2655    107   9699    43143k  9877.8s
     1611k   73814    736928  11.83%   12.12875528     20                39.36%     3116    273   8168    43180k  9882.9s
     1612k   73843    737340  11.83%   12.12875528     20                39.36%     2455    301   9477    43217k  9887.9s
     1613k   73852    737817  11.86%   12.12938596     20                39.35%     2443    203   9919    43249k  9892.9s
     1614k   73885    738467  11.87%   12.13225806     20                39.34%     2341    251   9268    43285k  9897.9s

        Nodes      |    B&B Tree     |            Objective Bounds              |  Dynamic Constraints |       Work      
Src  Proc. InQueue |  Leaves   Expl. | BestBound       BestSol              Gap |   Cuts   InLp Confl. | LpIters     Time

     1616k   73918    739093  11.90%   12.13255145     20                39.34%     1823    225   9950    43319k  9903.0s
     1617k   73982    739894  11.90%   12.13636364     20                39.32%     3264    199   9527    43354k  9908.0s
     1619k   74014    740611  11.91%   12.14285714     20                39.29%     2626    280   8766    43387k  9913.0s
     1620k   74027    741142  11.92%   12.14285714     20                39.29%     2023    210   8837    43419k  9918.1s
     1621k   74064    741743  11.93%   12.1461039      20                39.27%     2015    248   8935    43453k  9923.1s
     1623k   74122    742490  11.94%   12.15017462     20                39.25%     2287    256   9889    43494k  9928.2s
     1624k   74169    743190  11.94%   12.1512605      20                39.24%     1664    161   8683    43533k  9933.2s
     1626k   74203    743865  11.95%   12.15484064     20                39.23%     3214    197   9977    43566k  9938.2s
     1627k   74237    744633  11.95%   12.15865652     20                39.21%     2461    210   9748    43606k  9943.4s
     1628k   74266    745266  11.96%   12.16580796     20                39.17%     2501    212   8820    43638k  9948.4s
     1630k   74311    745920  11.96%   12.16666667     20                39.17%     2824    249   9848    43675k  9953.4s
     1631k   74355    746572  11.96%   12.16666667     20                39.17%     1587    249   9936    43711k  9958.4s
     1632k   74377    747055  11.97%   12.16666667     20                39.17%     2022    232   9975    43748k  9963.4s
     1634k   74412    747896  11.97%   12.16666667     20                39.17%     2224    209   9813    43790k  9968.4s
     1635k   74442    748434  11.98%   12.16666667     20                39.17%     3902    238   8316    43822k  9973.4s
     1637k   74476    749120  11.98%   12.16740957     20                39.16%     2043    264   9143    43860k  9978.4s
     1637k   74479    749151  11.98%   12.16740957     20                39.16%     1761    252   9572    43901k  9987.4s
     1638k   74520    749752  12.00%   12.16770186     20                39.16%     3267    284   9122    43936k  9992.4s
     1639k   74596    750512  12.00%   12.16901408     20                39.15%     2650    229   8869    43973k  9997.4s
     1641k   74638    751114  12.00%   12.17055438     20                39.15%     1760    207   9576    44009k 10002.4s

        Nodes      |    B&B Tree     |            Objective Bounds              |  Dynamic Constraints |       Work      
Src  Proc. InQueue |  Leaves   Expl. | BestBound       BestSol              Gap |   Cuts   InLp Confl. | LpIters     Time

     1642k   74653    751615  12.00%   12.17145435     20                39.14%     2542    177   9289    44043k 10007.4s
     1643k   74692    752128  12.03%   12.17178924     20                39.14%     2431    244   9786    44081k 10012.4s
     1645k   74746    752964  12.03%   12.17178924     20                39.14%     2020    176   8599    44121k 10017.4s
     1646k   74761    753509  12.03%   12.17409665     20                39.13%     2606    220   9693    44160k 10022.4s
     1647k   74797    754175  12.04%   12.17698445     20                39.12%     3440    173   9174    44193k 10027.4s
     1649k   74830    754955  12.04%   12.17820513     20                39.11%     2743    179   9495    44226k 10032.5s
     1650k   74853    755337  12.05%   12.17917228     20                39.10%     4945    239   9110    44256k 10037.5s
     1651k   74874    755871  12.06%   12.17948718     20                39.10%     2152    182   8670    44290k 10042.6s
     1652k   74908    756518  12.06%   12.18154762     20                39.09%     1542    272   9342    44324k 10047.6s
     1654k   74956    757309  12.06%   12.18181818     20                39.09%     1676    231   8870    44361k 10052.6s
     1655k   74984    757921  12.07%   12.18181818     20                39.09%     2331    194   9393    44392k 10057.6s
     1656k   75024    758613  12.07%   12.1875         20                39.06%     2232    217   9367    44430k 10065.0s
     1658k   75048    759220  12.07%   12.19047619     20                39.05%     2634    173   8804    44465k 10070.0s
     1659k   75097    759932  12.07%   12.19230769     20                39.04%     2071    216   9580    44502k 10075.0s
     1660k   75120    760377  12.07%   12.19230769     20                39.04%     1408    177   9389    44557k 10085.7s
     1661k   75133    760906  12.07%   12.19562658     20                39.02%     2116    155   9804    44590k 10090.7s
     1663k   75176    761688  12.08%   12.19870443     20                39.01%     1416    136   9636    44627k 10095.7s
     1664k   75190    762183  12.11%   12.19932721     20                39.00%     2930    298   9938    44658k 10100.7s
     1665k   75221    762802  12.11%   12.2            20                39.00%     2379    252   9977    44691k 10105.8s
     1667k   75291    763589  12.12%   12.2            20                39.00%     2403    225   9493    44730k 10110.8s

        Nodes      |    B&B Tree     |            Objective Bounds              |  Dynamic Constraints |       Work      
Src  Proc. InQueue |  Leaves   Expl. | BestBound       BestSol              Gap |   Cuts   InLp Confl. | LpIters     Time

     1668k   75322    764329  12.14%   12.2            20                39.00%     2413    268   9834    44768k 10115.8s
     1670k   75363    765150  12.14%   12.2            20                39.00%     3930    288   9560    44802k 10120.9s
     1671k   75387    765826  12.14%   12.2            20                39.00%     2130    104   9493    44837k 10125.9s
     1673k   75436    766720  12.15%   12.2            20                39.00%     1450    221   8925    44875k 10130.9s
     1675k   75483    767422  12.16%   12.20205479     20                38.99%     3716    275   8862    44909k 10135.9s
     1676k   75528    768133  12.17%   12.203125       20                38.98%     3907    158   9344    44942k 10140.9s
     1678k   75562    768935  12.19%   12.20588235     20                38.97%     1804    175   8494    44975k 10145.9s
     1679k   75601    769541  12.19%   12.20676777     20                38.97%     2464    217   9531    45008k 10150.9s
     1681k   75630    770176  12.19%   12.20779221     20                38.96%     1980    205   9461    45040k 10155.9s
     1682k   75658    770812  12.20%   12.20967742     20                38.95%     1950    187   9224    45074k 10160.9s
     1683k   75688    771404  12.20%   12.21146953     20                38.94%     2739    182   8891    45106k 10165.9s
     1684k   75724    771818  12.20%   12.21339291     20                38.93%     2703    313   8822    45181k 10181.0s
     1685k   75748    772270  12.21%   12.21428571     20                38.93%     4091    262   9515    45212k 10186.0s
     1686k   75764    772707  12.21%   12.21502135     20                38.92%     2372    170   9819    45249k 10191.1s
     1687k   75814    773408  12.21%   12.2173913      20                38.91%     2168    217   9651    45287k 10196.1s
     1688k   75842    773936  12.22%   12.2195122      20                38.90%     2642    212   9986    45325k 10201.1s
     1690k   75890    774699  12.23%   12.22           20                38.90%     2100    172   8578    45362k 10206.1s
     1692k   75952    775589  12.23%   12.22222222     20                38.89%     2521    251   9159    45396k 10211.1s
     1693k   75981    776148  12.23%   12.22222222     20                38.89%     3998    218   9508    45430k 10216.2s
     1695k   76035    777005  12.25%   12.22222222     20                38.89%     2062    266   9951    45466k 10221.2s

        Nodes      |    B&B Tree     |            Objective Bounds              |  Dynamic Constraints |       Work      
Src  Proc. InQueue |  Leaves   Expl. | BestBound       BestSol              Gap |   Cuts   InLp Confl. | LpIters     Time

     1696k   76076    777663  12.28%   12.22340426     20                38.88%     2269    285   9484    45499k 10226.3s
     1698k   76124    778380  12.29%   12.22444703     20                38.88%     1650    200   9551    45530k 10231.3s
     1699k   76151    778905  12.30%   12.22567367     20                38.87%     3256    284   9583    45563k 10236.3s
     1700k   76185    779537  12.31%   12.22580645     20                38.87%     2798    187   9477    45596k 10241.3s
     1701k   76225    780140  12.31%   12.22727273     20                38.86%     2233    232   9544    45632k 10246.3s
     1703k   76273    780858  12.32%   12.22809668     20                38.86%     1708    224   9418    45673k 10251.3s
     1704k   76303    781523  12.33%   12.22926829     20                38.85%     2163    207   9212    45706k 10256.5s
     1706k   76371    782276  12.33%   12.22945066     20                38.85%     2375    310   9714    45740k 10261.5s
     1707k   76403    782766  12.33%   12.23           20                38.85%     2240    131   9837    45777k 10266.5s
     1709k   76462    783614  12.34%   12.23177744     20                38.84%     1746    229   9299    45812k 10271.6s
     1710k   76480    784163  12.34%   12.23245214     20                38.84%     2386    291   9997    45843k 10276.6s
     1711k   76534    784874  12.35%   12.23529412     20                38.82%     4686    321   8803    45882k 10281.8s
     1712k   76551    785461  12.36%   12.23529412     20                38.82%     2049    221   9998    45918k 10286.8s
     1714k   76599    786158  12.36%   12.23684211     20                38.82%     2099    197   9832    45948k 10291.9s
     1716k   76634    786981  12.37%   12.23809524     20                38.81%     2524    228   9139    45985k 10296.9s
     1717k   76663    787603  12.37%   12.23867069     20                38.81%     2635    236   9542    46024k 10303.8s
     1718k   76672    788203  12.37%   12.24333945     20                38.78%     1668    192   9757    46059k 10308.8s
     1719k   76704    788807  12.37%   12.24615385     20                38.77%     1958    180   8730    46093k 10313.8s
     1721k   76745    789493  12.38%   12.24852071     20                38.76%     2428    191   9857    46128k 10318.8s
     1722k   76765    789847  12.38%   12.24852071     20                38.76%     2288    137   9670    46212k 10335.7s

        Nodes      |    B&B Tree     |            Objective Bounds              |  Dynamic Constraints |       Work      
Src  Proc. InQueue |  Leaves   Expl. | BestBound       BestSol              Gap |   Cuts   InLp Confl. | LpIters     Time

     1724k   76807    790768  12.40%   12.25           20                38.75%     2013    239   8863    46250k 10340.7s
     1725k   76841    791526  12.40%   12.25           20                38.75%     2416    179   9517    46288k 10345.8s
     1727k   76888    792275  12.41%   12.25           20                38.75%     1963    169   9909    46320k 10350.8s
     1728k   76928    792978  12.42%   12.25           20                38.75%     1775    226   9678    46355k 10355.8s
     1729k   76966    793582  12.42%   12.25           20                38.75%     2167    254   9508    46397k 10360.8s
     1731k   76992    794198  12.42%   12.25           20                38.75%     2151    241   8745    46434k 10366.1s
     1732k   77030    795009  12.42%   12.25           20                38.75%     1879    162   9372    46471k 10371.1s
     1734k   77053    795671  12.43%   12.25           20                38.75%     2434    233   8816    46503k 10376.1s
     1735k   77097    796374  12.43%   12.25           20                38.75%     3808    276   8792    46539k 10381.1s
     1736k   77110    796928  12.45%   12.25           20                38.75%     3117    151   9395    46571k 10386.1s
     1738k   77134    797557  12.48%   12.25           20                38.75%     2061    220   8469    46600k 10391.1s
     1739k   77163    798127  12.48%   12.25           20                38.75%     2133    140   9728    46635k 10396.1s
     1741k   77194    798986  12.53%   12.25168237     20                38.74%     1505    156   9561    46671k 10401.2s
     1742k   77205    799494  12.54%   12.25303034     20                38.73%     2931    272   9431    46701k 10406.2s
     1743k   77206    799951  12.55%   12.2566596      20                38.72%     2416    126   9817    46730k 10411.2s
     1744k   77231    800545  12.56%   12.25824176     20                38.71%     3016    180   9873    46763k 10416.2s
     1745k   77268    801289  12.57%   12.26           20                38.70%     2587    226   9969    46795k 10421.2s
     1747k   77320    802123  12.61%   12.26222222     20                38.69%     3037    163   9912    46828k 10426.2s
     1749k   77382    802768  12.62%   12.26388889     20                38.68%     2294    200   9728    46859k 10431.2s
     1750k   77402    803384  12.63%   12.26666667     20                38.67%     2133    202   9983    46890k 10436.2s

        Nodes      |    B&B Tree     |            Objective Bounds              |  Dynamic Constraints |       Work      
Src  Proc. InQueue |  Leaves   Expl. | BestBound       BestSol              Gap |   Cuts   InLp Confl. | LpIters     Time

     1751k   77436    803949  12.64%   12.27095283     20                38.65%     1950    171   8741    46921k 10441.2s
     1752k   77461    804548  12.68%   12.27116402     20                38.64%     1924    267   9056    46953k 10446.2s
     1753k   77504    805109  12.69%   12.27265419     20                38.64%     2531    158   9580    46989k 10451.2s
     1755k   77555    805794  12.70%   12.27306682     20                38.63%     2038    183   9750    47021k 10456.3s
     1756k   77583    806444  12.70%   12.27586207     20                38.62%     2699    127   9412    47059k 10461.3s
     1758k   77630    807146  12.72%   12.27747748     20                38.61%     2428    235   9746    47095k 10466.4s
     1759k   77672    807795  12.73%   12.27777778     20                38.61%     2289    176   9815    47130k 10471.4s
     1760k   77690    808396  12.74%   12.27956277     20                38.60%     2039    254   9371    47162k 10476.4s
     1762k   77723    809160  12.75%   12.28256498     20                38.59%     2460    239   9087    47195k 10481.6s
     1763k   77769    809777  12.76%   12.28460039     20                38.58%     2355    175   9836    47236k 10486.6s
     1765k   77824    810463  12.76%   12.28460039     20                38.58%     2011    286   9272    47274k 10491.7s
     1766k   77875    811134  12.78%   12.28511208     20                38.57%     1903    174   8483    47305k 10496.7s
     1767k   77899    811803  12.79%   12.28560776     20                38.57%     3021    201   9782    47340k 10501.7s
     1769k   77954    812544  12.81%   12.28571429     20                38.57%     3277    261   9775    47375k 10506.7s
     1770k   77981    812966  12.82%   12.28571429     20                38.57%     2505    257   9909    47413k 10511.8s
     1771k   77993    813513  12.85%   12.28571429     20                38.57%     2636    190   9466    47448k 10517.0s
     1772k   78017    814190  12.86%   12.28571429     20                38.57%     2690    152   9337    47481k 10522.0s
     1774k   78043    814770  12.90%   12.28571429     20                38.57%     2454    247   9937    47517k 10527.0s
     1775k   78069    815585  12.91%   12.28732394     20                38.56%     2156    259   9203    47552k 10532.0s
     1777k   78118    816189  12.91%   12.28974487     20                38.55%     2770    242   9934    47584k 10537.0s

        Nodes      |    B&B Tree     |            Objective Bounds              |  Dynamic Constraints |       Work      
Src  Proc. InQueue |  Leaves   Expl. | BestBound       BestSol              Gap |   Cuts   InLp Confl. | LpIters     Time

     1778k   78193    816956  12.92%   12.29032258     20                38.55%     1645    154   9747    47615k 10542.0s
     1780k   78226    817595  12.93%   12.29172522     20                38.54%     2733    231   9244    47649k 10547.0s
     1781k   78265    818184  12.94%   12.29308216     20                38.53%     2240    214   8461    47682k 10552.1s
     1782k   78287    818958  12.95%   12.29512516     20                38.52%     3164    192   9750    47717k 10557.1s
     1784k   78332    819585  12.96%   12.29844098     20                38.51%     1676    265   9912    47751k 10562.1s
     1785k   78382    820290  12.96%   12.29877996     20                38.51%     2635    264   9623    47788k 10567.4s
     1787k   78417    820983  12.98%   12.3            20                38.50%     3129    153   8660    47825k 10572.4s
     1788k   78441    821580  12.98%   12.3            20                38.50%     2570    284   9265    47859k 10577.4s
     1790k   78473    822442  12.99%   12.30275229     20                38.49%     1997    204   9134    47892k 10582.5s
     1791k   78494    823133  13.02%   12.30434783     20                38.48%     2660    259   8988    47927k 10587.5s
     1792k   78525    823765  13.02%   12.30434783     20                38.48%     2797    241   8833    47960k 10592.5s
     1794k   78563    824377  13.03%   12.30682071     20                38.47%     2599    192   9614    47992k 10597.5s
     1795k   78589    825077  13.13%   12.30769231     20                38.46%     1385    188   9669    48022k 10602.5s
     1796k   78597    825574  13.14%   12.3125         20                38.44%     2503    260   9332    48052k 10607.6s
     1797k   78615    826069  13.14%   12.31578947     20                38.42%     1898    241   9874    48089k 10612.6s
     1799k   78654    826729  13.15%   12.31772014     20                38.41%     2152    255   9605    48121k 10617.6s
     1800k   78686    827328  13.15%   12.31863286     20                38.41%     2366    236   9276    48153k 10622.6s
     1801k   78699    827867  13.15%   12.32186674     20                38.39%     3379    211   9983    48186k 10627.6s
     1802k   78736    828483  13.17%   12.32224095     20                38.39%     2325    206   9560    48216k 10632.6s
     1804k   78804    829292  13.20%   12.32243665     20                38.39%     2418    207   9379    48250k 10637.6s

        Nodes      |    B&B Tree     |            Objective Bounds              |  Dynamic Constraints |       Work      
Src  Proc. InQueue |  Leaves   Expl. | BestBound       BestSol              Gap |   Cuts   InLp Confl. | LpIters     Time

     1806k   78821    830062  13.21%   12.32258065     20                38.39%     2434    194   9628    48279k 10642.8s
     1807k   78840    830647  13.21%   12.32337946     20                38.38%     2010    206   9927    48316k 10647.8s
     1808k   78862    831143  13.29%   12.3255814      20                38.37%     2081    224   8665    48354k 10652.8s
     1809k   78893    831689  13.29%   12.32879581     20                38.36%     2435    195   8626    48393k 10657.8s
     1810k   78943    832242  13.30%   12.33093167     20                38.35%     2778    255   9960    48422k 10662.9s
     1811k   78985    832734  13.30%   12.33102488     20                38.34%     1735    221   9988    48462k 10667.9s
     1812k   79028    833307  13.31%   12.33333333     20                38.33%     2881    240   9961    48494k 10672.9s
     1814k   79077    834081  13.31%   12.33333333     20                38.33%     4733    306   9275    48527k 10677.9s
     1815k   79100    834619  13.32%   12.33333333     20                38.33%     1954    230   9647    48558k 10683.0s
     1816k   79126    835222  13.33%   12.33333333     20                38.33%     1750    100   9978    48596k 10688.0s
     1818k   79178    835892  13.37%   12.33333333     20                38.33%     3116    193   9834    48624k 10693.0s
     1819k   79215    836472  13.40%   12.33333333     20                38.33%     1796    330   9685    48663k 10698.0s
     1820k   79258    836975  13.40%   12.33333333     20                38.33%     4142    264   9369    48702k 10703.0s
     1821k   79265    837555  13.42%   12.33333333     20                38.33%     3460    319   9736    48738k 10708.0s
     1823k   79294    838265  13.43%   12.33333333     20                38.33%     2896    184   9789    48772k 10713.0s
     1824k   79317    838901  13.43%   12.33333333     20                38.33%     2196    190   9425    48809k 10718.0s
     1825k   79362    839526  13.43%   12.33333333     20                38.33%     2176    217   9785    48846k 10723.0s
     1826k   79383    840075  13.44%   12.33333333     20                38.33%     2203    185   9449    48879k 10728.0s
     1828k   79428    840790  13.45%   12.33333333     20                38.33%     3076    328   9377    48915k 10733.2s
     1829k   79463    841327  13.46%   12.33333333     20                38.33%     3471    167   8158    48954k 10738.2s

        Nodes      |    B&B Tree     |            Objective Bounds              |  Dynamic Constraints |       Work      
Src  Proc. InQueue |  Leaves   Expl. | BestBound       BestSol              Gap |   Cuts   InLp Confl. | LpIters     Time

     1830k   79492    841970  13.47%   12.33333333     20                38.33%     2201    286   9214    48988k 10743.3s
     1832k   79493    842551  13.49%   12.33333333     20                38.33%     2097    218   9317    49022k 10748.3s
     1834k   79556    843501  13.49%   12.33333333     20                38.33%     1884    208   8677    49056k 10753.3s
     1835k   79583    843953  13.49%   12.33333333     20                38.33%     3299    255   8938    49090k 10758.5s
     1836k   79597    844470  13.50%   12.33333333     20                38.33%     2499    234   9943    49120k 10763.5s
     1837k   79618    845019  13.51%   12.33333333     20                38.33%     3117    223   9999    49153k 10768.6s
     1838k   79624    845645  13.52%   12.33656388     20                38.32%     2799    276   9416    49185k 10773.6s
     1839k   79654    846263  13.52%   12.34099741     20                38.30%     1642    201   9949    49217k 10778.6s
     1840k   79678    846728  13.53%   12.34615385     20                38.27%     3378    284   9489    49255k 10783.7s
     1842k   79704    847313  13.54%   12.35           20                38.25%     2318    268   9529    49283k 10788.7s
     1843k   79727    847904  13.55%   12.35289272     20                38.24%     2763    224   9914    49316k 10793.7s
     1844k   79769    848474  13.55%   12.35294118     20                38.24%     2864    246   9097    49352k 10798.7s
     1846k   79830    849187  13.55%   12.3537415      20                38.23%     1355    142   9429    49390k 10803.7s
     1847k   79873    849820  13.56%   12.35406178     20                38.23%     2404    267   9129    49421k 10808.8s
     1848k   79906    850308  13.58%   12.35630107     20                38.22%     2473    258   8921    49457k 10813.9s
     1849k   79937    850986  13.59%   12.35816524     20                38.21%     2349    206   9218    49489k 10818.9s
     1850k   79967    851573  13.60%   12.35955056     20                38.20%     2345    263   9828    49522k 10824.0s
     1852k   80012    852314  13.64%   12.36111111     20                38.19%     2744    139   9093    49556k 10829.0s
     1854k   80042    853044  13.64%   12.36241611     20                38.19%     2030    176   9894    49588k 10834.0s
     1855k   80067    853632  13.65%   12.36363636     20                38.18%     3495    241   9213    49621k 10839.0s

        Nodes      |    B&B Tree     |            Objective Bounds              |  Dynamic Constraints |       Work      
Src  Proc. InQueue |  Leaves   Expl. | BestBound       BestSol              Gap |   Cuts   InLp Confl. | LpIters     Time

     1856k   80071    854187  13.65%   12.36516854     20                38.17%     5104    242   8974    49652k 10844.0s
     1857k   80096    854841  13.65%   12.36842105     20                38.16%     2653    189   9287    49682k 10849.0s
     1859k   80143    855502  13.66%   12.37088065     20                38.15%     1948    225   8435    49716k 10854.0s
     1860k   80168    856030  13.69%   12.37088065     20                38.15%     1954    170   9326    49747k 10859.0s
     1861k   80209    856753  13.70%   12.37261146     20                38.14%     2215    214   9751    49781k 10864.0s
     1863k   80235    857364  13.70%   12.375          20                38.12%     3456    204   9001    49813k 10869.1s
     1864k   80264    857987  13.71%   12.375          20                38.12%     4337    270   9942    49848k 10874.2s
     1865k   80279    858683  13.72%   12.375          20                38.12%     1540    176   8780    49880k 10879.2s
     1866k   80289    859256  13.73%   12.37540495     20                38.12%     3729    248   9920    49912k 10884.2s
     1868k   80312    859933  13.74%   12.37540495     20                38.12%     3215    239   9247    49947k 10889.3s
     1869k   80344    860689  13.75%   12.37662548     20                38.12%     2621    259   8941    49982k 10894.3s
     1871k   80364    861216  13.76%   12.37735849     20                38.11%     2181    264   9428    50015k 10899.5s
     1872k   80392    861857  13.76%   12.3776673      20                38.11%     3482    230   9580    50049k 10904.5s
     1873k   80432    862608  13.76%   12.37837838     20                38.11%     3280    241   9485    50077k 10909.5s
     1875k   80475    863237  13.77%   12.37970353     20                38.10%     2598    137   9539    50106k 10914.5s
     1876k   80515    863956  13.78%   12.38083866     20                38.10%     3439    217   9489    50142k 10919.6s
     1878k   80553    864748  13.80%   12.38350485     20                38.08%     3188    267   8995    50177k 10924.6s
     1879k   80566    865201  13.80%   12.38461538     20                38.08%     3123    225   9107    50209k 10929.6s
     1880k   80593    865805  13.81%   12.38636364     20                38.07%     3010    205   9339    50240k 10934.6s
     1881k   80644    866440  13.84%   12.3875969      20                38.06%     2732    253   9027    50273k 10939.7s

        Nodes      |    B&B Tree     |            Objective Bounds              |  Dynamic Constraints |       Work      
Src  Proc. InQueue |  Leaves   Expl. | BestBound       BestSol              Gap |   Cuts   InLp Confl. | LpIters     Time

     1883k   80658    867038  13.85%   12.38888889     20                38.06%     2414    246   9105    50307k 10944.7s
     1884k   80697    867680  13.86%   12.39089149     20                38.05%     2020    264   8883    50339k 10949.7s
     1885k   80739    868321  13.87%   12.39419674     20                38.03%     3116    240   9651    50377k 10954.9s
     1887k   80779    869159  13.87%   12.39607979     20                38.02%     2259    198   9523    50410k 10959.9s
     1888k   80816    869754  13.89%   12.39888157     20                38.01%     1731    204   9466    50442k 10964.9s
     1890k   80839    870547  13.90%   12.4            20                38.00%     1878    108   8905    50476k 10969.9s
     1891k   80873    871131  13.91%   12.4            20                38.00%     2198    159   9243    50507k 10974.9s
     1892k   80898    871720  13.92%   12.4            20                38.00%     2665    181   9488    50536k 10979.9s
     1894k   80926    872331  13.93%   12.4            20                38.00%     2354    256   9017    50569k 10985.0s
     1896k   80968    873204  13.95%   12.4            20                38.00%     2006    145   9208    50604k 10990.1s
     1897k   81000    873999  13.96%   12.4            20                38.00%     2258    189   9200    50638k 10995.1s
     1899k   81028    874785  13.97%   12.4            20                38.00%     2081    166   8736    50668k 11000.1s
     1900k   81059    875480  13.97%   12.40286469     20                37.99%     2845    196   9707    50699k 11005.1s
     1902k   81127    876255  13.98%   12.40517241     20                37.97%     2688    294   9944    50735k 11010.1s
     1904k   81151    877020  14.00%   12.40858925     20                37.96%     2415    170   9619    50771k 11015.2s
     1905k   81199    877789  14.00%   12.40970415     20                37.95%     2145    252   9937    50808k 11020.2s
     1906k   81227    878376  14.00%   12.41025641     20                37.95%     2328    126   8656    50842k 11025.2s
     1908k   81279    879148  14.01%   12.41211565     20                37.94%     2124    115   9766    50873k 11030.2s
     1909k   81309    879773  14.02%   12.41273975     20                37.94%     2735    195   9798    50906k 11035.2s
     1910k   81328    880306  14.02%   12.41304348     20                37.93%     2707    271   9572    50941k 11040.2s

        Nodes      |    B&B Tree     |            Objective Bounds              |  Dynamic Constraints |       Work      
Src  Proc. InQueue |  Leaves   Expl. | BestBound       BestSol              Gap |   Cuts   InLp Confl. | LpIters     Time

     1912k   81373    881015  14.02%   12.41602493     20                37.92%     2870    269   8332    50977k 11045.2s
     1913k   81396    881450  14.03%   12.41666667     20                37.92%     2808    177   8413    51016k 11050.3s
     1914k   81421    882208  14.09%   12.41666667     20                37.92%     3100    257   9807    51052k 11055.4s
     1915k   81449    882676  14.10%   12.42273866     20                37.89%     3154    369   8953    51088k 11060.4s
     1917k   81475    883285  14.10%   12.42424242     20                37.88%     3110    274   8073    51121k 11065.4s
     1918k   81504    884004  14.12%   12.42857143     20                37.86%     2574    172   9656    51155k 11070.4s
     1919k   81525    884632  14.12%   12.42857143     20                37.86%     2045    187   9841    51188k 11075.4s
     1921k   81584    885397  14.19%   12.42857143     20                37.86%     2639    233   8755    51224k 11080.4s
     1923k   81619    886205  14.19%   12.42857143     20                37.86%     1966    212   8632    51259k 11085.5s
     1924k   81642    886985  14.19%   12.42857143     20                37.86%     2179    176   9915    51289k 11090.5s
     1926k   81664    887606  14.20%   12.43181818     20                37.84%     2745    213   9222    51321k 11095.5s
     1927k   81716    888140  14.20%   12.43333333     20                37.83%     2443    228   9949    51355k 11100.6s
     1928k   81748    888673  14.21%   12.43409126     20                37.83%     1950    286   9805    51395k 11105.6s
     1929k   81777    889172  14.21%   12.43526171     20                37.82%     3380    232   9883    51432k 11110.6s
     1930k   81783    889726  14.22%   12.43654822     20                37.82%     2548    280   9815    51463k 11115.6s
     1931k   81810    890324  14.22%   12.4375         20                37.81%     2874    281   9392    51500k 11120.6s
     1933k   81844    890880  14.22%   12.43834889     20                37.81%     1966    249   9374    51538k 11125.6s
     1934k   81868    891434  14.25%   12.43902439     20                37.80%     2145    289   9549    51573k 11130.8s
     1935k   81915    892154  14.27%   12.43925234     20                37.80%     2103    164   9141    51607k 11135.8s
     1936k   81945    892760  14.29%   12.44230474     20                37.79%     3244    173   9445    51645k 11140.8s

        Nodes      |    B&B Tree     |            Objective Bounds              |  Dynamic Constraints |       Work      
Src  Proc. InQueue |  Leaves   Expl. | BestBound       BestSol              Gap |   Cuts   InLp Confl. | LpIters     Time

     1938k   81978    893384  14.29%   12.44403557     20                37.78%     3278    303   8744    51682k 11145.8s
     1939k   82029    893938  14.29%   12.44444444     20                37.78%     2051    211   9386    51717k 11150.9s
     1940k   82051    894484  14.30%   12.44444444     20                37.78%     3140    332   9121    51754k 11156.0s
     1941k   82054    894963  14.31%   12.44444444     20                37.78%     2332    186   9184    51786k 11161.1s
     1942k   82104    895637  14.32%   12.4466951      20                37.77%     3043    317   9707    51821k 11166.1s
     1944k   82137    896195  14.33%   12.44721689     20                37.76%     2471    247   8204    51854k 11171.1s
     1945k   82173    896738  14.33%   12.44848485     20                37.76%     2485    170   9148    51892k 11176.1s
     1946k   82206    897457  14.33%   12.45           20                37.75%     1918    169   9834    51924k 11181.1s
     1947k   82217    897985  14.34%   12.45255474     20                37.74%     3223    220   8503    51955k 11186.1s
     1948k   82228    898492  14.36%   12.45446878     20                37.73%     2444    294   9998    51991k 11191.1s
     1950k   82265    899401  14.38%   12.45587419     20                37.72%     1767    206   9345    52025k 11196.2s
     1952k   82319    900023  14.42%   12.45833333     20                37.71%     3184    289   9494    52061k 11201.2s
     1953k   82345    900576  14.43%   12.46124764     20                37.69%     2115    192   9927    52094k 11206.2s
     1954k   82363    901114  14.44%   12.46153846     20                37.69%     2202    322   9838    52134k 11211.2s
     1955k   82382    901724  14.45%   12.46325167     20                37.68%     1674    245   9997    52169k 11216.3s
     1956k   82409    902361  14.46%   12.46428571     20                37.68%     2759    292   9724    52205k 11221.4s
     1958k   82421    902961  14.48%   12.46592845     20                37.67%     2425    200   9741    52237k 11226.6s
     1959k   82470    903599  14.53%   12.4673913      20                37.66%     2704    250   8810    52269k 11231.6s
     1960k   82486    904169  14.58%   12.46875        20                37.66%     2169    154   9998    52307k 11236.7s
     1961k   82511    904770  14.60%   12.46956522     20                37.65%     1993    190   8810    52340k 11241.8s

        Nodes      |    B&B Tree     |            Objective Bounds              |  Dynamic Constraints |       Work      
Src  Proc. InQueue |  Leaves   Expl. | BestBound       BestSol              Gap |   Cuts   InLp Confl. | LpIters     Time

     1963k   82546    905481  14.60%   12.47142857     20                37.64%     2067    248   9948    52373k 11246.8s
     1964k   82579    906021  14.61%   12.47295597     20                37.64%     1910    274  10049    52404k 11251.9s
     1965k   82633    906665  14.62%   12.47445213     20                37.63%     2798    224   9613    52439k 11256.9s
     1967k   82683    907302  14.63%   12.47574537     20                37.62%     2463    249   9246    52480k 11261.9s
     1968k   82690    907693  14.64%   12.47619048     20                37.62%     1885    161   9716    52512k 11266.9s
     1969k   82721    908331  14.65%   12.47759916     20                37.61%     1459    144   9738    52549k 11271.9s
     1970k   82753    908981  14.66%   12.47987616     20                37.60%     2859    267   8913    52582k 11276.9s
     1971k   82788    909541  14.67%   12.48           20                37.60%     1904    203   9575    52619k 11281.9s
     1973k   82804    910181  14.67%   12.48117279     20                37.59%     3577    176   9068    52650k 11286.9s
     1974k   82810    910735  14.68%   12.4822695      20                37.59%     2046    216   9309    52680k 11291.9s
     1975k   82838    911278  14.69%   12.48275862     20                37.59%     2679    284   9639    52715k 11297.0s
     1976k   82861    911792  14.69%   12.48496241     20                37.58%     1999    149   8711    52751k 11302.0s
     1978k   82912    912572  14.69%   12.48648649     20                37.57%     2762    179   9988    52785k 11307.0s
     1979k   82926    913158  14.70%   12.48717949     20                37.56%     2378    202   9622    52813k 11312.0s
     1980k   82944    913677  14.71%   12.48811189     20                37.56%     2286    134   9265    52843k 11317.0s
     1982k   82975    914450  14.72%   12.49038462     20                37.55%     1686    193   8203    52876k 11322.0s
     1983k   83012    915023  14.74%   12.49180328     20                37.54%     2610    226   9650    52912k 11327.0s
     1984k   83050    915695  14.74%   12.4954955      20                37.52%     2233    271   9318    52942k 11332.0s
     1986k   83072    916311  14.75%   12.49633252     20                37.52%     1997    234   9421    52976k 11337.0s
     1987k   83119    916826  14.75%   12.49669967     20                37.52%     2466    254   9655    53016k 11342.1s

        Nodes      |    B&B Tree     |            Objective Bounds              |  Dynamic Constraints |       Work      
Src  Proc. InQueue |  Leaves   Expl. | BestBound       BestSol              Gap |   Cuts   InLp Confl. | LpIters     Time

     1988k   83163    917496  14.76%   12.49879227     20                37.51%     1609    170   9769    53056k 11347.1s
     1989k   83191    918064  14.76%   12.5            20                37.50%     2482    229   8848    53092k 11352.1s
     1991k   83228    918894  14.77%   12.5            20                37.50%     2554    264   9282    53127k 11357.1s
     1992k   83243    919447  14.78%   12.5            20                37.50%     1697    226   9934    53160k 11362.2s
     1993k   83268    920095  14.79%   12.5            20                37.50%     2496    158   9765    53193k 11367.2s
     1995k   83297    920968  14.80%   12.5            20                37.50%     1841    133   9968    53227k 11372.2s
     1997k   83331    921578  14.83%   12.5            20                37.50%     1973    222   9563    53259k 11377.2s
     1998k   83341    922177  14.84%   12.5            20                37.50%     2164    281   9247    53295k 11382.2s
     1999k   83377    922808  14.84%   12.5            20                37.50%     2585    280   8592    53327k 11387.3s
     2000k   83414    923352  14.85%   12.5            20                37.50%     2017    295   8268    53364k 11392.4s
     2001k   83427    923920  14.85%   12.5            20                37.50%     3537    182   9776    53396k 11397.5s
     2003k   83444    924563  14.86%   12.5            20                37.50%     2274    170   9927    53430k 11402.5s
     2005k   83482    925451  14.87%   12.5            20                37.50%     4243    238   9277    53460k 11407.6s
     2006k   83509    926048  14.88%   12.5            20                37.50%     2436    253   9394    53491k 11412.6s
     2007k   83548    926793  14.91%   12.5            20                37.50%     2029    111   9698    53528k 11417.6s
     2008k   83541    927347  14.93%   12.5            20                37.50%     2900    162   8641    53557k 11422.6s
     2010k   83554    927905  14.93%   12.5            20                37.50%     3138    206   9539    53588k 11427.7s
     2011k   83562    928507  14.94%   12.5            20                37.50%     1991    231   8922    53619k 11432.7s
     2012k   83580    928949  14.95%   12.5            20                37.50%     3022    201   9995    53650k 11437.7s
     2013k   83593    929734  14.98%   12.5            20                37.50%     1757    197   9110    53683k 11442.7s

        Nodes      |    B&B Tree     |            Objective Bounds              |  Dynamic Constraints |       Work      
Src  Proc. InQueue |  Leaves   Expl. | BestBound       BestSol              Gap |   Cuts   InLp Confl. | LpIters     Time

     2015k   83640    930350  14.98%   12.5            20                37.50%     3149    254   9256    53716k 11447.8s
     2016k   83652    930969  14.98%   12.5            20                37.50%     1837    143   9935    53750k 11452.8s
     2018k   83695    931804  14.99%   12.5            20                37.50%     2217    184   8835    53783k 11457.8s
     2019k   83705    932319  14.99%   12.5            20                37.50%     2396    166   8591    53818k 11462.8s
     2021k   83750    933166  15.01%   12.5            20                37.50%     2123    111   9884    53855k 11467.8s
     2022k   83779    933892  15.01%   12.5            20                37.50%     2286    192   9651    53890k 11472.8s
     2023k   83780    934459  15.01%   12.5            20                37.50%     2992    133   9875    53926k 11477.8s
     2025k   83819    935216  15.11%   12.5            20                37.50%     2714    188   9743    53960k 11482.8s
     2026k   83846    935912  15.13%   12.5            20                37.50%     1836    161   9748    53991k 11487.9s
     2028k   83853    936640  15.14%   12.5            20                37.50%     3418    247   9591    54024k 11492.9s
     2029k   83875    937223  15.14%   12.5            20                37.50%     3088    244   9158    54054k 11497.9s
     2030k   83920    937838  15.18%   12.5            20                37.50%     2589    221   9619    54084k 11502.9s
     2031k   83926    938341  15.19%   12.5            20                37.50%     1714    154   9927    54118k 11508.0s
     2033k   83938    939017  15.22%   12.5            20                37.50%     2555    249   9986    54151k 11513.0s
     2034k   83948    939631  15.23%   12.5            20                37.50%     2031    113   9293    54182k 11518.0s
     2035k   83969    940187  15.23%   12.5            20                37.50%     2317    170   9770    54218k 11523.0s
     2037k   84027    941182  15.23%   12.5            20                37.50%     2180    181   9639    54256k 11528.0s
     2039k   84041    941829  15.24%   12.5042735      20                37.48%     1835    188   8742    54289k 11533.0s
     2040k   84073    942430  15.25%   12.50547046     20                37.47%     3038    121   9539    54319k 11538.0s
     2041k   84096    942981  15.27%   12.50574713     20                37.47%     1906    174   8190    54357k 11543.0s

        Nodes      |    B&B Tree     |            Objective Bounds              |  Dynamic Constraints |       Work      
Src  Proc. InQueue |  Leaves   Expl. | BestBound       BestSol              Gap |   Cuts   InLp Confl. | LpIters     Time

     2042k   84143    943679  15.27%   12.50609756     20                37.47%     2327    209   9512    54392k 11548.0s
     2044k   84173    944329  15.28%   12.50656776     20                37.47%     3351    238   9461    54426k 11553.0s
     2045k   84195    945006  15.28%   12.50826925     20                37.46%     1894    213   9858    54461k 11558.0s
     2046k   84203    945478  15.28%   12.5106383      20                37.45%     2715    231   9545    54491k 11563.1s
     2048k   84235    946271  15.30%   12.51230104     20                37.44%     2867    223   9843    54522k 11568.1s
     2049k   84278    946954  15.30%   12.51428571     20                37.43%     1885     93   9976    54555k 11573.1s
     2050k   84305    947497  15.31%   12.51508254     20                37.42%     2425    296   9578    54588k 11578.1s
     2052k   84339    948158  15.32%   12.51630435     20                37.42%     2630    287   9438    54623k 11583.1s
     2053k   84382    948608  15.32%   12.51916376     20                37.40%     2759    279   9735    54658k 11588.1s
     2054k   84423    949248  15.33%   12.52147651     20                37.39%     2153    174   9595    54688k 11593.1s
     2055k   84433    949787  15.39%   12.52173913     20                37.39%     2574    194   9857    54722k 11598.1s
     2057k   84525    950712  15.39%   12.52356021     20                37.38%     2712    229   9787    54759k 11603.2s
     2059k   84583    951501  15.40%   12.52511416     20                37.37%     2442    228   9926    54797k 11608.3s
     2060k   84617    952072  15.40%   12.52624113     20                37.37%     2685    197   9959    54837k 11613.3s
     2061k   84666    952727  15.41%   12.53186467     20                37.34%     2525    174   9248    54870k 11618.4s
     2063k   84697    953360  15.42%   12.53234627     20                37.34%     2594    231   8988    54902k 11623.6s
     2064k   84715    953978  15.42%   12.53333333     20                37.33%     2584    257   9539    54937k 11628.6s
     2065k   84727    954526  15.43%   12.53333333     20                37.33%     3098    146   8993    54965k 11633.6s
     2066k   84748    955138  15.43%   12.53616382     20                37.32%     2367    207   8920    54998k 11638.6s
     2068k   84786    955860  15.46%   12.53731343     20                37.31%     2766    212   9876    55033k 11643.6s

        Nodes      |    B&B Tree     |            Objective Bounds              |  Dynamic Constraints |       Work      
Src  Proc. InQueue |  Leaves   Expl. | BestBound       BestSol              Gap |   Cuts   InLp Confl. | LpIters     Time

     2069k   84831    956494  15.53%   12.53846154     20                37.31%     1886    288   8636    55069k 11648.6s
     2070k   84870    957021  15.54%   12.53846154     20                37.31%     1423    251   9402    55111k 11653.6s
     2071k   84886    957572  15.54%   12.53846154     20                37.31%     2577    212   8534    55146k 11658.7s
     2072k   84887    957966  15.55%   12.53911754     20                37.30%     2696    242   9884    55173k 11663.7s
     2073k   84907    958441  15.56%   12.53961336     20                37.30%     1603    215   9947    55201k 11668.7s
     2074k   84921    958894  15.56%   12.54162679     20                37.29%     2663    258   9956    55231k 11673.7s
     2075k   84929    959365  15.57%   12.54343808     20                37.28%     2617    235   8908    55257k 11678.8s
     2076k   84954    959958  15.57%   12.54443773     20                37.28%     1869    119   9323    55286k 11683.8s
     2077k   84977    960439  15.59%   12.54545455     20                37.27%     2117    244   9971    55312k 11688.8s
     2078k   85010    960956  15.59%   12.54545455     20                37.27%     3080    218   9559    55342k 11694.0s
     2079k   85041    961408  15.59%   12.54545455     20                37.27%     2285    276   9355    55374k 11699.0s
     2081k   85074    962075  15.60%   12.54545455     20                37.27%     2100    165   8951    55402k 11704.0s
     2081k   85079    962402  15.62%   12.54794521     20                37.26%     3085    336   9787    55428k 11709.0s
     2083k   85113    963037  15.63%   12.5483871      20                37.26%     2482    197   9702    55459k 11714.0s
     2084k   85149    963805  15.63%   12.54945055     20                37.25%     2579    189   9915    55490k 11719.0s
     2086k   85188    964434  15.64%   12.55072464     20                37.25%     1969    158   9706    55525k 11724.0s
     2087k   85235    965215  15.64%   12.55078534     20                37.25%     2770    273   9666    55555k 11729.1s
     2089k   85289    965986  15.65%   12.55381661     20                37.23%     3320    242   8624    55590k 11734.1s
     2090k   85310    966504  15.65%   12.55462185     20                37.23%     2664    180   9404    55626k 11739.1s
     2091k   85353    967122  15.66%   12.55555556     20                37.22%     1932    185   9858    55661k 11744.2s

        Nodes      |    B&B Tree     |            Objective Bounds              |  Dynamic Constraints |       Work      
Src  Proc. InQueue |  Leaves   Expl. | BestBound       BestSol              Gap |   Cuts   InLp Confl. | LpIters     Time

     2092k   85362    967655  15.66%   12.55555556     20                37.22%     3004    242   9601    55691k 11749.2s
     2094k   85422    968582  15.67%   12.55769231     20                37.21%     1679    197   9338    55725k 11754.3s
     2096k   85449    969428  15.68%   12.55986083     20                37.20%     2495    218   9857    55758k 11759.3s
     2097k   85458    969999  15.69%   12.56201882     20                37.19%     3266    215   9427    55788k 11764.3s
     2098k   85485    970543  15.71%   12.56521739     20                37.17%     2650    293   9423    55818k 11769.5s
     2100k   85494    971126  15.73%   12.56937556     20                37.15%     2870    202   9950    55850k 11774.5s
     2101k   85514    971783  15.73%   12.5708061      20                37.15%     2026    240   9799    55880k 11779.5s
     2102k   85566    972498  15.74%   12.57142857     20                37.14%     1981    152   9513    55910k 11784.6s
     2104k   85568    973013  15.74%   12.57142857     20                37.14%     2051    187   9216    55944k 11789.6s
     2105k   85600    973793  15.75%   12.57142857     20                37.14%     2875    300   9827    55983k 11794.7s
     2107k   85654    974567  15.76%   12.57142857     20                37.14%     1899    184   9887    56022k 11799.7s
     2108k   85677    975066  15.77%   12.57265625     20                37.14%     3101    241   9021    56055k 11804.7s
     2109k   85704    975651  15.78%   12.57692308     20                37.12%     2326    335   9139    56092k 11809.8s
     2110k   85731    976243  15.79%   12.57746479     20                37.11%     2064    252   9661    56125k 11814.9s
     2112k   85756    977038  15.80%   12.58216468     20                37.09%     2890    197   9822    56159k 11820.1s
     2113k   85772    977552  15.84%   12.58333333     20                37.08%     2362    157   9510    56191k 11825.1s
     2114k   85794    978187  15.85%   12.58483509     20                37.08%     2772    241   9740    56225k 11830.1s
     2116k   85823    978769  15.86%   12.58592891     20                37.07%     4170    258   9480    56256k 11835.1s
     2117k   85861    979295  15.86%   12.58695652     20                37.07%     2493    179   9731    56288k 11840.1s
     2118k   85875    979965  15.87%   12.58930481     20                37.05%     3548    207   9822    56318k 11845.1s

        Nodes      |    B&B Tree     |            Objective Bounds              |  Dynamic Constraints |       Work      
Src  Proc. InQueue |  Leaves   Expl. | BestBound       BestSol              Gap |   Cuts   InLp Confl. | LpIters     Time

     2119k   85902    980666  15.88%   12.59107143     20                37.04%     2191    243   9659    56349k 11850.2s
     2121k   85918    981259  15.89%   12.59215686     20                37.04%     2678    176   9448    56383k 11855.2s
     2122k   85951    981927  15.90%   12.59375        20                37.03%     1742    216   9983    56418k 11860.2s
     2124k   85970    982656  15.90%   12.59541985     20                37.02%     1525    183   9657    56451k 11865.2s
     2125k   85991    983265  15.91%   12.59649123     20                37.02%     1772    199   9819    56487k 11870.2s
     2126k   86010    983849  15.94%   12.59658845     20                37.02%     2724    256   9085    56522k 11875.2s
     2128k   86068    984670  16.00%   12.59782609     20                37.01%     1729    138   9710    56560k 11880.2s
     2129k   86106    985340  16.00%   12.59874608     20                37.01%     2397    141   9466    56600k 11885.2s
     2131k   86141    986033  16.02%   12.6            20                37.00%     2538    201   8932    56630k 11890.2s
     2132k   86188    986800  16.02%   12.6            20                37.00%     1237    112   8379    56669k 11895.2s
     2133k   86208    987379  16.02%   12.6            20                37.00%     2443    178   9139    56700k 11900.3s
     2135k   86235    987906  16.04%   12.6            20                37.00%     1706    271   9784    56733k 11905.3s
     2135k   86235    988383  16.04%   12.6            20                37.00%     2185    206   9714    56763k 11910.3s
     2137k   86249    989038  16.05%   12.6            20                37.00%     3910    116   9553    56796k 11915.3s
     2138k   86281    989673  16.05%   12.6            20                37.00%     2030    255   9812    56832k 11920.3s
     2139k   86302    990271  16.06%   12.6015625      20                36.99%     3879    286   9752    56867k 11925.4s
     2141k   86320    990857  16.07%   12.60215054     20                36.99%     3066    167   9932    56900k 11930.4s
     2142k   86341    991367  16.08%   12.60504202     20                36.97%     2072    226   9742    56930k 11935.4s
     2143k   86360    991977  16.11%   12.60780556     20                36.96%     2526    238   9723    56964k 11940.4s
     2144k   86383    992630  16.11%   12.60901305     20                36.95%     3293    219   9946    56995k 11945.4s

        Nodes      |    B&B Tree     |            Objective Bounds              |  Dynamic Constraints |       Work      
Src  Proc. InQueue |  Leaves   Expl. | BestBound       BestSol              Gap |   Cuts   InLp Confl. | LpIters     Time

     2146k   86421    993284  16.12%   12.61039095     20                36.95%     2711    245   9281    57027k 11950.4s
     2147k   86437    993916  16.12%   12.61315789     20                36.93%     1866    240   8810    57059k 11955.4s
     2148k   86460    994471  16.15%   12.61538462     20                36.92%     2112    181   9288    57088k 11960.4s
     2149k   86484    995115  16.18%   12.61675843     20                36.92%     2180    187   8932    57119k 11965.4s
     2151k   86516    995843  16.18%   12.61724701     20                36.91%     2324    260   9875    57153k 11970.5s
     2152k   86560    996490  16.19%   12.62068966     20                36.90%     2322    227   9810    57196k 11975.5s
     2153k   86565    997025  16.21%   12.62466247     20                36.88%     2736    243   9196    57228k 11980.5s
     2155k   86592    997750  16.21%   12.625          20                36.87%     2512    192   9109    57262k 11985.5s
     2156k   86623    998320  16.22%   12.62550311     20                36.87%     1818    152   9925    57295k 11990.5s
     2157k   86665    998939  16.22%   12.62602128     20                36.87%     4374    244   9185    57328k 11995.5s
     2159k   86687    999472  16.23%   12.62678063     20                36.87%     2935    339   8693    57365k 12000.5s
     2160k   86727     1000k  16.23%   12.62824461     20                36.86%     2413    236   9966    57400k 12005.5s
     2161k   86751     1000k  16.24%   12.63088235     20                36.85%     1749    213   9847    57432k 12010.5s
     2162k   86793     1001k  16.24%   12.632          20                36.84%     2243    304   9523    57467k 12015.6s
     2164k   86815     1002k  16.26%   12.63382201     20                36.83%     2416    168   9968    57499k 12020.6s
     2165k   86855     1002k  16.26%   12.63483392     20                36.83%     3044    239   9927    57532k 12025.6s
     2166k   86887     1003k  16.27%   12.63483392     20                36.83%     2694    224   9725    57566k 12030.6s
     2168k   86898     1003k  16.29%   12.63617773     20                36.82%     2352    118   8886    57596k 12035.6s
     2169k   86936     1004k  16.30%   12.63721681     20                36.81%     2879    163   8887    57630k 12040.6s
     2171k   86958     1005k  16.30%   12.63973064     20                36.80%     3458    102   9705    57663k 12045.6s

        Nodes      |    B&B Tree     |            Objective Bounds              |  Dynamic Constraints |       Work      
Src  Proc. InQueue |  Leaves   Expl. | BestBound       BestSol              Gap |   Cuts   InLp Confl. | LpIters     Time

     2172k   87010     1006k  16.31%   12.64217747     20                36.79%     2307    169   9453    57701k 12050.6s
     2173k   87034     1006k  16.32%   12.64217747     20                36.79%     1989    146   9286    57734k 12055.6s
     2175k   87063     1007k  16.33%   12.64285714     20                36.79%     2881     73   9782    57769k 12060.6s
     2176k   87071     1007k  16.44%   12.64705882     20                36.76%     2083    147   9715    57804k 12065.7s
     2177k   87092     1008k  16.53%   12.64743629     20                36.76%     3037    239   9790    57839k 12070.7s
     2179k   87168     1009k  16.53%   12.64875734     20                36.76%     1312    213   8944    57880k 12075.7s
     2181k   87202     1010k  16.54%   12.65079365     20                36.75%     3720    261   9480    57917k 12080.7s
     2183k   87253     1010k  16.54%   12.65155807     20                36.74%     2216    244   8745    57955k 12085.7s
     2183k   87237     1011k  16.55%   12.65487184     20                36.73%     3638    291   9871    57981k 12090.7s
     2184k   87259     1011k  16.57%   12.65605833     20                36.72%     2394    246   9992    58016k 12095.8s
     2186k   87281     1012k  16.57%   12.6583991      20                36.71%     2555     96   9445    58052k 12100.8s
     2187k   87308     1013k  16.58%   12.66094648     20                36.70%     2955    276   9250    58084k 12105.8s
     2189k   87359     1014k  16.63%   12.66326531     20                36.68%     1995    151   9714    58119k 12110.8s
     2190k   87396     1014k  16.64%   12.66382685     20                36.68%     3651    262   8655    58148k 12115.8s
     2191k   87405     1015k  16.67%   12.66441689     20                36.68%     2100    195  10047    58178k 12120.8s
     2192k   87414     1015k  16.68%   12.66666667     20                36.67%     2602    192   9830    58210k 12125.9s
     2193k   87436     1016k  16.70%   12.66666667     20                36.67%     2661    330   9832    58245k 12130.9s
     2195k   87468     1016k  16.70%   12.66666667     20                36.67%     2416    137   9684    58281k 12136.0s
     2196k   87478     1017k  16.71%   12.66666667     20                36.67%     2038    165   9934    58313k 12141.0s
     2197k   87488     1018k  16.72%   12.66666667     20                36.67%     1557    109   8560    58345k 12146.0s

        Nodes      |    B&B Tree     |            Objective Bounds              |  Dynamic Constraints |       Work      
Src  Proc. InQueue |  Leaves   Expl. | BestBound       BestSol              Gap |   Cuts   InLp Confl. | LpIters     Time

     2199k   87529     1018k  16.73%   12.66666667     20                36.67%     3324    260   9846    58380k 12151.0s
     2200k   87579     1019k  16.73%   12.66666667     20                36.67%     1662    222   8785    58418k 12156.0s
     2202k   87623     1020k  16.74%   12.66666667     20                36.67%     2981    213   8780    58450k 12161.1s
     2203k   87642     1020k  16.74%   12.66666667     20                36.67%     2377    216   8454    58485k 12166.2s
     2205k   87677     1021k  16.77%   12.66666667     20                36.67%     1577    173   9757    58521k 12171.2s
     2207k   87706     1022k  16.77%   12.66666667     20                36.67%     2113    158   8707    58559k 12176.2s
     2208k   87738     1023k  16.78%   12.66666667     20                36.67%     2141    117   8701    58595k 12181.2s
     2210k   87765     1024k  16.79%   12.66666667     20                36.67%     3218    143   9956    58629k 12186.2s
     2211k   87774     1024k  16.80%   12.66666667     20                36.67%     2480    140   8847    58664k 12191.2s
     2212k   87792     1025k  16.82%   12.66666667     20                36.67%     3958    298   9561    58696k 12196.2s
     2214k   87817     1026k  16.83%   12.66666667     20                36.67%     1339    144   9901    58733k 12201.2s
     2215k   87833     1026k  16.83%   12.66666667     20                36.67%     2453    196   9711    58767k 12206.2s
     2217k   87862     1027k  16.85%   12.66666667     20                36.67%     3116    291   9540    58803k 12211.3s
     2218k   87878     1028k  16.85%   12.66666667     20                36.67%     2432    203   9934    58840k 12216.4s
     2219k   87889     1028k  16.86%   12.66666667     20                36.67%     2641    183   9005    58870k 12221.4s
     2221k   87929     1029k  16.86%   12.66930693     20                36.65%     1553    132   9600    58905k 12226.4s
     2223k   87962     1030k  16.87%   12.67058824     20                36.65%     2437    223   9957    58944k 12231.4s
     2224k   87996     1030k  16.89%   12.67266342     20                36.64%     2530    211   8419    58981k 12236.4s
     2225k   88009     1031k  16.89%   12.67307692     20                36.63%     2477    214   9277    59016k 12241.5s
     2226k   88067     1032k  16.90%   12.67647059     20                36.62%     1896    143   8461    59050k 12246.5s

        Nodes      |    B&B Tree     |            Objective Bounds              |  Dynamic Constraints |       Work      
Src  Proc. InQueue |  Leaves   Expl. | BestBound       BestSol              Gap |   Cuts   InLp Confl. | LpIters     Time

     2228k   88109     1033k  16.91%   12.68           20                36.60%     2102    219   8484    59089k 12251.5s
     2230k   88156     1033k  16.93%   12.68123962     20                36.59%     2942    191   9529    59128k 12256.5s
     2231k   88199     1034k  16.96%   12.68314062     20                36.58%     2333    225   9788    59163k 12261.5s
     2233k   88221     1035k  16.98%   12.68418188     20                36.58%     3277    252   9747    59193k 12266.5s
     2234k   88215     1035k  16.98%   12.68627451     20                36.57%     1684    176   9080    59225k 12271.5s
     2235k   88227     1036k  16.99%   12.6875         20                36.56%     4009    126   9975    59252k 12276.5s
     2237k   88251     1037k  16.99%   12.69096072     20                36.55%     1392    107   9658    59286k 12281.5s
     2239k   88266     1037k  17.00%   12.69194886     20                36.54%     1929    154   9073    59320k 12286.5s
     2240k   88328     1038k  17.00%   12.69335938     20                36.53%     2342    206   9909    59353k 12291.5s
     2241k   88334     1039k  17.01%   12.69485294     20                36.53%     2992    132   9820    59382k 12296.5s
     2242k   88377     1039k  17.02%   12.69633508     20                36.52%     2360    139   9501    59413k 12301.6s
     2244k   88420     1040k  17.02%   12.6974359      20                36.51%     2015    200   9442    59451k 12306.6s
     2245k   88460     1041k  17.03%   12.69767442     20                36.51%     1615    165   9177    59487k 12311.6s
     2247k   88492     1041k  17.04%   12.69832402     20                36.51%     2118    260   9857    59525k 12316.6s
     2248k   88543     1042k  17.05%   12.69900498     20                36.50%     2093    177   9659    59562k 12321.6s
     2250k   88568     1043k  17.05%   12.7006289      20                36.50%     1827    181   9127    59594k 12326.7s
     2251k   88595     1044k  17.08%   12.70238095     20                36.49%     2763    213   9314    59626k 12331.7s
     2252k   88604     1044k  17.10%   12.70517928     20                36.47%     2086    215   8185    59656k 12336.7s
     2254k   88609     1045k  17.13%   12.70588235     20                36.47%     2435    102   9631    59689k 12341.7s
     2255k   88640     1045k  17.13%   12.70775736     20                36.46%     2078    162   9399    59725k 12346.7s

        Nodes      |    B&B Tree     |            Objective Bounds              |  Dynamic Constraints |       Work      
Src  Proc. InQueue |  Leaves   Expl. | BestBound       BestSol              Gap |   Cuts   InLp Confl. | LpIters     Time

     2256k   88681     1046k  17.15%   12.70938907     20                36.45%     2576    162   9401    59762k 12351.7s
     2258k   88701     1047k  17.16%   12.70985281     20                36.45%     2779    219   9525    59801k 12356.8s
     2259k   88733     1047k  17.17%   12.71221326     20                36.44%     2190    256   9219    59832k 12361.8s
     2260k   88754     1048k  17.18%   12.71317829     20                36.43%     2953    302   8936    59868k 12366.9s
     2262k   88785     1049k  17.21%   12.71428571     20                36.43%     1659    181   9821    59906k 12371.9s
     2264k   88802     1049k  17.24%   12.71428571     20                36.43%     1872    185   9724    59944k 12376.9s
     2265k   88838     1050k  17.25%   12.71428571     20                36.43%     2530    197   9870    59979k 12381.9s
     2266k   88862     1051k  17.25%   12.71648483     20                36.42%     2549    195   9715    60010k 12386.9s
     2268k   88879     1051k  17.28%   12.71698113     20                36.42%     2582    265   9954    60043k 12392.0s
     2269k   88909     1052k  17.29%   12.71794872     20                36.41%     2235    178   9655    60074k 12397.1s
     2270k   88964     1053k  17.29%   12.71816284     20                36.41%     3751    299   9606    60109k 12402.2s
     2272k   88993     1053k  17.30%   12.71994135     20                36.40%     2942    218   9718    60144k 12407.2s
     2273k   89030     1054k  17.31%   12.72053232     20                36.40%     3866    284   9862    60179k 12412.3s
     2274k   89046     1055k  17.32%   12.72121212     20                36.39%     1656    204   8631    60217k 12417.3s
     2276k   89066     1055k  17.35%   12.72223353     20                36.39%     1926    149   9681    60252k 12422.3s
     2277k   89106     1056k  17.38%   12.72340747     20                36.38%     2027    170   9205    60286k 12427.3s
     2278k   89122     1057k  17.39%   12.72463768     20                36.38%     2153    207   9905    60321k 12432.3s
     2280k   89158     1057k  17.41%   12.72661871     20                36.37%     2295    214   8943    60357k 12437.3s
     2281k   89182     1058k  17.41%   12.72727273     20                36.36%     2434    181   9489    60394k 12442.3s
     2282k   89184     1058k  17.42%   12.72727273     20                36.36%     1962    182   9406    60426k 12447.3s

        Nodes      |    B&B Tree     |            Objective Bounds              |  Dynamic Constraints |       Work      
Src  Proc. InQueue |  Leaves   Expl. | BestBound       BestSol              Gap |   Cuts   InLp Confl. | LpIters     Time

     2284k   89214     1059k  17.46%   12.72758119     20                36.36%     2334    187   9528    60461k 12452.3s
     2285k   89229     1060k  17.47%   12.72900386     20                36.35%     1875    269   8316    60498k 12457.3s
     2286k   89255     1060k  17.48%   12.73132693     20                36.34%     4194    258   9278    60529k 12462.3s
     2288k   89281     1061k  17.48%   12.73224044     20                36.34%     1841    254   8700    60563k 12467.5s
     2290k   89314     1062k  17.50%   12.73333333     20                36.33%     2340    139   9727    60599k 12472.5s
     2291k   89347     1063k  17.51%   12.73540373     20                36.32%     1968    269   9322    60633k 12477.5s
     2293k   89377     1063k  17.52%   12.73689368     20                36.32%     2375    142   8433    60666k 12482.5s
     2294k   89400     1064k  17.54%   12.73913043     20                36.30%     2834    295   9871    60698k 12487.5s
     2295k   89410     1065k  17.54%   12.74081703     20                36.30%     3078    212   9352    60728k 12492.5s
     2296k   89436     1065k  17.55%   12.7416868      20                36.29%     2970    231   9366    60761k 12497.5s
     2298k   89474     1066k  17.55%   12.74305556     20                36.28%     1580    150   9872    60793k 12502.5s
     2299k   89506     1067k  17.55%   12.74313409     20                36.28%     2004    103   9488    60832k 12507.5s
     2301k   89524     1068k  17.56%   12.74381143     20                36.28%     3206    241   9439    60871k 12512.5s
     2303k   89541     1068k  17.57%   12.74624328     20                36.27%     4438    264   9930    60901k 12517.5s
     2304k   89566     1069k  17.57%   12.74630021     20                36.27%     2745    220   9436    60936k 12522.5s
     2305k   89598     1069k  17.60%   12.74752752     20                36.26%     3468    344   9002    60970k 12527.6s
     2306k   89619     1070k  17.61%   12.75           20                36.25%     2660    277   9845    61000k 12532.6s
     2307k   89628     1070k  17.62%   12.75           20                36.25%     2089    204   9867    61032k 12537.6s
     2309k   89663     1071k  17.63%   12.75           20                36.25%     2260    256   9525    61075k 12542.6s
     2310k   89714     1072k  17.64%   12.75           20                36.25%     2530    310   9795    61108k 12547.6s

        Nodes      |    B&B Tree     |            Objective Bounds              |  Dynamic Constraints |       Work      
Src  Proc. InQueue |  Leaves   Expl. | BestBound       BestSol              Gap |   Cuts   InLp Confl. | LpIters     Time

     2312k   89732     1073k  17.65%   12.75           20                36.25%     2188    176   9405    61144k 12552.7s
     2313k   89748     1073k  17.65%   12.75           20                36.25%     2565    129   9323    61176k 12557.7s
     2315k   89761     1074k  17.66%   12.75           20                36.25%     2059    229   9350    61209k 12562.7s
     2316k   89774     1075k  17.66%   12.75           20                36.25%     3126     91   9188    61238k 12567.8s
     2318k   89810     1076k  17.66%   12.75           20                36.25%     3526    160   9861    61280k 12572.8s
     2319k   89825     1076k  17.70%   12.75           20                36.25%     1982    218   9583    61312k 12577.8s
     2321k   89846     1077k  17.72%   12.75           20                36.25%     2347    209   9846    61346k 12582.8s
     2322k   89865     1078k  17.73%   12.75           20                36.25%     1996    236   9424    61374k 12587.8s
     2323k   89892     1078k  17.74%   12.75           20                36.25%     1822    210   9902    61410k 12592.8s
     2325k   89923     1079k  17.75%   12.75085324     20                36.25%     2718    146   9039    61445k 12598.0s
     2326k   89945     1079k  17.75%   12.75085984     20                36.25%     3303    190   9456    61479k 12603.1s
     2327k   89985     1080k  17.76%   12.75338753     20                36.23%     2292    231   9492    61508k 12608.2s
     2328k   89998     1081k  17.76%   12.75362858     20                36.23%     2251    230   9986    61541k 12613.2s
     2329k   90007     1081k  17.77%   12.75471698     20                36.23%     1665    265   9919    61569k 12618.2s
     2330k   90027     1082k  17.78%   12.75589409     20                36.22%     2763    311   9981    61603k 12623.2s
     2332k   90062     1082k  17.78%   12.7571885      20                36.21%     3155    235   9634    61640k 12628.2s
     2333k   90093     1083k  17.79%   12.75853225     20                36.21%     2078    222   9236    61680k 12633.3s
     2334k   90107     1083k  17.81%   12.75937049     20                36.20%     2565    171   9477    61713k 12638.4s
     2335k   90137     1084k  17.82%   12.76080692     20                36.20%     2267    211   9215    61748k 12643.4s
     2337k   90184     1085k  17.83%   12.76146789     20                36.19%     3084    210   8787    61781k 12648.4s

        Nodes      |    B&B Tree     |            Objective Bounds              |  Dynamic Constraints |       Work      
Src  Proc. InQueue |  Leaves   Expl. | BestBound       BestSol              Gap |   Cuts   InLp Confl. | LpIters     Time

     2338k   90225     1085k  17.85%   12.76271186     20                36.19%     2738    239   9375    61815k 12653.5s
     2339k   90247     1086k  17.86%   12.76362458     20                36.18%     2849    238   8846    61848k 12658.5s
     2340k   90282     1086k  17.87%   12.76404494     20                36.18%     2099    278   9513    61886k 12663.5s
     2341k   90291     1087k  17.88%   12.76470588     20                36.18%     1818    113   8240    61918k 12668.5s
     2342k   90298     1087k  17.89%   12.76666667     20                36.17%     2885    256   9374    61949k 12673.6s
     2344k   90330     1088k  17.90%   12.76757014     20                36.16%     1793    169   9376    61985k 12678.6s
     2345k   90348     1089k  17.90%   12.7694898      20                36.15%     1925    220  10011    62017k 12683.7s
     2346k   90366     1089k  17.91%   12.77046589     20                36.15%     2600    251   9286    62052k 12688.7s
     2348k   90407     1090k  17.93%   12.77097572     20                36.15%     4695    233   9597    62089k 12693.7s
     2349k   90451     1090k  18.00%   12.7715736      20                36.14%     2421    155   9670    62129k 12698.7s
     2350k   90476     1091k  18.05%   12.77272727     20                36.14%     2616    209   9316    62165k 12703.7s
     2351k   90486     1092k  18.06%   12.77310924     20                36.13%     2948    225   9972    62198k 12708.7s
     2352k   90527     1092k  18.07%   12.77368421     20                36.13%     1618    175   9824    62226k 12713.8s
     2354k   90552     1093k  18.08%   12.77411385     20                36.13%     3411    272   9914    62259k 12718.9s
     2355k   90581     1093k  18.08%   12.77650536     20                36.12%     2770    313   9868    62295k 12723.9s
     2356k   90598     1094k  18.08%   12.77729421     20                36.11%     2928    204   9827    62326k 12728.9s
     2358k   90604     1095k  18.10%   12.77777778     20                36.11%     2951    174   9989    62362k 12733.9s
     2360k   90660     1096k  18.11%   12.77777778     20                36.11%     1593    160   8574    62399k 12739.0s
     2361k   90675     1096k  18.11%   12.77902622     20                36.10%     2106    176   9880    62430k 12744.0s
     2362k   90690     1097k  18.14%   12.77975714     20                36.10%     2839    314   9619    62462k 12749.0s

        Nodes      |    B&B Tree     |            Objective Bounds              |  Dynamic Constraints |       Work      
Src  Proc. InQueue |  Leaves   Expl. | BestBound       BestSol              Gap |   Cuts   InLp Confl. | LpIters     Time

     2364k   90723     1098k  18.15%   12.78019349     20                36.10%     2574    109   9231    62496k 12754.0s
     2365k   90731     1098k  18.17%   12.78188972     20                36.09%     3859    193   9685    62534k 12759.0s
     2366k   90744     1099k  18.19%   12.7826087      20                36.09%     2588    201   9956    62565k 12764.2s
     2368k   90755     1100k  18.19%   12.78294574     20                36.09%     1629    109   8915    62602k 12769.2s
     2369k   90773     1100k  18.22%   12.78462441     20                36.08%     2265    204   9429    62631k 12774.2s
     2371k   90805     1101k  18.26%   12.78571429     20                36.07%     3807    223   9976    62669k 12779.3s
     2372k   90827     1102k  18.26%   12.78571429     20                36.07%     2034    212   9397    62703k 12784.3s
     2374k   90860     1103k  18.27%   12.78648649     20                36.07%     2443    196   8872    62740k 12789.3s
     2376k   90898     1104k  18.27%   12.78836695     20                36.06%     3130    279   9398    62778k 12794.3s
     2377k   90907     1104k  18.28%   12.78949212     20                36.05%     2472    176   8712    62812k 12799.3s
     2379k   90923     1105k  18.29%   12.79166667     20                36.04%     2119    284   8229    62845k 12804.5s
     2380k   90934     1105k  18.29%   12.79308021     20                36.03%     2121    150   9813    62880k 12809.5s
     2381k   90962     1106k  18.29%   12.79331988     20                36.03%     2802    289   9728    62912k 12814.5s
     2382k   90996     1107k  18.29%   12.79577113     20                36.02%     1826    109   9979    62941k 12819.5s
     2384k   91040     1107k  18.30%   12.79724837     20                36.01%     4079    254   9972    62975k 12824.5s
     2385k   91054     1108k  18.31%   12.79793725     20                36.01%     2287    284   9214    63005k 12829.5s
     2386k   91076     1108k  18.31%   12.79847328     20                36.01%     2420    227   9176    63036k 12834.5s
     2387k   91090     1109k  18.32%   12.79964264     20                36.00%     2385    177   9398    63068k 12839.5s
     2389k   91112     1110k  18.32%   12.8            20                36.00%     1546    113   9372    63102k 12844.5s
     2391k   91147     1111k  18.33%   12.8            20                36.00%     1716    208   9664    63132k 12849.5s

        Nodes      |    B&B Tree     |            Objective Bounds              |  Dynamic Constraints |       Work      
Src  Proc. InQueue |  Leaves   Expl. | BestBound       BestSol              Gap |   Cuts   InLp Confl. | LpIters     Time

     2392k   91172     1111k  18.34%   12.8            20                36.00%     2358    188   9305    63168k 12854.6s
     2393k   91181     1112k  18.35%   12.8            20                36.00%     2413    187   9717    63197k 12859.6s
     2395k   91199     1113k  18.36%   12.8            20                36.00%     1869    166   9268    63232k 12864.7s
     2396k   91221     1113k  18.36%   12.8            20                36.00%     2303    134   9360    63261k 12869.7s
     2397k   91246     1114k  18.40%   12.80207225     20                35.99%     2141    208   9269    63296k 12874.7s
     2399k   91270     1114k  18.40%   12.80612245     20                35.97%     1667    226   9519    63329k 12879.7s
     2400k   91289     1115k  18.41%   12.80701754     20                35.96%     1994    240   9285    63365k 12884.9s
     2401k   91325     1116k  18.41%   12.80733945     20                35.96%     1753    161   9767    63396k 12889.9s
     2403k   91383     1116k  18.42%   12.80813215     20                35.96%     1575    154   8247    63438k 12894.9s
     2404k   91396     1117k  18.43%   12.80879121     20                35.96%     2569    221   8997    63464k 12900.0s
     2405k   91407     1117k  18.44%   12.80952381     20                35.95%     2497    236   8652    63497k 12905.0s
     2406k   91419     1118k  18.46%   12.81057269     20                35.95%     1724    183   9719    63525k 12910.0s
     2407k   91426     1119k  18.49%   12.81343284     20                35.93%     3410    201   9965    63557k 12915.0s
     2408k   91449     1119k  18.52%   12.8172043      20                35.91%     1623    254   9360    63589k 12920.1s
     2409k   91455     1120k  18.53%   12.81818182     20                35.91%     1327    285   9431    63622k 12925.3s
     2411k   91501     1120k  18.53%   12.82051282     20                35.90%     2896    161   9056    63655k 12930.4s
     2412k   91522     1121k  18.54%   12.82222222     20                35.89%     2841    208   9453    63688k 12935.4s
     2414k   91551     1122k  18.55%   12.82252493     20                35.89%     2325    199   9646    63721k 12940.4s
     2415k   91574     1122k  18.56%   12.82276995     20                35.89%     3709    238   9761    63756k 12945.4s
     2417k   91590     1123k  18.57%   12.82352941     20                35.88%     2284    208   9901    63791k 12950.4s

        Nodes      |    B&B Tree     |            Objective Bounds              |  Dynamic Constraints |       Work      
Src  Proc. InQueue |  Leaves   Expl. | BestBound       BestSol              Gap |   Cuts   InLp Confl. | LpIters     Time

     2418k   91594     1124k  18.62%   12.82492689     20                35.88%     2064    141   9952    63822k 12955.4s
     2419k   91620     1124k  18.63%   12.82580645     20                35.87%     3547    305   9452    63854k 12960.4s
     2420k   91633     1125k  18.63%   12.82624722     20                35.87%     3419    116   9730    63887k 12965.4s
     2421k   91666     1125k  18.65%   12.82761007     20                35.86%     3356    206   9146    63919k 12970.4s
     2422k   91706     1126k  18.66%   12.82862524     20                35.86%     1690    155   9760    63953k 12975.4s
     2423k   91738     1126k  18.68%   12.82933957     20                35.85%     3647    257   8821    63986k 12980.4s
     2424k   91748     1127k  18.69%   12.83061963     20                35.85%     1784    154   9156    64018k 12985.4s
     2426k   91757     1127k  18.70%   12.83225806     20                35.84%     1823    252   9185    64048k 12990.5s
     2427k   91784     1128k  18.71%   12.83267229     20                35.84%     2066    173   9984    64088k 12995.5s
     2428k   91800     1129k  18.73%   12.83333333     20                35.83%     2104    262   9119    64122k 13000.5s
     2430k   91818     1129k  18.74%   12.83333333     20                35.83%     2558    113   9492    64156k 13005.5s
     2431k   91856     1130k  18.76%   12.83333333     20                35.83%     1730    229   9687    64188k 13010.5s
     2433k   91887     1131k  18.77%   12.83333333     20                35.83%     2595    144   9875    64223k 13015.5s
     2434k   91887     1131k  18.88%   12.83333333     20                35.83%     2492    171   9934    64251k 13020.5s
     2435k   91900     1132k  18.90%   12.8341701      20                35.83%     2623    249   9934    64282k 13025.5s
     2436k   91929     1133k  18.95%   12.83495392     20                35.83%     2461    274   9448    64311k 13030.5s
     2437k   91954     1133k  18.96%   12.83544729     20                35.82%     2250    212   9872    64344k 13035.5s
     2439k   91985     1134k  18.96%   12.83783784     20                35.81%     2103    234   9268    64373k 13040.5s
     2440k   92001     1134k  19.02%   12.83832335     20                35.81%     2787    191   9700    64406k 13045.6s
     2441k   92011     1135k  19.02%   12.84132678     20                35.79%     2657    273   9594    64435k 13050.6s

        Nodes      |    B&B Tree     |            Objective Bounds              |  Dynamic Constraints |       Work      
Src  Proc. InQueue |  Leaves   Expl. | BestBound       BestSol              Gap |   Cuts   InLp Confl. | LpIters     Time

     2443k   92030     1136k  19.04%   12.84319564     20                35.78%     4692    115   9407    64463k 13055.6s
     2444k   92063     1136k  19.06%   12.84407753     20                35.78%     2580    252   8957    64493k 13060.7s
     2446k   92103     1137k  19.07%   12.84565339     20                35.77%     2177    142   9328    64529k 13065.7s
     2447k   92134     1138k  19.08%   12.84656085     20                35.77%     2298    241   9721    64560k 13070.8s
     2449k   92172     1139k  19.09%   12.84897964     20                35.76%     1535    157   8898    64594k 13075.8s
     2450k   92203     1139k  19.09%   12.85           20                35.75%     1619    151   9872    64626k 13080.8s
     2451k   92213     1140k  19.10%   12.85006541     20                35.75%     2219    204   9570    64665k 13085.8s
     2452k   92233     1140k  19.11%   12.85006541     20                35.75%     3819    237   8940    64695k 13091.0s
     2453k   92254     1141k  19.13%   12.85185185     20                35.74%     2739    178   9586    64729k 13096.0s
     2455k   92275     1141k  19.13%   12.85280374     20                35.74%     2176    186   9550    64761k 13101.1s
     2456k   92309     1142k  19.14%   12.85390947     20                35.73%     2482    264   9476    64796k 13106.2s
     2457k   92352     1143k  19.15%   12.85416667     20                35.73%     2253    238   8813    64831k 13111.2s
     2458k   92348     1143k  19.15%   12.85585881     20                35.72%     1970    231   9918    64863k 13116.2s
     2460k   92366     1144k  19.16%   12.85714286     20                35.71%     1944    199   9329    64892k 13121.2s
     2461k   92374     1144k  19.16%   12.85714286     20                35.71%     1956    218   9644    64921k 13126.2s
     2462k   92398     1145k  19.17%   12.85714286     20                35.71%     2439    198   9955    64952k 13131.2s
     2463k   92409     1146k  19.18%   12.85714286     20                35.71%     2408    182   9636    64982k 13136.3s
     2465k   92478     1146k  19.19%   12.85714286     20                35.71%     1846    139   9681    65021k 13141.3s
     2466k   92514     1147k  19.19%   12.85964912     20                35.70%     2219    170   9526    65056k 13146.3s
     2467k   92554     1148k  19.21%   12.86044151     20                35.70%     1996    235   8965    65086k 13151.5s

        Nodes      |    B&B Tree     |            Objective Bounds              |  Dynamic Constraints |       Work      
Src  Proc. InQueue |  Leaves   Expl. | BestBound       BestSol              Gap |   Cuts   InLp Confl. | LpIters     Time

     2469k   92573     1148k  19.22%   12.86160109     20                35.69%     2486    152   9623    65123k 13156.5s
     2470k   92589     1149k  19.23%   12.86309806     20                35.68%     1276     85   9009    65154k 13161.5s
     2472k   92626     1150k  19.23%   12.86407767     20                35.68%     2853    256   8989    65189k 13166.5s
     2473k   92640     1150k  19.24%   12.8648092      20                35.68%     3591    231   8866    65220k 13171.5s
     2474k   92660     1151k  19.25%   12.86567164     20                35.67%     2890    198   8925    65254k 13176.5s
     2476k   92712     1152k  19.25%   12.86666667     20                35.67%     1796    198   8709    65285k 13181.5s
     2478k   92773     1152k  19.25%   12.87058824     20                35.65%     2646    147   9100    65324k 13186.6s
     2479k   92814     1153k  19.25%   12.87096774     20                35.65%     1914    210   9917    65361k 13191.6s
     2480k   92824     1154k  19.27%   12.8729097      20                35.64%     2455    210   9746    65397k 13196.6s
     2481k   92850     1154k  19.27%   12.87317239     20                35.63%     2551    187   9431    65429k 13201.7s
     2483k   92872     1155k  19.29%   12.875          20                35.62%     1938    167   9401    65460k 13206.7s
     2484k   92874     1155k  19.30%   12.875          20                35.62%     2146    170   9850    65487k 13211.7s
     2485k   92873     1156k  19.30%   12.875          20                35.62%     2985    295   9613    65517k 13216.8s
     2486k   92877     1157k  19.31%   12.87610619     20                35.62%     2738    279   9638    65551k 13221.8s
     2487k   92887     1157k  19.32%   12.87648749     20                35.62%     2663    207   9818    65584k 13226.8s
     2488k   92912     1158k  19.32%   12.87704918     20                35.61%     1916    148   8772    65615k 13231.8s
     2490k   92959     1158k  19.33%   12.87834145     20                35.61%     4213    263   9513    65648k 13237.0s
     2491k   92980     1159k  19.35%   12.87906977     20                35.60%     2537    226   9243    65684k 13242.0s
     2492k   92992     1159k  19.36%   12.88235294     20                35.59%     4010    231   9730    65717k 13247.0s
     2493k   92999     1160k  19.37%   12.88372093     20                35.58%     2713    180   9740    65760k 13252.2s

        Nodes      |    B&B Tree     |            Objective Bounds              |  Dynamic Constraints |       Work      
Src  Proc. InQueue |  Leaves   Expl. | BestBound       BestSol              Gap |   Cuts   InLp Confl. | LpIters     Time

     2494k   93039     1161k  19.38%   12.88518281     20                35.57%     3248    212   9749    65796k 13257.2s
     2495k   93077     1161k  19.39%   12.88571429     20                35.57%     1877    207   9807    65833k 13262.2s
     2497k   93112     1162k  19.40%   12.88636364     20                35.57%     2060    257   9604    65868k 13267.2s
     2498k   93124     1162k  19.41%   12.88787783     20                35.56%     2341    184   8648    65899k 13272.3s
     2499k   93142     1163k  19.41%   12.88832117     20                35.56%     1721    165   9475    65931k 13277.3s
     2501k   93182     1164k  19.42%   12.88836646     20                35.56%     3609    236   9570    65967k 13282.3s
     2501k   93204     1164k  19.42%   12.88888889     20                35.56%     2372    185   9581    65998k 13287.3s
     2503k   93230     1165k  19.45%   12.88888889     20                35.56%     3011    214   8203    66031k 13292.6s
     2504k   93302     1165k  19.47%   12.88888889     20                35.56%     3176    209   9688    66071k 13297.6s
     2505k   93303     1166k  19.49%   12.88915956     20                35.55%     4223    169   9635    66101k 13302.6s
     2506k   93338     1166k  19.49%   12.88983051     20                35.55%     2167    218   8759    66141k 13307.6s
     2508k   93356     1167k  19.49%   12.89090909     20                35.55%     2811    225   9982    66171k 13312.7s
     2509k   93372     1168k  19.51%   12.89473684     20                35.53%     3198    224   9488    66208k 13317.8s
     2510k   93387     1168k  19.51%   12.89529915     20                35.52%     5747    226   9509    66239k 13322.8s
     2512k   93395     1169k  19.54%   12.89585586     20                35.52%     2477    230   9630    66271k 13327.8s
     2513k   93426     1170k  19.56%   12.89836251     20                35.51%     2076    163   9422    66303k 13332.8s
     2514k   93438     1170k  19.57%   12.9            20                35.50%     3194    355   9257    66335k 13337.9s
     2516k   93483     1171k  19.57%   12.9            20                35.50%     1599    199   8903    66368k 13343.1s
     2517k   93522     1172k  19.58%   12.9            20                35.50%     1834    182   9525    66402k 13348.1s
     2518k   93550     1172k  19.60%   12.90191954     20                35.49%     3946    204   9984    66431k 13353.2s

        Nodes      |    B&B Tree     |            Objective Bounds              |  Dynamic Constraints |       Work      
Src  Proc. InQueue |  Leaves   Expl. | BestBound       BestSol              Gap |   Cuts   InLp Confl. | LpIters     Time

     2519k   93578     1173k  19.62%   12.90285714     20                35.49%     3472    248   9400    66466k 13358.2s
     2521k   93601     1173k  19.63%   12.90414647     20                35.48%     2341    235   9959    66495k 13363.3s
     2522k   93621     1174k  19.63%   12.90622141     20                35.47%     1693    204   9723    66529k 13368.3s
     2523k   93646     1174k  19.64%   12.90761952     20                35.46%     2892    238   9823    66562k 13373.3s
     2525k   93693     1175k  19.65%   12.90842532     20                35.46%     2965    213   9561    66598k 13378.3s
     2526k   93705     1176k  19.66%   12.90909091     20                35.45%     2045    210   8638    66633k 13383.4s
     2528k   93724     1177k  19.67%   12.90909091     20                35.45%     1633    147   9843    66667k 13388.4s
     2529k   93762     1177k  19.68%   12.91048035     20                35.45%     1566    169   9688    66698k 13393.4s
     2530k   93775     1178k  19.69%   12.91304348     20                35.43%     2332    238   9457    66731k 13398.5s
     2531k   93781     1178k  19.72%   12.9137931      20                35.43%     1549    162   9720    66761k 13403.5s
     2533k   93800     1179k  19.72%   12.91428571     20                35.43%     2183    195   9148    66795k 13408.5s
     2534k   93822     1180k  19.74%   12.9165247      20                35.42%     1968    155   9103    66827k 13413.6s
     2536k   93844     1180k  19.75%   12.91666667     20                35.42%     1753    100   9435    66863k 13418.6s
     2537k   93862     1181k  19.76%   12.91764706     20                35.41%     3431    261   9820    66891k 13423.6s
     2538k   93878     1182k  19.78%   12.92001211     20                35.40%     1969    223   8638    66923k 13428.7s
     2540k   93924     1182k  19.79%   12.92001211     20                35.40%     2014    156   9261    66957k 13433.7s
     2541k   93944     1183k  19.79%   12.92029704     20                35.40%     3044    229   8873    66999k 13438.8s
     2542k   93963     1184k  19.80%   12.92105263     20                35.39%     1999    199   9851    67032k 13443.8s
     2543k   93971     1184k  19.81%   12.92157955     20                35.39%     2496    113   9304    67064k 13448.8s
     2544k   93992     1185k  19.81%   12.92257184     20                35.39%     2178    305   9920    67095k 13453.8s

        Nodes      |    B&B Tree     |            Objective Bounds              |  Dynamic Constraints |       Work      
Src  Proc. InQueue |  Leaves   Expl. | BestBound       BestSol              Gap |   Cuts   InLp Confl. | LpIters     Time

     2545k   94013     1185k  19.82%   12.92295907     20                35.39%     2352    243   9446    67129k 13459.0s
     2547k   94008     1186k  19.82%   12.92405063     20                35.38%     2510    203   9737    67161k 13464.1s
     2548k   94013     1186k  19.83%   12.9246459      20                35.38%     1483    116   9169    67195k 13469.1s
     2550k   94054     1187k  19.83%   12.92592593     20                35.37%     2760    289   9758    67232k 13474.1s
     2551k   94064     1188k  19.87%   12.92857143     20                35.36%     2729    267   9954    67262k 13479.2s
     2552k   94108     1188k  19.90%   12.92870201     20                35.36%     1489    161   9953    67300k 13484.2s
     2553k   94134     1189k  19.90%   12.92903226     20                35.35%     2130    181   9562    67331k 13489.2s
     2554k   94164     1190k  19.91%   12.92957746     20                35.35%     2891    244   9574    67364k 13494.2s
     2556k   94172     1190k  19.93%   12.93023256     20                35.35%     2236    136   9226    67396k 13499.2s
     2557k   94199     1191k  19.94%   12.93119871     20                35.34%     2599    193   9753    67425k 13504.3s
     2559k   94235     1192k  19.94%   12.93220339     20                35.34%     2030    293   8563    67462k 13509.3s
     2560k   94245     1192k  19.96%   12.9326042      20                35.34%     2643    232   9528    67491k 13514.3s
     2561k   94256     1193k  19.97%   12.93333333     20                35.33%     1459    173   8716    67524k 13519.3s
     2562k   94295     1193k  19.97%   12.93333333     20                35.33%     1882    222   9372    67563k 13524.3s
     2564k   94318     1194k  19.97%   12.9338843      20                35.33%     1621    166   8815    67598k 13529.3s
     2565k   94328     1195k  19.98%   12.93617021     20                35.32%     2655    141   9443    67631k 13534.3s
     2566k   94335     1195k  19.98%   12.9375         20                35.31%     3091    207   9320    67661k 13539.4s
     2568k   94394     1196k  19.99%   12.9375         20                35.31%     1691    211   9295    67700k 13544.5s
     2569k   94420     1197k  20.00%   12.93775934     20                35.31%     2986    237   9000    67732k 13549.5s
     2570k   94427     1197k  20.01%   12.9403255      20                35.30%     1725    147   9823    67762k 13554.5s

        Nodes      |    B&B Tree     |            Objective Bounds              |  Dynamic Constraints |       Work      
Src  Proc. InQueue |  Leaves   Expl. | BestBound       BestSol              Gap |   Cuts   InLp Confl. | LpIters     Time

     2572k   94468     1198k  20.02%   12.94117647     20                35.29%     2311    139   9809    67799k 13559.5s
     2573k   94497     1198k  20.02%   12.94117647     20                35.29%     1706    174   9263    67832k 13564.6s
     2575k   94532     1199k  20.03%   12.94117647     20                35.29%     2107    226   9967    67866k 13569.6s
     2576k   94555     1200k  20.03%   12.94271056     20                35.29%     3518    262   9569    67895k 13574.6s
     2577k   94564     1200k  20.04%   12.94444444     20                35.28%     3052    273   8326    67925k 13579.6s
     2578k   94575     1201k  20.04%   12.94573643     20                35.27%     2003    237   9704    67956k 13584.6s
     2579k   94608     1202k  20.06%   12.94642857     20                35.27%     2417    199   9815    67994k 13589.6s
     2581k   94637     1202k  20.06%   12.94736842     20                35.26%     3105    238   9242    68030k 13594.6s
     2582k   94655     1203k  20.07%   12.94805195     20                35.26%     2677    249   9579    68067k 13599.7s
     2583k   94687     1203k  20.09%   12.9496083      20                35.25%     2613    208   9692    68106k 13604.8s
     2585k   94717     1204k  20.10%   12.94990112     20                35.25%     2527    325   9195    68139k 13609.8s
     2586k   94744     1205k  20.10%   12.95           20                35.25%     2583    243   9160    68173k 13614.8s
     2587k   94763     1205k  20.11%   12.95110437     20                35.24%     2125    269   8904    68206k 13619.9s
     2588k   94788     1206k  20.12%   12.95238095     20                35.24%     3117    218   9797    68243k 13624.9s
     2590k   94796     1207k  20.14%   12.95333333     20                35.23%     2047    151   9669    68280k 13629.9s
     2591k   94829     1207k  20.14%   12.95482546     20                35.23%     2986    220   9383    68315k 13634.9s
     2593k   94839     1208k  20.14%   12.95707763     20                35.21%     1881    205   9188    68348k 13640.0s
     2594k   94877     1208k  20.15%   12.95724466     20                35.21%     1694    275   9403    68389k 13645.0s
     2595k   94905     1209k  20.15%   12.95794038     20                35.21%     2032    133   9633    68418k 13650.0s
     2596k   94919     1210k  20.15%   12.95918367     20                35.20%     1621    183   8413    68449k 13655.1s

        Nodes      |    B&B Tree     |            Objective Bounds              |  Dynamic Constraints |       Work      
Src  Proc. InQueue |  Leaves   Expl. | BestBound       BestSol              Gap |   Cuts   InLp Confl. | LpIters     Time

     2597k   94924     1210k  20.16%   12.95965418     20                35.20%     2126    264   9805    68485k 13660.1s
     2599k   94969     1211k  20.16%   12.96052051     20                35.20%     2541    245   9478    68522k 13665.1s
     2600k   95005     1212k  20.17%   12.96111111     20                35.19%     3465    307   9234    68563k 13670.5s
     2601k   95037     1212k  20.18%   12.96116505     20                35.19%     2549    270   9268    68606k 13675.5s
     2602k   95048     1213k  20.21%   12.96280523     20                35.19%     1793    228   9432    68642k 13680.6s
     2603k   95066     1213k  20.23%   12.96303991     20                35.18%     2198     90   9754    68679k 13685.6s
     2605k   95073     1214k  20.28%   12.96428571     20                35.18%     1716    169   8833    68713k 13690.6s
     2606k   95112     1214k  20.30%   12.96585366     20                35.17%     2797    181   8972    68747k 13695.6s
     2607k   95120     1215k  20.30%   12.96648045     20                35.17%     2575    175   9403    68781k 13700.6s
     2608k   95137     1216k  20.31%   12.97058824     20                35.15%     2078    188   9759    68809k 13705.6s
     2610k   95157     1216k  20.31%   12.97141746     20                35.14%     1858    212   9445    68843k 13710.6s
     2611k   95173     1217k  20.31%   12.97260274     20                35.14%     2255    274   9908    68874k 13715.6s
     2612k   95191     1217k  20.32%   12.97376093     20                35.13%     2960    219   9840    68907k 13720.7s
     2614k   95208     1218k  20.32%   12.97417582     20                35.13%     2703    260   8401    68942k 13725.8s
     2615k   95232     1219k  20.32%   12.97484277     20                35.13%     2462    172   9615    68975k 13730.8s
     2616k   95256     1219k  20.32%   12.9756254      20                35.12%     1633    221   9213    69009k 13735.9s
     2618k   95292     1220k  20.33%   12.97626632     20                35.12%     2014    168   9441    69043k 13740.9s
     2619k   95299     1221k  20.33%   12.97794118     20                35.11%     2281     98  10005    69077k 13745.9s
     2620k   95316     1221k  20.34%   12.97833935     20                35.11%     1624    186   9334    69110k 13751.0s
     2622k   95321     1222k  20.35%   12.98134328     20                35.09%     3055    244   9441    69144k 13756.0s

        Nodes      |    B&B Tree     |            Objective Bounds              |  Dynamic Constraints |       Work      
Src  Proc. InQueue |  Leaves   Expl. | BestBound       BestSol              Gap |   Cuts   InLp Confl. | LpIters     Time

     2623k   95349     1223k  20.36%   12.98263549     20                35.09%     3419    224   9508    69178k 13761.0s
     2624k   95367     1223k  20.37%   12.98358539     20                35.08%     3041    236   9519    69207k 13766.1s
     2626k   95385     1224k  20.38%   12.98606007     20                35.07%     2389    146   9124    69240k 13771.1s
     2627k   95400     1225k  20.39%   12.98979592     20                35.05%     1751    156   9810    69276k 13776.1s
     2628k   95406     1225k  20.40%   12.99131554     20                35.04%     3798    113   9213    69310k 13781.1s
     2630k   95433     1226k  20.42%   12.99168975     20                35.04%     2762    221   9689    69341k 13786.2s
     2631k   95436     1227k  20.43%   12.9974026      20                35.01%     2844    268   9596    69372k 13791.2s
     2632k   95457     1227k  20.43%   12.99860724     20                35.01%     3485    147   9735    69404k 13796.2s
     2634k   95474     1228k  20.43%   13              20                35.00%     2443    103   9487    69438k 13801.2s
     2635k   95495     1228k  20.44%   13              20                35.00%     3064    249   9663    69468k 13806.2s
     2636k   95510     1229k  20.44%   13              20                35.00%     2707    237   9375    69500k 13811.3s
     2638k   95529     1230k  20.44%   13              20                35.00%     3243    199   9678    69530k 13816.3s
     2639k   95529     1230k  20.45%   13              20                35.00%     2225    142   9941    69561k 13821.3s
     2640k   95547     1231k  20.46%   13              20                35.00%     2716    190   9947    69593k 13826.3s
     2642k   95578     1232k  20.46%   13              20                35.00%     1570    129   8800    69625k 13831.4s
     2643k   95585     1233k  20.47%   13              20                35.00%     2463    255   9653    69656k 13836.4s
     2645k   95609     1233k  20.47%   13              20                35.00%     3832    310   8996    69693k 13841.4s
     2646k   95648     1234k  20.48%   13              20                35.00%     2826    165   9720    69728k 13846.4s
     2647k   95687     1234k  20.49%   13              20                35.00%     2428    206   9624    69767k 13851.4s
     2649k   95734     1235k  20.55%   13              20                35.00%     1655    212   9362    69811k 13856.4s

        Nodes      |    B&B Tree     |            Objective Bounds              |  Dynamic Constraints |       Work      
Src  Proc. InQueue |  Leaves   Expl. | BestBound       BestSol              Gap |   Cuts   InLp Confl. | LpIters     Time

     2650k   95765     1236k  20.55%   13              20                35.00%     1600    183   8504    69852k 13861.4s
     2651k   95777     1236k  20.58%   13              20                35.00%     3337    186   9143    69880k 13866.4s
     2652k   95779     1237k  20.62%   13              20                35.00%     1874    190   9817    69914k 13871.4s
     2654k   95789     1237k  20.64%   13              20                35.00%     2217    145   9364    69946k 13876.4s
     2655k   95809     1238k  20.65%   13              20                35.00%     1745    169   9930    69980k 13881.4s
     2656k   95830     1239k  20.66%   13              20                35.00%     2927    286   9879    70016k 13886.7s
     2658k   95844     1239k  20.67%   13              20                35.00%     2276    160   9719    70045k 13891.7s
     2659k   95868     1240k  20.67%   13              20                35.00%     4243    288   9740    70081k 13896.7s
     2660k   95860     1240k  20.67%   13              20                35.00%     2215    209   9907    70114k 13901.7s
     2661k   95860     1241k  20.68%   13              20                35.00%     3264    179   9914    70149k 13906.8s
     2662k   95883     1241k  20.69%   13              20                35.00%     2177    230   8900    70183k 13911.8s
     2663k   95901     1242k  20.70%   13              20                35.00%     1961    201   8810    70216k 13916.8s
     2665k   95928     1243k  20.72%   13              20                35.00%     2201    132   8570    70250k 13921.8s
     2666k   95961     1244k  20.75%   13              20                35.00%     2490    227   9339    70287k 13926.8s
     2668k   95995     1244k  20.78%   13              20                35.00%     3788    308   9046    70325k 13931.9s
     2669k   96031     1245k  20.79%   13              20                35.00%     1893    258   9199    70367k 13936.9s
     2670k   96068     1246k  20.80%   13              20                35.00%     2058    227   8714    70411k 13941.9s
     2672k   96074     1246k  20.85%   13              20                35.00%     3248    221   9499    70444k 13946.9s
     2673k   96092     1247k  20.87%   13              20                35.00%     2322    307   9533    70477k 13952.1s
     2674k   96115     1247k  20.88%   13              20                35.00%     2188    171   9794    70509k 13957.1s

        Nodes      |    B&B Tree     |            Objective Bounds              |  Dynamic Constraints |       Work      
Src  Proc. InQueue |  Leaves   Expl. | BestBound       BestSol              Gap |   Cuts   InLp Confl. | LpIters     Time

     2676k   96140     1248k  20.89%   13              20                35.00%     1978    187   9801    70541k 13962.1s
     2677k   96171     1249k  20.90%   13              20                35.00%     2897     96   9314    70575k 13967.1s
     2678k   96205     1249k  20.91%   13              20                35.00%     3062    203   9168    70610k 13972.1s
     2680k   96237     1250k  20.92%   13              20                35.00%     1928    219   8955    70643k 13977.1s
     2681k   96244     1251k  20.93%   13              20                35.00%     3360    170   9232    70677k 13982.1s
     2682k   96251     1251k  20.94%   13              20                35.00%     1803    167   9456    70711k 13987.1s
     2684k   96276     1252k  20.97%   13              20                35.00%     3007    147   9968    70741k 13992.2s
     2685k   96282     1252k  20.99%   13              20                35.00%     2323    213   9692    70780k 13997.2s
     2686k   96310     1253k  21.01%   13              20                35.00%     2722    241   9913    70817k 14002.2s
     2687k   96317     1254k  21.01%   13              20                35.00%     2233    204   9632    70849k 14007.2s
     2689k   96361     1255k  21.02%   13              20                35.00%     1607    163   8180    70885k 14012.2s
     2690k   96374     1255k  21.03%   13              20                35.00%     2019    147   9912    70919k 14017.2s
     2692k   96364     1256k  21.04%   13              20                35.00%     2422    184   8810    70951k 14022.3s
     2693k   96411     1256k  21.04%   13              20                35.00%     1751    229   8963    70990k 14027.3s
     2695k   96466     1257k  21.04%   13              20                35.00%     2046    153   8769    71030k 14032.3s
     2696k   96491     1258k  21.05%   13              20                35.00%     2279    211   9678    71064k 14037.3s
     2697k   96497     1258k  21.06%   13              20                35.00%     2936    170   9543    71099k 14042.3s
     2698k   96504     1259k  21.06%   13              20                35.00%     1962    133   8510    71133k 14047.3s
     2700k   96555     1260k  21.08%   13              20                35.00%     2486    209   9539    71173k 14052.5s
     2702k   96568     1261k  21.09%   13              20                35.00%     3178    176   9405    71207k 14057.5s

        Nodes      |    B&B Tree     |            Objective Bounds              |  Dynamic Constraints |       Work      
Src  Proc. InQueue |  Leaves   Expl. | BestBound       BestSol              Gap |   Cuts   InLp Confl. | LpIters     Time

     2703k   96573     1261k  21.10%   13              20                35.00%     2057    200   9749    71240k 14062.5s
     2704k   96607     1262k  21.11%   13              20                35.00%     2393    162   9925    71278k 14067.5s
     2706k   96646     1263k  21.11%   13              20                35.00%     1738    153   8382    71313k 14072.5s
     2707k   96672     1263k  21.11%   13              20                35.00%     1499    233   9168    71342k 14077.5s
     2709k   96690     1264k  21.12%   13              20                35.00%     3191    244   9923    71377k 14082.6s
     2710k   96706     1265k  21.13%   13              20                35.00%     2556    196   9670    71414k 14087.6s
     2712k   96732     1265k  21.13%   13              20                35.00%     1721    223   9460    71447k 14092.8s
     2713k   96768     1266k  21.14%   13              20                35.00%     2141    181   9552    71484k 14097.8s
     2714k   96807     1267k  21.15%   13              20                35.00%     2161    175   9897    71518k 14103.0s
     2716k   96804     1267k  21.16%   13              20                35.00%     3502    196   9867    71548k 14108.0s
     2717k   96817     1268k  21.16%   13              20                35.00%     2531    258   9818    71580k 14113.0s
     2719k   96830     1269k  21.18%   13              20                35.00%     2853    152   9727    71615k 14118.1s
     2720k   96847     1269k  21.18%   13              20                35.00%     2312    178   8531    71652k 14123.1s
     2721k   96898     1270k  21.18%   13              20                35.00%     5423    301   9611    71684k 14128.1s
     2722k   96918     1271k  21.19%   13              20                35.00%     2300    213   8534    71720k 14133.1s
     2724k   96946     1271k  21.19%   13              20                35.00%     2137    185   9580    71752k 14138.2s
     2725k   96956     1272k  21.20%   13              20                35.00%     3169    150   9354    71786k 14143.2s
     2727k   96989     1273k  21.20%   13              20                35.00%     2525    235   9830    71820k 14148.3s
     2728k   97016     1273k  21.22%   13              20                35.00%     2706    215   9763    71854k 14153.4s
     2730k   97033     1274k  21.22%   13              20                35.00%     2135    218   9541    71890k 14158.5s

        Nodes      |    B&B Tree     |            Objective Bounds              |  Dynamic Constraints |       Work      
Src  Proc. InQueue |  Leaves   Expl. | BestBound       BestSol              Gap |   Cuts   InLp Confl. | LpIters     Time

     2731k   97049     1275k  21.23%   13              20                35.00%     2090    170   9278    71924k 14163.6s
     2732k   97060     1275k  21.24%   13              20                35.00%     2454    101   9826    71954k 14168.6s
     2734k   97075     1276k  21.25%   13              20                35.00%     2842    176   9383    71987k 14173.7s
     2735k   97098     1277k  21.25%   13              20                35.00%     3067    278   9991    72019k 14178.7s
     2737k   97117     1278k  21.25%   13              20                35.00%     2402    218   9674    72055k 14183.7s
     2738k   97116     1278k  21.26%   13              20                35.00%     1554    108   9853    72088k 14188.7s
     2739k   97119     1279k  21.26%   13              20                35.00%     2749    232   9861    72119k 14193.7s
     2741k   97150     1279k  21.26%   13              20                35.00%     2365    233   9994    72150k 14198.7s
     2742k   97165     1280k  21.27%   13              20                35.00%     2841    244   9577    72179k 14203.7s
     2744k   97168     1281k  21.28%   13              20                35.00%     3472    219   9288    72212k 14208.7s
     2745k   97159     1282k  21.28%   13              20                35.00%     1672    155   9142    72245k 14213.7s
     2747k   97177     1283k  21.29%   13              20                35.00%     2855    218   9929    72275k 14218.7s
     2748k   97171     1283k  21.31%   13              20                35.00%     2894    361   9980    72307k 14223.8s
     2749k   97183     1284k  21.32%   13              20                35.00%     1985    138   9912    72338k 14228.8s
     2751k   97212     1284k  21.34%   13              20                35.00%     1370    229   9854    72372k 14233.8s
     2753k   97268     1285k  21.35%   13              20                35.00%     1487    190   9001    72411k 14238.8s
     2754k   97297     1286k  21.35%   13              20                35.00%     1742    233   9518    72448k 14244.0s
     2756k   97319     1287k  21.35%   13              20                35.00%     1382    171   9797    72486k 14249.0s
     2757k   97344     1287k  21.36%   13              20                35.00%     2708    237   9666    72521k 14254.0s
     2758k   97381     1288k  21.36%   13              20                35.00%     1770    210   9848    72554k 14259.0s

        Nodes      |    B&B Tree     |            Objective Bounds              |  Dynamic Constraints |       Work      
Src  Proc. InQueue |  Leaves   Expl. | BestBound       BestSol              Gap |   Cuts   InLp Confl. | LpIters     Time

     2760k   97400     1289k  21.37%   13              20                35.00%     2752    139   9619    72581k 14264.0s
     2761k   97408     1289k  21.38%   13              20                35.00%     4026    332   9386    72613k 14269.0s
     2762k   97432     1290k  21.38%   13              20                35.00%     1901    129   8893    72643k 14274.0s
     2764k   97443     1291k  21.39%   13              20                35.00%     2299    235   9409    72674k 14279.1s
     2765k   97453     1291k  21.39%   13              20                35.00%     2584    182   8783    72711k 14284.1s
     2767k   97453     1292k  21.41%   13              20                35.00%     2050    195   9871    72743k 14289.1s
     2768k   97468     1293k  21.42%   13              20                35.00%     2217    254   9344    72778k 14294.1s
     2769k   97489     1293k  21.43%   13              20                35.00%     1999    277   9957    72809k 14299.1s
     2770k   97520     1294k  21.44%   13              20                35.00%     2237    121   9796    72844k 14304.1s
     2772k   97565     1294k  21.44%   13              20                35.00%     3735    280   9731    72877k 14309.1s
     2773k   97573     1295k  21.45%   13              20                35.00%     2748    150   9835    72911k 14314.1s
     2774k   97575     1296k  21.45%   13              20                35.00%     2545    204   9482    72942k 14319.2s
     2776k   97582     1296k  21.47%   13              20                35.00%     3250    199   9367    72973k 14324.2s
     2777k   97580     1297k  21.47%   13              20                35.00%     2864    133   9767    73008k 14329.2s
     2778k   97603     1298k  21.48%   13              20                35.00%     1632    153   9459    73037k 14334.2s
     2780k   97600     1298k  21.48%   13              20                35.00%     3369    214   9850    73069k 14339.2s
     2781k   97624     1299k  21.49%   13              20                35.00%     1925    192   9710    73104k 14344.2s
     2783k   97651     1300k  21.50%   13              20                35.00%     2400    148   9403    73140k 14349.3s
     2784k   97673     1301k  21.51%   13              20                35.00%     2331    259   9850    73172k 14354.3s
     2786k   97705     1301k  21.52%   13              20                35.00%     1970    165   9972    73210k 14359.4s

        Nodes      |    B&B Tree     |            Objective Bounds              |  Dynamic Constraints |       Work      
Src  Proc. InQueue |  Leaves   Expl. | BestBound       BestSol              Gap |   Cuts   InLp Confl. | LpIters     Time

     2787k   97723     1302k  21.54%   13              20                35.00%     2318    177   9063    73241k 14364.4s
     2788k   97761     1303k  21.57%   13              20                35.00%     2259    143   9830    73275k 14369.4s
     2790k   97790     1303k  21.58%   13              20                35.00%     2265    305   8360    73312k 14374.5s
     2791k   97804     1304k  21.59%   13              20                35.00%     2025    147   9945    73345k 14379.5s
     2793k   97841     1305k  21.62%   13              20                35.00%     2991    185   9904    73378k 14384.5s
     2794k   97856     1305k  21.63%   13              20                35.00%     3875    246   9897    73407k 14389.5s
     2795k   97876     1306k  21.63%   13              20                35.00%     1322    228   9515    73439k 14394.6s
     2796k   97895     1306k  21.64%   13              20                35.00%     2887    294   9715    73475k 14399.7s
     2796k   97895     1306k  21.65%   13              20                35.00%     2178    123   9956    73476k 14400.0s

Solving report
  Status            Time limit reached
  Primal bound      20
  Dual bound        13
  Gap               35%
  P-D integral      6538.16589584
  Solution status   feasible
                    20 (objective)
                    0 (bound viol.)
                    2.44249065418e-15 (int. viol.)
                    0 (row viol.)
  Timing            14400.00
  Max sub-MIP depth 5
  Nodes             2796729
  Repair LPs        2 (0 feasible; 0 iterations)
  LP iterations     73476392
                    219403 (strong br.)
                    6061328 (separation)
                    6120717 (heuristics)

time limit reached: distance proven >= 13 (and <= 18)
saved results/proofs/raw_216_4_18.json
