2026-09-27T23:35:10+13:00 bench done; 180-20-14 at depth 1, 180-18-14 at depth 1
2 cubes queued on 4 workers
2 cubes queued on 4 workers
180-18-14 X root-cube len 91 UNSAT 0.13s {"verdict": "in progress", "roots_done": "1/2", "leaves_unsat": 1, "leaves_pending": 1, "splits": 0, "cpu_hours": 0.0}
180-20-14 X root-cube len 91 UNSAT 0.13s {"verdict": "in progress", "roots_done": "1/2", "leaves_unsat": 1, "leaves_pending": 1, "splits": 0, "cpu_hours": 0.0}
180-18-14 X root-cube len 1 SPLIT 600.1s {"verdict": "in progress", "roots_done": "1/2", "leaves_unsat": 1, "leaves_pending": 2, "splits": 1, "cpu_hours": 0.167}
180-20-14 X root-cube len 1 SPLIT 600.1s {"verdict": "in progress", "roots_done": "1/2", "leaves_unsat": 1, "leaves_pending": 2, "splits": 1, "cpu_hours": 0.167}
180-18-14 X root-cube len 2 SPLIT 600.1s {"verdict": "in progress", "roots_done": "1/2", "leaves_unsat": 1, "leaves_pending": 3, "splits": 2, "cpu_hours": 0.333}
180-18-14 X root-cube len 2 SPLIT 600.11s {"verdict": "in progress", "roots_done": "1/2", "leaves_unsat": 1, "leaves_pending": 4, "splits": 3, "cpu_hours": 0.5}
180-20-14 X root-cube len 2 SPLIT 600.1s {"verdict": "in progress", "roots_done": "1/2", "leaves_unsat": 1, "leaves_pending": 3, "splits": 2, "cpu_hours": 0.333}
180-20-14 X root-cube len 2 SPLIT 600.14s {"verdict": "in progress", "roots_done": "1/2", "leaves_unsat": 1, "leaves_pending": 4, "splits": 3, "cpu_hours": 0.5}
180-18-14 X root-cube len 3 SPLIT 600.14s {"verdict": "in progress", "roots_done": "1/2", "leaves_unsat": 1, "leaves_pending": 5, "splits": 4, "cpu_hours": 0.667}
180-18-14 X root-cube len 3 SPLIT 600.14s {"verdict": "in progress", "roots_done": "1/2", "leaves_unsat": 1, "leaves_pending": 6, "splits": 5, "cpu_hours": 0.834}
180-20-14 X root-cube len 3 SPLIT 600.13s {"verdict": "in progress", "roots_done": "1/2", "leaves_unsat": 1, "leaves_pending": 5, "splits": 4, "cpu_hours": 0.667}
180-20-14 X root-cube len 3 SPLIT 600.18s {"verdict": "in progress", "roots_done": "1/2", "leaves_unsat": 1, "leaves_pending": 6, "splits": 5, "cpu_hours": 0.834}
180-18-14 X root-cube len 3 SPLIT 600.22s {"verdict": "in progress", "roots_done": "1/2", "leaves_unsat": 1, "leaves_pending": 7, "splits": 6, "cpu_hours": 1.0}
180-20-14 X root-cube len 3 SPLIT 600.18s {"verdict": "in progress", "roots_done": "1/2", "leaves_unsat": 1, "leaves_pending": 7, "splits": 6, "cpu_hours": 1.0}
180-20-14 X root-cube len 3 SPLIT 600.17s {"verdict": "in progress", "roots_done": "1/2", "leaves_unsat": 1, "leaves_pending": 8, "splits": 7, "cpu_hours": 1.167}
180-18-14 X root-cube len 3 SPLIT 600.45s {"verdict": "in progress", "roots_done": "1/2", "leaves_unsat": 1, "leaves_pending": 8, "splits": 7, "cpu_hours": 1.167}
180-20-14 X root-cube len 4 UNSAT 127.28s {"verdict": "in progress", "roots_done": "1/2", "leaves_unsat": 2, "leaves_pending": 7, "splits": 7, "cpu_hours": 1.202}
180-18-14 X root-cube len 4 UNSAT 136.83s {"verdict": "in progress", "roots_done": "1/2", "leaves_unsat": 2, "leaves_pending": 7, "splits": 7, "cpu_hours": 1.205}
180-18-14 X root-cube len 4 SPLIT 600.18s {"verdict": "in progress", "roots_done": "1/2", "leaves_unsat": 2, "leaves_pending": 8, "splits": 8, "cpu_hours": 1.372}
180-20-14 X root-cube len 4 SPLIT 600.15s {"verdict": "in progress", "roots_done": "1/2", "leaves_unsat": 2, "leaves_pending": 8, "splits": 8, "cpu_hours": 1.369}
180-20-14 X root-cube len 4 SPLIT 600.18s {"verdict": "in progress", "roots_done": "1/2", "leaves_unsat": 2, "leaves_pending": 9, "splits": 9, "cpu_hours": 1.536}
180-18-14 X root-cube len 4 SPLIT 600.17s {"verdict": "in progress", "roots_done": "1/2", "leaves_unsat": 2, "leaves_pending": 9, "splits": 9, "cpu_hours": 1.538}
180-20-14 X root-cube len 4 SPLIT 600.15s {"verdict": "in progress", "roots_done": "1/2", "leaves_unsat": 2, "leaves_pending": 10, "splits": 10, "cpu_hours": 1.702}
180-18-14 X root-cube len 4 SPLIT 600.15s {"verdict": "in progress", "roots_done": "1/2", "leaves_unsat": 2, "leaves_pending": 10, "splits": 10, "cpu_hours": 1.705}
180-20-14 X root-cube len 4 SPLIT 600.17s {"verdict": "in progress", "roots_done": "1/2", "leaves_unsat": 2, "leaves_pending": 11, "splits": 11, "cpu_hours": 1.869}
180-18-14 X root-cube len 4 SPLIT 600.16s {"verdict": "in progress", "roots_done": "1/2", "leaves_unsat": 2, "leaves_pending": 11, "splits": 11, "cpu_hours": 1.872}
180-18-14 X root-cube len 5 UNSAT 138.78s {"verdict": "in progress", "roots_done": "1/2", "leaves_unsat": 3, "leaves_pending": 10, "splits": 11, "cpu_hours": 1.91}
180-18-14 X root-cube len 4 SPLIT 600.16s {"verdict": "in progress", "roots_done": "1/2", "leaves_unsat": 3, "leaves_pending": 11, "splits": 12, "cpu_hours": 2.077}
180-20-14 X root-cube len 4 SPLIT 600.16s {"verdict": "in progress", "roots_done": "1/2", "leaves_unsat": 2, "leaves_pending": 12, "splits": 12, "cpu_hours": 2.036}
180-20-14 X root-cube len 4 SPLIT 600.17s {"verdict": "in progress", "roots_done": "1/2", "leaves_unsat": 2, "leaves_pending": 13, "splits": 13, "cpu_hours": 2.203}
180-18-14 X root-cube len 4 SPLIT 600.14s {"verdict": "in progress", "roots_done": "1/2", "leaves_unsat": 3, "leaves_pending": 12, "splits": 13, "cpu_hours": 2.244}
180-20-14 X root-cube len 4 SPLIT 600.14s {"verdict": "in progress", "roots_done": "1/2", "leaves_unsat": 2, "leaves_pending": 14, "splits": 14, "cpu_hours": 2.369}
180-18-14 X root-cube len 4 SPLIT 600.18s {"verdict": "in progress", "roots_done": "1/2", "leaves_unsat": 3, "leaves_pending": 13, "splits": 14, "cpu_hours": 2.411}
180-20-14 X root-cube len 5 SPLIT 600.15s {"verdict": "in progress", "roots_done": "1/2", "leaves_unsat": 2, "leaves_pending": 15, "splits": 15, "cpu_hours": 2.536}
180-20-14 X root-cube len 5 UNSAT 131.18s {"verdict": "in progress", "roots_done": "1/2", "leaves_unsat": 3, "leaves_pending": 14, "splits": 15, "cpu_hours": 2.572}
180-18-14 X root-cube len 5 UNSAT 131.57s {"verdict": "in progress", "roots_done": "1/2", "leaves_unsat": 4, "leaves_pending": 12, "splits": 14, "cpu_hours": 2.447}
180-20-14 X root-cube len 5 UNSAT 67.49s {"verdict": "in progress", "roots_done": "1/2", "leaves_unsat": 4, "leaves_pending": 13, "splits": 15, "cpu_hours": 2.591}
180-18-14 X root-cube len 5 SPLIT 600.26s {"verdict": "in progress", "roots_done": "1/2", "leaves_unsat": 4, "leaves_pending": 13, "splits": 15, "cpu_hours": 2.614}
180-18-14 X root-cube len 5 UNSAT 89.21s {"verdict": "in progress", "roots_done": "1/2", "leaves_unsat": 5, "leaves_pending": 12, "splits": 15, "cpu_hours": 2.639}
180-20-14 X root-cube len 5 UNSAT 261.42s {"verdict": "in progress", "roots_done": "1/2", "leaves_unsat": 5, "leaves_pending": 12, "splits": 15, "cpu_hours": 2.664}
180-20-14 X root-cube len 5 SPLIT 600.15s {"verdict": "in progress", "roots_done": "1/2", "leaves_unsat": 5, "leaves_pending": 13, "splits": 16, "cpu_hours": 2.831}
180-18-14 X root-cube len 5 SPLIT 600.2s {"verdict": "in progress", "roots_done": "1/2", "leaves_unsat": 5, "leaves_pending": 13, "splits": 16, "cpu_hours": 2.805}
180-20-14 X root-cube len 5 SPLIT 600.18s {"verdict": "in progress", "roots_done": "1/2", "leaves_unsat": 5, "leaves_pending": 14, "splits": 17, "cpu_hours": 2.997}
180-18-14 X root-cube len 5 SPLIT 600.16s {"verdict": "in progress", "roots_done": "1/2", "leaves_unsat": 5, "leaves_pending": 14, "splits": 17, "cpu_hours": 2.972}
180-18-14 X root-cube len 5 SPLIT 600.15s {"verdict": "in progress", "roots_done": "1/2", "leaves_unsat": 5, "leaves_pending": 15, "splits": 18, "cpu_hours": 3.139}
180-20-14 X root-cube len 5 SPLIT 601.17s {"verdict": "in progress", "roots_done": "1/2", "leaves_unsat": 5, "leaves_pending": 15, "splits": 18, "cpu_hours": 3.164}
180-18-14 X root-cube len 5 SPLIT 600.19s {"verdict": "in progress", "roots_done": "1/2", "leaves_unsat": 5, "leaves_pending": 16, "splits": 19, "cpu_hours": 3.306}
180-20-14 X root-cube len 5 SPLIT 600.18s {"verdict": "in progress", "roots_done": "1/2", "leaves_unsat": 5, "leaves_pending": 16, "splits": 19, "cpu_hours": 3.331}
180-20-14 X root-cube len 5 SPLIT 600.16s {"verdict": "in progress", "roots_done": "1/2", "leaves_unsat": 5, "leaves_pending": 17, "splits": 20, "cpu_hours": 3.498}
180-18-14 X root-cube len 5 SPLIT 600.27s {"verdict": "in progress", "roots_done": "1/2", "leaves_unsat": 5, "leaves_pending": 17, "splits": 20, "cpu_hours": 3.472}
180-20-14 X root-cube len 5 SPLIT 600.17s {"verdict": "in progress", "roots_done": "1/2", "leaves_unsat": 5, "leaves_pending": 18, "splits": 21, "cpu_hours": 3.664}
180-18-14 X root-cube len 5 SPLIT 600.14s {"verdict": "in progress", "roots_done": "1/2", "leaves_unsat": 5, "leaves_pending": 18, "splits": 21, "cpu_hours": 3.639}
180-18-14 X root-cube len 5 SPLIT 600.15s {"verdict": "in progress", "roots_done": "1/2", "leaves_unsat": 5, "leaves_pending": 19, "splits": 22, "cpu_hours": 3.806}
180-20-14 X root-cube len 5 SPLIT 600.17s {"verdict": "in progress", "roots_done": "1/2", "leaves_unsat": 5, "leaves_pending": 19, "splits": 22, "cpu_hours": 3.831}
180-18-14 X root-cube len 6 UNSAT 86.28s {"verdict": "in progress", "roots_done": "1/2", "leaves_unsat": 6, "leaves_pending": 18, "splits": 22, "cpu_hours": 3.83}
180-20-14 X root-cube len 6 UNSAT 126.5s {"verdict": "in progress", "roots_done": "1/2", "leaves_unsat": 6, "leaves_pending": 18, "splits": 22, "cpu_hours": 3.866}
180-18-14 X root-cube len 5 SPLIT 600.12s {"verdict": "in progress", "roots_done": "1/2", "leaves_unsat": 6, "leaves_pending": 19, "splits": 23, "cpu_hours": 3.996}
180-20-14 X root-cube len 5 SPLIT 600.12s {"verdict": "in progress", "roots_done": "1/2", "leaves_unsat": 6, "leaves_pending": 19, "splits": 23, "cpu_hours": 4.033}
180-18-14 X root-cube len 6 UNSAT 180.21s {"verdict": "in progress", "roots_done": "1/2", "leaves_unsat": 7, "leaves_pending": 18, "splits": 23, "cpu_hours": 4.046}
180-20-14 X root-cube len 5 SPLIT 600.14s {"verdict": "in progress", "roots_done": "1/2", "leaves_unsat": 6, "leaves_pending": 20, "splits": 24, "cpu_hours": 4.2}
180-18-14 X root-cube len 5 SPLIT 600.14s {"verdict": "in progress", "roots_done": "1/2", "leaves_unsat": 7, "leaves_pending": 19, "splits": 24, "cpu_hours": 4.213}
180-18-14 X root-cube len 5 SPLIT 600.15s {"verdict": "in progress", "roots_done": "1/2", "leaves_unsat": 7, "leaves_pending": 20, "splits": 25, "cpu_hours": 4.38}
180-20-14 X root-cube len 5 SPLIT 600.26s {"verdict": "in progress", "roots_done": "1/2", "leaves_unsat": 6, "leaves_pending": 21, "splits": 25, "cpu_hours": 4.366}
180-20-14 X root-cube len 6 UNSAT 169.09s {"verdict": "in progress", "roots_done": "1/2", "leaves_unsat": 7, "leaves_pending": 20, "splits": 25, "cpu_hours": 4.413}
180-18-14 X root-cube len 6 UNSAT 194.3s {"verdict": "in progress", "roots_done": "1/2", "leaves_unsat": 8, "leaves_pending": 19, "splits": 25, "cpu_hours": 4.434}
180-18-14 X root-cube len 6 SPLIT 600.16s {"verdict": "in progress", "roots_done": "1/2", "leaves_unsat": 8, "leaves_pending": 20, "splits": 26, "cpu_hours": 4.6}
180-20-14 X root-cube len 6 SPLIT 600.17s {"verdict": "in progress", "roots_done": "1/2", "leaves_unsat": 7, "leaves_pending": 21, "splits": 26, "cpu_hours": 4.58}
180-20-14 X root-cube len 6 SPLIT 600.25s {"verdict": "in progress", "roots_done": "1/2", "leaves_unsat": 7, "leaves_pending": 22, "splits": 27, "cpu_hours": 4.747}
180-20-14 X root-cube len 6 UNSAT 212.82s {"verdict": "in progress", "roots_done": "1/2", "leaves_unsat": 8, "leaves_pending": 21, "splits": 27, "cpu_hours": 4.806}
180-18-14 X root-cube len 6 SPLIT 600.18s {"verdict": "in progress", "roots_done": "1/2", "leaves_unsat": 8, "leaves_pending": 21, "splits": 27, "cpu_hours": 4.767}
180-20-14 X root-cube len 6 SPLIT 600.16s {"verdict": "in progress", "roots_done": "1/2", "leaves_unsat": 8, "leaves_pending": 22, "splits": 28, "cpu_hours": 4.973}
180-18-14 X root-cube len 6 SPLIT 600.21s {"verdict": "in progress", "roots_done": "1/2", "leaves_unsat": 8, "leaves_pending": 22, "splits": 28, "cpu_hours": 4.934}
180-18-14 X root-cube len 6 UNSAT 99.72s {"verdict": "in progress", "roots_done": "1/2", "leaves_unsat": 9, "leaves_pending": 21, "splits": 28, "cpu_hours": 4.962}
180-20-14 X root-cube len 6 UNSAT 201.46s {"verdict": "in progress", "roots_done": "1/2", "leaves_unsat": 9, "leaves_pending": 21, "splits": 28, "cpu_hours": 5.029}
180-20-14 X root-cube len 6 SPLIT 600.28s {"verdict": "in progress", "roots_done": "1/2", "leaves_unsat": 9, "leaves_pending": 22, "splits": 29, "cpu_hours": 5.195}
180-18-14 X root-cube len 6 SPLIT 600.16s {"verdict": "in progress", "roots_done": "1/2", "leaves_unsat": 9, "leaves_pending": 22, "splits": 29, "cpu_hours": 5.128}
180-18-14 X root-cube len 6 SPLIT 600.14s {"verdict": "in progress", "roots_done": "1/2", "leaves_unsat": 9, "leaves_pending": 23, "splits": 30, "cpu_hours": 5.295}
180-20-14 X root-cube len 6 UNSAT 149.76s {"verdict": "in progress", "roots_done": "1/2", "leaves_unsat": 10, "leaves_pending": 21, "splits": 29, "cpu_hours": 5.237}
180-18-14 X root-cube len 6 UNSAT 238.2s {"verdict": "in progress", "roots_done": "1/2", "leaves_unsat": 10, "leaves_pending": 22, "splits": 30, "cpu_hours": 5.361}
180-20-14 X root-cube len 6 SPLIT 600.13s {"verdict": "in progress", "roots_done": "1/2", "leaves_unsat": 10, "leaves_pending": 22, "splits": 30, "cpu_hours": 5.404}
180-20-14 X root-cube len 6 SPLIT 600.13s {"verdict": "in progress", "roots_done": "1/2", "leaves_unsat": 10, "leaves_pending": 23, "splits": 31, "cpu_hours": 5.57}
180-18-14 X root-cube len 6 SPLIT 600.15s {"verdict": "in progress", "roots_done": "1/2", "leaves_unsat": 10, "leaves_pending": 23, "splits": 31, "cpu_hours": 5.528}
180-20-14 X root-cube len 6 UNSAT 128.84s {"verdict": "in progress", "roots_done": "1/2", "leaves_unsat": 11, "leaves_pending": 22, "splits": 31, "cpu_hours": 5.606}
180-20-14 X root-cube len 6 SPLIT 600.18s {"verdict": "in progress", "roots_done": "1/2", "leaves_unsat": 11, "leaves_pending": 23, "splits": 32, "cpu_hours": 5.773}
180-18-14 X root-cube len 6 SPLIT 600.18s {"verdict": "in progress", "roots_done": "1/2", "leaves_unsat": 10, "leaves_pending": 24, "splits": 32, "cpu_hours": 5.695}
180-18-14 X root-cube len 6 UNSAT 196.42s {"verdict": "in progress", "roots_done": "1/2", "leaves_unsat": 11, "leaves_pending": 23, "splits": 32, "cpu_hours": 5.749}
180-18-14 X root-cube len 6 SPLIT 600.18s {"verdict": "in progress", "roots_done": "1/2", "leaves_unsat": 11, "leaves_pending": 24, "splits": 33, "cpu_hours": 5.916}
180-20-14 X root-cube len 6 SPLIT 600.14s {"verdict": "in progress", "roots_done": "1/2", "leaves_unsat": 11, "leaves_pending": 24, "splits": 33, "cpu_hours": 5.94}
180-18-14 X root-cube len 6 SPLIT 600.12s {"verdict": "in progress", "roots_done": "1/2", "leaves_unsat": 11, "leaves_pending": 25, "splits": 34, "cpu_hours": 6.083}
180-20-14 X root-cube len 6 SPLIT 600.13s {"verdict": "in progress", "roots_done": "1/2", "leaves_unsat": 11, "leaves_pending": 25, "splits": 34, "cpu_hours": 6.106}
180-20-14 X root-cube len 6 SPLIT 600.21s {"verdict": "in progress", "roots_done": "1/2", "leaves_unsat": 11, "leaves_pending": 26, "splits": 35, "cpu_hours": 6.273}
180-20-14 X root-cube len 6 SPLIT 600.14s {"verdict": "in progress", "roots_done": "1/2", "leaves_unsat": 11, "leaves_pending": 27, "splits": 36, "cpu_hours": 6.44}
180-18-14 X root-cube len 6 SPLIT 600.2s {"verdict": "in progress", "roots_done": "1/2", "leaves_unsat": 11, "leaves_pending": 26, "splits": 35, "cpu_hours": 6.249}
180-18-14 X root-cube len 6 SPLIT 600.19s {"verdict": "in progress", "roots_done": "1/2", "leaves_unsat": 11, "leaves_pending": 27, "splits": 36, "cpu_hours": 6.416}
180-18-14 X root-cube len 6 SPLIT 600.19s {"verdict": "in progress", "roots_done": "1/2", "leaves_unsat": 11, "leaves_pending": 28, "splits": 37, "cpu_hours": 6.583}
180-20-14 X root-cube len 6 SPLIT 600.16s {"verdict": "in progress", "roots_done": "1/2", "leaves_unsat": 11, "leaves_pending": 28, "splits": 37, "cpu_hours": 6.606}
180-18-14 X root-cube len 6 SPLIT 600.16s {"verdict": "in progress", "roots_done": "1/2", "leaves_unsat": 11, "leaves_pending": 29, "splits": 38, "cpu_hours": 6.75}
180-18-14 X root-cube len 7 UNSAT 171.84s {"verdict": "in progress", "roots_done": "1/2", "leaves_unsat": 12, "leaves_pending": 28, "splits": 38, "cpu_hours": 6.797}
180-20-14 X root-cube len 6 SPLIT 600.21s {"verdict": "in progress", "roots_done": "1/2", "leaves_unsat": 11, "leaves_pending": 29, "splits": 38, "cpu_hours": 6.773}
180-20-14 X root-cube len 7 UNSAT 173.51s {"verdict": "in progress", "roots_done": "1/2", "leaves_unsat": 12, "leaves_pending": 28, "splits": 38, "cpu_hours": 6.821}
180-20-14 X root-cube len 6 SPLIT 600.18s {"verdict": "in progress", "roots_done": "1/2", "leaves_unsat": 12, "leaves_pending": 29, "splits": 39, "cpu_hours": 6.988}
180-20-14 X root-cube len 6 SPLIT 600.16s {"verdict": "in progress", "roots_done": "1/2", "leaves_unsat": 12, "leaves_pending": 30, "splits": 40, "cpu_hours": 7.155}
180-18-14 X root-cube len 6 SPLIT 600.2s {"verdict": "in progress", "roots_done": "1/2", "leaves_unsat": 12, "leaves_pending": 29, "splits": 39, "cpu_hours": 6.964}
180-18-14 X root-cube len 6 SPLIT 600.19s {"verdict": "in progress", "roots_done": "1/2", "leaves_unsat": 12, "leaves_pending": 30, "splits": 40, "cpu_hours": 7.131}
180-18-14 X root-cube len 6 SPLIT 600.16s {"verdict": "in progress", "roots_done": "1/2", "leaves_unsat": 12, "leaves_pending": 31, "splits": 41, "cpu_hours": 7.297}
180-20-14 X root-cube len 6 SPLIT 600.13s {"verdict": "in progress", "roots_done": "1/2", "leaves_unsat": 12, "leaves_pending": 31, "splits": 41, "cpu_hours": 7.321}
180-20-14 X root-cube len 7 UNSAT 143.74s {"verdict": "in progress", "roots_done": "1/2", "leaves_unsat": 13, "leaves_pending": 30, "splits": 41, "cpu_hours": 7.361}
180-18-14 X root-cube len 7 UNSAT 223.09s {"verdict": "in progress", "roots_done": "1/2", "leaves_unsat": 13, "leaves_pending": 30, "splits": 41, "cpu_hours": 7.359}
180-18-14 X root-cube len 7 UNSAT 251.15s {"verdict": "in progress", "roots_done": "1/2", "leaves_unsat": 14, "leaves_pending": 29, "splits": 41, "cpu_hours": 7.429}
180-18-14 X root-cube len 7 SPLIT 600.27s {"verdict": "in progress", "roots_done": "1/2", "leaves_unsat": 14, "leaves_pending": 30, "splits": 42, "cpu_hours": 7.596}
180-18-14 X root-cube len 7 UNSAT 127.37s {"verdict": "in progress", "roots_done": "1/2", "leaves_unsat": 15, "leaves_pending": 29, "splits": 42, "cpu_hours": 7.631}
180-20-14 X root-cube len 7 SPLIT 600.18s {"verdict": "in progress", "roots_done": "1/2", "leaves_unsat": 13, "leaves_pending": 31, "splits": 42, "cpu_hours": 7.528}
180-20-14 X root-cube len 7 SPLIT 600.19s {"verdict": "in progress", "roots_done": "1/2", "leaves_unsat": 13, "leaves_pending": 32, "splits": 43, "cpu_hours": 7.695}
180-18-14 X root-cube len 7 SPLIT 600.17s {"verdict": "in progress", "roots_done": "1/2", "leaves_unsat": 15, "leaves_pending": 30, "splits": 43, "cpu_hours": 7.798}
180-20-14 X root-cube len 7 SPLIT 600.15s {"verdict": "in progress", "roots_done": "1/2", "leaves_unsat": 13, "leaves_pending": 33, "splits": 44, "cpu_hours": 7.862}
180-20-14 X root-cube len 7 SPLIT 600.18s {"verdict": "in progress", "roots_done": "1/2", "leaves_unsat": 13, "leaves_pending": 34, "splits": 45, "cpu_hours": 8.028}
180-20-14 X root-cube len 7 UNSAT 243.51s {"verdict": "in progress", "roots_done": "1/2", "leaves_unsat": 14, "leaves_pending": 33, "splits": 45, "cpu_hours": 8.096}
180-18-14 X root-cube len 7 SPLIT 600.26s {"verdict": "in progress", "roots_done": "1/2", "leaves_unsat": 15, "leaves_pending": 31, "splits": 44, "cpu_hours": 7.965}
180-18-14 X root-cube len 7 SPLIT 600.13s {"verdict": "in progress", "roots_done": "1/2", "leaves_unsat": 15, "leaves_pending": 32, "splits": 45, "cpu_hours": 8.131}
180-20-14 X root-cube len 7 UNSAT 266.78s {"verdict": "in progress", "roots_done": "1/2", "leaves_unsat": 15, "leaves_pending": 32, "splits": 45, "cpu_hours": 8.17}
180-18-14 X root-cube len 7 UNSAT 124.64s {"verdict": "in progress", "roots_done": "1/2", "leaves_unsat": 16, "leaves_pending": 31, "splits": 45, "cpu_hours": 8.166}
180-20-14 X root-cube len 7 UNSAT 292.11s {"verdict": "in progress", "roots_done": "1/2", "leaves_unsat": 16, "leaves_pending": 31, "splits": 45, "cpu_hours": 8.251}
180-18-14 X root-cube len 7 SPLIT 600.16s {"verdict": "in progress", "roots_done": "1/2", "leaves_unsat": 16, "leaves_pending": 32, "splits": 46, "cpu_hours": 8.333}
180-18-14 X root-cube len 7 UNSAT 195.53s {"verdict": "in progress", "roots_done": "1/2", "leaves_unsat": 17, "leaves_pending": 31, "splits": 46, "cpu_hours": 8.387}
180-20-14 X root-cube len 7 SPLIT 600.17s {"verdict": "in progress", "roots_done": "1/2", "leaves_unsat": 16, "leaves_pending": 32, "splits": 46, "cpu_hours": 8.418}
180-20-14 X root-cube len 7 UNSAT 229.07s {"verdict": "in progress", "roots_done": "1/2", "leaves_unsat": 17, "leaves_pending": 31, "splits": 46, "cpu_hours": 8.481}
180-18-14 X root-cube len 7 SPLIT 600.15s {"verdict": "in progress", "roots_done": "1/2", "leaves_unsat": 17, "leaves_pending": 32, "splits": 47, "cpu_hours": 8.554}
180-18-14 X root-cube len 7 UNSAT 104.56s {"verdict": "in progress", "roots_done": "1/2", "leaves_unsat": 18, "leaves_pending": 31, "splits": 47, "cpu_hours": 8.583}
180-20-14 X root-cube len 7 SPLIT 600.18s {"verdict": "in progress", "roots_done": "1/2", "leaves_unsat": 17, "leaves_pending": 32, "splits": 47, "cpu_hours": 8.648}
180-20-14 X root-cube len 7 UNSAT 227.81s {"verdict": "in progress", "roots_done": "1/2", "leaves_unsat": 18, "leaves_pending": 31, "splits": 47, "cpu_hours": 8.711}
180-18-14 X root-cube len 7 SPLIT 600.18s {"verdict": "in progress", "roots_done": "1/2", "leaves_unsat": 18, "leaves_pending": 32, "splits": 48, "cpu_hours": 8.75}
180-20-14 X root-cube len 7 SPLIT 600.15s {"verdict": "in progress", "roots_done": "1/2", "leaves_unsat": 18, "leaves_pending": 32, "splits": 48, "cpu_hours": 8.878}
180-18-14 X root-cube len 7 SPLIT 600.13s {"verdict": "in progress", "roots_done": "1/2", "leaves_unsat": 18, "leaves_pending": 33, "splits": 49, "cpu_hours": 8.916}
180-18-14 X root-cube len 7 UNSAT 117.65s {"verdict": "in progress", "roots_done": "1/2", "leaves_unsat": 19, "leaves_pending": 32, "splits": 49, "cpu_hours": 8.949}
180-20-14 X root-cube len 7 SPLIT 600.17s {"verdict": "in progress", "roots_done": "1/2", "leaves_unsat": 18, "leaves_pending": 33, "splits": 49, "cpu_hours": 9.045}
180-18-14 X root-cube len 7 SPLIT 600.76s {"verdict": "in progress", "roots_done": "1/2", "leaves_unsat": 19, "leaves_pending": 33, "splits": 50, "cpu_hours": 9.116}
180-18-14 X root-cube len 7 SPLIT 600.15s {"verdict": "in progress", "roots_done": "1/2", "leaves_unsat": 19, "leaves_pending": 34, "splits": 51, "cpu_hours": 9.282}
180-20-14 X root-cube len 7 SPLIT 600.16s {"verdict": "in progress", "roots_done": "1/2", "leaves_unsat": 18, "leaves_pending": 34, "splits": 50, "cpu_hours": 9.212}
180-18-14 X root-cube len 7 UNSAT 142.71s {"verdict": "in progress", "roots_done": "1/2", "leaves_unsat": 20, "leaves_pending": 33, "splits": 51, "cpu_hours": 9.322}
180-20-14 X root-cube len 7 SPLIT 600.24s {"verdict": "in progress", "roots_done": "1/2", "leaves_unsat": 18, "leaves_pending": 35, "splits": 51, "cpu_hours": 9.378}
180-18-14 X root-cube len 7 SPLIT 600.2s {"verdict": "in progress", "roots_done": "1/2", "leaves_unsat": 20, "leaves_pending": 34, "splits": 52, "cpu_hours": 9.489}
180-20-14 X root-cube len 7 SPLIT 600.15s {"verdict": "in progress", "roots_done": "1/2", "leaves_unsat": 18, "leaves_pending": 36, "splits": 52, "cpu_hours": 9.545}
180-20-14 X root-cube len 7 UNSAT 319.73s {"verdict": "in progress", "roots_done": "1/2", "leaves_unsat": 19, "leaves_pending": 35, "splits": 52, "cpu_hours": 9.634}
180-20-14 X root-cube len 7 UNSAT 257.99s {"verdict": "in progress", "roots_done": "1/2", "leaves_unsat": 20, "leaves_pending": 34, "splits": 52, "cpu_hours": 9.706}
180-18-14 X root-cube len 7 SPLIT 600.25s {"verdict": "in progress", "roots_done": "1/2", "leaves_unsat": 20, "leaves_pending": 35, "splits": 53, "cpu_hours": 9.656}
180-18-14 X root-cube len 7 UNSAT 131.66s {"verdict": "in progress", "roots_done": "1/2", "leaves_unsat": 21, "leaves_pending": 34, "splits": 53, "cpu_hours": 9.692}
180-18-14 X root-cube len 7 SPLIT 600.21s {"verdict": "in progress", "roots_done": "1/2", "leaves_unsat": 21, "leaves_pending": 35, "splits": 54, "cpu_hours": 9.859}
180-20-14 X root-cube len 7 SPLIT 600.14s {"verdict": "in progress", "roots_done": "1/2", "leaves_unsat": 20, "leaves_pending": 35, "splits": 53, "cpu_hours": 9.872}
180-18-14 X root-cube len 7 SPLIT 600.13s {"verdict": "in progress", "roots_done": "1/2", "leaves_unsat": 21, "leaves_pending": 36, "splits": 55, "cpu_hours": 10.026}
180-18-14 X root-cube len 7 SPLIT 600.17s {"verdict": "in progress", "roots_done": "1/2", "leaves_unsat": 21, "leaves_pending": 37, "splits": 56, "cpu_hours": 10.192}
180-20-14 X root-cube len 7 UNSAT 214.97s {"verdict": "in progress", "roots_done": "1/2", "leaves_unsat": 21, "leaves_pending": 34, "splits": 53, "cpu_hours": 9.932}
180-20-14 X root-cube len 7 SPLIT 600.15s {"verdict": "in progress", "roots_done": "1/2", "leaves_unsat": 21, "leaves_pending": 35, "splits": 54, "cpu_hours": 10.099}
180-20-14 X root-cube len 7 SPLIT 600.2s {"verdict": "in progress", "roots_done": "1/2", "leaves_unsat": 21, "leaves_pending": 36, "splits": 55, "cpu_hours": 10.265}
180-20-14 X root-cube len 7 SPLIT 600.15s {"verdict": "in progress", "roots_done": "1/2", "leaves_unsat": 21, "leaves_pending": 37, "splits": 56, "cpu_hours": 10.432}
180-18-14 X root-cube len 7 SPLIT 600.14s {"verdict": "in progress", "roots_done": "1/2", "leaves_unsat": 21, "leaves_pending": 38, "splits": 57, "cpu_hours": 10.359}
180-18-14 X root-cube len 7 SPLIT 600.11s {"verdict": "in progress", "roots_done": "1/2", "leaves_unsat": 21, "leaves_pending": 39, "splits": 58, "cpu_hours": 10.526}
180-18-14 X root-cube len 7 SPLIT 600.17s {"verdict": "in progress", "roots_done": "1/2", "leaves_unsat": 21, "leaves_pending": 40, "splits": 59, "cpu_hours": 10.692}
180-18-14 X root-cube len 7 SPLIT 600.16s {"verdict": "in progress", "roots_done": "1/2", "leaves_unsat": 21, "leaves_pending": 41, "splits": 60, "cpu_hours": 10.859}
180-20-14 X root-cube len 7 SPLIT 600.18s {"verdict": "in progress", "roots_done": "1/2", "leaves_unsat": 21, "leaves_pending": 38, "splits": 57, "cpu_hours": 10.599}
180-20-14 X root-cube len 7 SPLIT 600.2s {"verdict": "in progress", "roots_done": "1/2", "leaves_unsat": 21, "leaves_pending": 39, "splits": 58, "cpu_hours": 10.766}
180-20-14 X root-cube len 7 SPLIT 600.13s {"verdict": "in progress", "roots_done": "1/2", "leaves_unsat": 21, "leaves_pending": 40, "splits": 59, "cpu_hours": 10.932}
180-18-14 X root-cube len 8 UNSAT 182.29s {"verdict": "in progress", "roots_done": "1/2", "leaves_unsat": 22, "leaves_pending": 40, "splits": 60, "cpu_hours": 10.91}
180-20-14 X root-cube len 7 SPLIT 600.12s {"verdict": "in progress", "roots_done": "1/2", "leaves_unsat": 21, "leaves_pending": 41, "splits": 60, "cpu_hours": 11.099}
180-18-14 X root-cube len 7 SPLIT 600.16s {"verdict": "in progress", "roots_done": "1/2", "leaves_unsat": 22, "leaves_pending": 41, "splits": 61, "cpu_hours": 11.076}
180-20-14 X root-cube len 8 UNSAT 168.49s {"verdict": "in progress", "roots_done": "1/2", "leaves_unsat": 22, "leaves_pending": 40, "splits": 60, "cpu_hours": 11.146}
180-18-14 X root-cube len 7 SPLIT 600.13s {"verdict": "in progress", "roots_done": "1/2", "leaves_unsat": 22, "leaves_pending": 42, "splits": 62, "cpu_hours": 11.243}
180-18-14 X root-cube len 7 SPLIT 600.16s {"verdict": "in progress", "roots_done": "1/2", "leaves_unsat": 22, "leaves_pending": 43, "splits": 63, "cpu_hours": 11.41}
180-18-14 X root-cube len 8 UNSAT 197.87s {"verdict": "in progress", "roots_done": "1/2", "leaves_unsat": 23, "leaves_pending": 42, "splits": 63, "cpu_hours": 11.465}
180-20-14 X root-cube len 7 SPLIT 600.15s {"verdict": "in progress", "roots_done": "1/2", "leaves_unsat": 22, "leaves_pending": 41, "splits": 61, "cpu_hours": 11.312}
180-20-14 X root-cube len 7 SPLIT 600.15s {"verdict": "in progress", "roots_done": "1/2", "leaves_unsat": 22, "leaves_pending": 42, "splits": 62, "cpu_hours": 11.479}
180-20-14 X root-cube len 7 SPLIT 600.14s {"verdict": "in progress", "roots_done": "1/2", "leaves_unsat": 22, "leaves_pending": 43, "splits": 63, "cpu_hours": 11.646}
180-18-14 X root-cube len 8 UNSAT 217.14s {"verdict": "in progress", "roots_done": "1/2", "leaves_unsat": 24, "leaves_pending": 41, "splits": 63, "cpu_hours": 11.525}
180-18-14 X root-cube len 8 SPLIT 600.19s {"verdict": "in progress", "roots_done": "1/2", "leaves_unsat": 24, "leaves_pending": 42, "splits": 64, "cpu_hours": 11.692}
180-20-14 X root-cube len 8 UNSAT 191.69s {"verdict": "in progress", "roots_done": "1/2", "leaves_unsat": 23, "leaves_pending": 42, "splits": 63, "cpu_hours": 11.699}
180-18-14 X root-cube len 8 UNSAT 143.73s {"verdict": "in progress", "roots_done": "1/2", "leaves_unsat": 25, "leaves_pending": 41, "splits": 64, "cpu_hours": 11.732}
180-20-14 X root-cube len 8 UNSAT 247.6s {"verdict": "in progress", "roots_done": "1/2", "leaves_unsat": 24, "leaves_pending": 41, "splits": 63, "cpu_hours": 11.768}
180-20-14 X root-cube len 8 SPLIT 600.18s {"verdict": "in progress", "roots_done": "1/2", "leaves_unsat": 24, "leaves_pending": 42, "splits": 64, "cpu_hours": 11.935}
180-18-14 X root-cube len 8 SPLIT 600.18s {"verdict": "in progress", "roots_done": "1/2", "leaves_unsat": 25, "leaves_pending": 42, "splits": 65, "cpu_hours": 11.899}
180-18-14 X root-cube len 8 UNSAT 213.36s {"verdict": "in progress", "roots_done": "1/2", "leaves_unsat": 26, "leaves_pending": 41, "splits": 65, "cpu_hours": 11.958}
180-18-14 X root-cube len 8 SPLIT 600.13s {"verdict": "in progress", "roots_done": "1/2", "leaves_unsat": 26, "leaves_pending": 42, "splits": 66, "cpu_hours": 12.124}
180-20-14 X root-cube len 8 SPLIT 600.19s {"verdict": "in progress", "roots_done": "1/2", "leaves_unsat": 24, "leaves_pending": 43, "splits": 65, "cpu_hours": 12.101}
180-18-14 X root-cube len 8 SPLIT 600.2s {"verdict": "in progress", "roots_done": "1/2", "leaves_unsat": 26, "leaves_pending": 43, "splits": 67, "cpu_hours": 12.291}
180-20-14 X root-cube len 8 SPLIT 600.16s {"verdict": "in progress", "roots_done": "1/2", "leaves_unsat": 24, "leaves_pending": 44, "splits": 66, "cpu_hours": 12.268}
180-20-14 X root-cube len 8 SPLIT 600.24s {"verdict": "in progress", "roots_done": "1/2", "leaves_unsat": 24, "leaves_pending": 45, "splits": 67, "cpu_hours": 12.435}
180-20-14 X root-cube len 8 UNSAT 292.22s {"verdict": "in progress", "roots_done": "1/2", "leaves_unsat": 25, "leaves_pending": 44, "splits": 67, "cpu_hours": 12.516}
180-18-14 X root-cube len 8 UNSAT 193.93s {"verdict": "in progress", "roots_done": "1/2", "leaves_unsat": 27, "leaves_pending": 42, "splits": 67, "cpu_hours": 12.345}
180-20-14 X root-cube len 8 SPLIT 600.18s {"verdict": "in progress", "roots_done": "1/2", "leaves_unsat": 25, "leaves_pending": 45, "splits": 68, "cpu_hours": 12.683}
180-20-14 X root-cube len 8 UNSAT 124.55s {"verdict": "in progress", "roots_done": "1/2", "leaves_unsat": 26, "leaves_pending": 44, "splits": 68, "cpu_hours": 12.717}
180-18-14 X root-cube len 8 SPLIT 600.16s {"verdict": "in progress", "roots_done": "1/2", "leaves_unsat": 27, "leaves_pending": 43, "splits": 68, "cpu_hours": 12.512}
180-18-14 X root-cube len 8 SPLIT 600.17s {"verdict": "in progress", "roots_done": "1/2", "leaves_unsat": 27, "leaves_pending": 44, "splits": 69, "cpu_hours": 12.679}
180-18-14 X root-cube len 8 SPLIT 600.29s {"verdict": "in progress", "roots_done": "1/2", "leaves_unsat": 27, "leaves_pending": 45, "splits": 70, "cpu_hours": 12.845}
180-18-14 X root-cube len 8 UNSAT 187.02s {"verdict": "in progress", "roots_done": "1/2", "leaves_unsat": 28, "leaves_pending": 44, "splits": 70, "cpu_hours": 12.897}
180-20-14 X root-cube len 8 UNSAT 295.74s {"verdict": "in progress", "roots_done": "1/2", "leaves_unsat": 27, "leaves_pending": 43, "splits": 68, "cpu_hours": 12.799}
180-18-14 X root-cube len 8 UNSAT 134.47s {"verdict": "in progress", "roots_done": "1/2", "leaves_unsat": 29, "leaves_pending": 43, "splits": 70, "cpu_hours": 12.935}
180-20-14 X root-cube len 8 SPLIT 600.17s {"verdict": "in progress", "roots_done": "1/2", "leaves_unsat": 27, "leaves_pending": 44, "splits": 69, "cpu_hours": 12.966}
180-18-14 X root-cube len 8 UNSAT 127.61s {"verdict": "in progress", "roots_done": "1/2", "leaves_unsat": 30, "leaves_pending": 42, "splits": 70, "cpu_hours": 12.97}
180-20-14 X root-cube len 8 SPLIT 600.13s {"verdict": "in progress", "roots_done": "1/2", "leaves_unsat": 27, "leaves_pending": 45, "splits": 70, "cpu_hours": 13.133}
180-20-14 X root-cube len 8 UNSAT 258.14s {"verdict": "in progress", "roots_done": "1/2", "leaves_unsat": 28, "leaves_pending": 44, "splits": 70, "cpu_hours": 13.205}
180-18-14 X root-cube len 8 SPLIT 600.15s {"verdict": "in progress", "roots_done": "1/2", "leaves_unsat": 30, "leaves_pending": 43, "splits": 71, "cpu_hours": 13.137}
180-20-14 X root-cube len 8 SPLIT 600.14s {"verdict": "in progress", "roots_done": "1/2", "leaves_unsat": 28, "leaves_pending": 45, "splits": 71, "cpu_hours": 13.371}
180-18-14 X root-cube len 8 SPLIT 600.18s {"verdict": "in progress", "roots_done": "1/2", "leaves_unsat": 30, "leaves_pending": 44, "splits": 72, "cpu_hours": 13.303}
180-18-14 X root-cube len 8 SPLIT 600.21s {"verdict": "in progress", "roots_done": "1/2", "leaves_unsat": 30, "leaves_pending": 45, "splits": 73, "cpu_hours": 13.47}
180-20-14 X root-cube len 8 UNSAT 318.51s {"verdict": "in progress", "roots_done": "1/2", "leaves_unsat": 29, "leaves_pending": 44, "splits": 71, "cpu_hours": 13.46}
180-20-14 X root-cube len 8 UNSAT 284.55s {"verdict": "in progress", "roots_done": "1/2", "leaves_unsat": 30, "leaves_pending": 43, "splits": 71, "cpu_hours": 13.539}
180-18-14 X root-cube len 8 UNSAT 153.01s {"verdict": "in progress", "roots_done": "1/2", "leaves_unsat": 31, "leaves_pending": 44, "splits": 73, "cpu_hours": 13.513}
180-20-14 X root-cube len 8 SPLIT 600.18s {"verdict": "in progress", "roots_done": "1/2", "leaves_unsat": 30, "leaves_pending": 44, "splits": 72, "cpu_hours": 13.705}
180-18-14 X root-cube len 8 SPLIT 600.15s {"verdict": "in progress", "roots_done": "1/2", "leaves_unsat": 31, "leaves_pending": 45, "splits": 74, "cpu_hours": 13.679}
180-20-14 X root-cube len 8 SPLIT 600.37s {"verdict": "in progress", "roots_done": "1/2", "leaves_unsat": 30, "leaves_pending": 45, "splits": 73, "cpu_hours": 13.872}
180-18-14 X root-cube len 8 SPLIT 600.22s {"verdict": "in progress", "roots_done": "1/2", "leaves_unsat": 31, "leaves_pending": 46, "splits": 75, "cpu_hours": 13.846}
180-18-14 X root-cube len 8 SPLIT 600.19s {"verdict": "in progress", "roots_done": "1/2", "leaves_unsat": 31, "leaves_pending": 47, "splits": 76, "cpu_hours": 14.013}
180-18-14 X root-cube len 8 UNSAT 262.42s {"verdict": "in progress", "roots_done": "1/2", "leaves_unsat": 32, "leaves_pending": 46, "splits": 76, "cpu_hours": 14.086}
180-20-14 X root-cube len 8 UNSAT 266.55s {"verdict": "in progress", "roots_done": "1/2", "leaves_unsat": 31, "leaves_pending": 44, "splits": 73, "cpu_hours": 13.946}
180-20-14 X root-cube len 8 SPLIT 600.54s {"verdict": "in progress", "roots_done": "1/2", "leaves_unsat": 31, "leaves_pending": 45, "splits": 74, "cpu_hours": 14.113}
180-18-14 X root-cube len 8 UNSAT 222.03s {"verdict": "in progress", "roots_done": "1/2", "leaves_unsat": 33, "leaves_pending": 45, "splits": 76, "cpu_hours": 14.147}
180-20-14 X root-cube len 8 SPLIT 600.18s {"verdict": "in progress", "roots_done": "1/2", "leaves_unsat": 31, "leaves_pending": 46, "splits": 75, "cpu_hours": 14.28}
180-18-14 X root-cube len 8 SPLIT 600.16s {"verdict": "in progress", "roots_done": "1/2", "leaves_unsat": 33, "leaves_pending": 46, "splits": 77, "cpu_hours": 14.314}
180-20-14 X root-cube len 8 SPLIT 600.18s {"verdict": "in progress", "roots_done": "1/2", "leaves_unsat": 31, "leaves_pending": 47, "splits": 76, "cpu_hours": 14.447}
180-20-14 X root-cube len 8 UNSAT 251.19s {"verdict": "in progress", "roots_done": "1/2", "leaves_unsat": 32, "leaves_pending": 46, "splits": 76, "cpu_hours": 14.516}
180-18-14 X root-cube len 8 SPLIT 600.18s {"verdict": "in progress", "roots_done": "1/2", "leaves_unsat": 33, "leaves_pending": 47, "splits": 78, "cpu_hours": 14.481}
180-20-14 X root-cube len 8 UNSAT 227.12s {"verdict": "in progress", "roots_done": "1/2", "leaves_unsat": 33, "leaves_pending": 45, "splits": 76, "cpu_hours": 14.579}
180-18-14 X root-cube len 8 SPLIT 600.14s {"verdict": "in progress", "roots_done": "1/2", "leaves_unsat": 33, "leaves_pending": 48, "splits": 79, "cpu_hours": 14.648}
180-18-14 X root-cube len 8 UNSAT 160.68s {"verdict": "in progress", "roots_done": "1/2", "leaves_unsat": 34, "leaves_pending": 47, "splits": 79, "cpu_hours": 14.692}
180-20-14 X root-cube len 8 SPLIT 600.17s {"verdict": "in progress", "roots_done": "1/2", "leaves_unsat": 33, "leaves_pending": 46, "splits": 77, "cpu_hours": 14.746}
180-18-14 X root-cube len 8 SPLIT 600.17s {"verdict": "in progress", "roots_done": "1/2", "leaves_unsat": 34, "leaves_pending": 48, "splits": 80, "cpu_hours": 14.859}
180-18-14 X root-cube len 8 UNSAT 154.04s {"verdict": "in progress", "roots_done": "1/2", "leaves_unsat": 35, "leaves_pending": 47, "splits": 80, "cpu_hours": 14.902}
180-20-14 X root-cube len 8 SPLIT 600.13s {"verdict": "in progress", "roots_done": "1/2", "leaves_unsat": 33, "leaves_pending": 47, "splits": 78, "cpu_hours": 14.913}
180-18-14 X root-cube len 8 SPLIT 600.14s {"verdict": "in progress", "roots_done": "1/2", "leaves_unsat": 35, "leaves_pending": 48, "splits": 81, "cpu_hours": 15.068}
180-20-14 X root-cube len 8 UNSAT 188.05s {"verdict": "in progress", "roots_done": "1/2", "leaves_unsat": 34, "leaves_pending": 46, "splits": 78, "cpu_hours": 14.965}
180-20-14 X root-cube len 8 SPLIT 600.2s {"verdict": "in progress", "roots_done": "1/2", "leaves_unsat": 34, "leaves_pending": 47, "splits": 79, "cpu_hours": 15.132}
180-20-14 X root-cube len 8 SPLIT 600.18s {"verdict": "in progress", "roots_done": "1/2", "leaves_unsat": 34, "leaves_pending": 48, "splits": 80, "cpu_hours": 15.298}
180-18-14 X root-cube len 8 SPLIT 600.16s {"verdict": "in progress", "roots_done": "1/2", "leaves_unsat": 35, "leaves_pending": 49, "splits": 82, "cpu_hours": 15.235}
180-20-14 X root-cube len 8 UNSAT 200.69s {"verdict": "in progress", "roots_done": "1/2", "leaves_unsat": 35, "leaves_pending": 47, "splits": 80, "cpu_hours": 15.354}
180-20-14 X root-cube len 8 SPLIT 600.15s {"verdict": "in progress", "roots_done": "1/2", "leaves_unsat": 35, "leaves_pending": 48, "splits": 81, "cpu_hours": 15.521}
180-18-14 X root-cube len 8 SPLIT 600.86s {"verdict": "in progress", "roots_done": "1/2", "leaves_unsat": 35, "leaves_pending": 50, "splits": 83, "cpu_hours": 15.402}
180-18-14 X root-cube len 8 SPLIT 600.17s {"verdict": "in progress", "roots_done": "1/2", "leaves_unsat": 35, "leaves_pending": 51, "splits": 84, "cpu_hours": 15.569}
180-18-14 X root-cube len 8 SPLIT 600.13s {"verdict": "in progress", "roots_done": "1/2", "leaves_unsat": 35, "leaves_pending": 52, "splits": 85, "cpu_hours": 15.735}
180-18-14 X root-cube len 8 UNSAT 271.27s {"verdict": "in progress", "roots_done": "1/2", "leaves_unsat": 36, "leaves_pending": 51, "splits": 85, "cpu_hours": 15.811}
180-20-14 X root-cube len 8 SPLIT 600.17s {"verdict": "in progress", "roots_done": "1/2", "leaves_unsat": 35, "leaves_pending": 49, "splits": 82, "cpu_hours": 15.688}
180-20-14 X root-cube len 8 SPLIT 600.17s {"verdict": "in progress", "roots_done": "1/2", "leaves_unsat": 35, "leaves_pending": 50, "splits": 83, "cpu_hours": 15.854}
180-20-14 X root-cube len 8 SPLIT 600.14s {"verdict": "in progress", "roots_done": "1/2", "leaves_unsat": 35, "leaves_pending": 51, "splits": 84, "cpu_hours": 16.021}
180-20-14 X root-cube len 8 UNSAT 282.42s {"verdict": "in progress", "roots_done": "1/2", "leaves_unsat": 36, "leaves_pending": 50, "splits": 84, "cpu_hours": 16.1}
180-20-14 X root-cube len 8 SPLIT 600.13s {"verdict": "in progress", "roots_done": "1/2", "leaves_unsat": 36, "leaves_pending": 51, "splits": 85, "cpu_hours": 16.266}
180-18-14 X root-cube len 8 SPLIT 600.14s {"verdict": "in progress", "roots_done": "1/2", "leaves_unsat": 36, "leaves_pending": 52, "splits": 86, "cpu_hours": 15.977}
180-18-14 X root-cube len 8 SPLIT 600.2s {"verdict": "in progress", "roots_done": "1/2", "leaves_unsat": 36, "leaves_pending": 53, "splits": 87, "cpu_hours": 16.144}
180-18-14 X root-cube len 8 SPLIT 600.14s {"verdict": "in progress", "roots_done": "1/2", "leaves_unsat": 36, "leaves_pending": 54, "splits": 88, "cpu_hours": 16.311}
180-18-14 X root-cube len 8 SPLIT 600.18s {"verdict": "in progress", "roots_done": "1/2", "leaves_unsat": 36, "leaves_pending": 55, "splits": 89, "cpu_hours": 16.478}
180-18-14 X root-cube len 9 UNSAT 152.71s {"verdict": "in progress", "roots_done": "1/2", "leaves_unsat": 37, "leaves_pending": 54, "splits": 89, "cpu_hours": 16.52}
180-20-14 X root-cube len 8 SPLIT 600.15s {"verdict": "in progress", "roots_done": "1/2", "leaves_unsat": 36, "leaves_pending": 52, "splits": 86, "cpu_hours": 16.433}
180-20-14 X root-cube len 8 SPLIT 600.14s {"verdict": "in progress", "roots_done": "1/2", "leaves_unsat": 36, "leaves_pending": 53, "splits": 87, "cpu_hours": 16.6}
180-20-14 X root-cube len 8 SPLIT 600.14s {"verdict": "in progress", "roots_done": "1/2", "leaves_unsat": 36, "leaves_pending": 54, "splits": 88, "cpu_hours": 16.766}
180-20-14 X root-cube len 8 SPLIT 600.18s {"verdict": "in progress", "roots_done": "1/2", "leaves_unsat": 36, "leaves_pending": 55, "splits": 89, "cpu_hours": 16.933}
180-18-14 X root-cube len 8 SPLIT 600.18s {"verdict": "in progress", "roots_done": "1/2", "leaves_unsat": 37, "leaves_pending": 55, "splits": 90, "cpu_hours": 16.687}
180-18-14 X root-cube len 8 SPLIT 600.15s {"verdict": "in progress", "roots_done": "1/2", "leaves_unsat": 37, "leaves_pending": 56, "splits": 91, "cpu_hours": 16.853}
180-18-14 X root-cube len 8 SPLIT 600.17s {"verdict": "in progress", "roots_done": "1/2", "leaves_unsat": 37, "leaves_pending": 57, "splits": 92, "cpu_hours": 17.02}
180-20-14 X root-cube len 9 UNSAT 232.2s {"verdict": "in progress", "roots_done": "1/2", "leaves_unsat": 37, "leaves_pending": 54, "splits": 89, "cpu_hours": 16.998}
180-18-14 X root-cube len 9 UNSAT 209.38s {"verdict": "in progress", "roots_done": "1/2", "leaves_unsat": 38, "leaves_pending": 56, "splits": 92, "cpu_hours": 17.078}
180-18-14 X root-cube len 9 SPLIT 600.17s {"verdict": "in progress", "roots_done": "1/2", "leaves_unsat": 38, "leaves_pending": 57, "splits": 93, "cpu_hours": 17.245}
180-18-14 X root-cube len 9 UNSAT 224.21s {"verdict": "in progress", "roots_done": "1/2", "leaves_unsat": 39, "leaves_pending": 56, "splits": 93, "cpu_hours": 17.307}
180-20-14 X root-cube len 8 SPLIT 600.14s {"verdict": "in progress", "roots_done": "1/2", "leaves_unsat": 37, "leaves_pending": 55, "splits": 90, "cpu_hours": 17.164}
180-20-14 X root-cube len 8 SPLIT 600.17s {"verdict": "in progress", "roots_done": "1/2", "leaves_unsat": 37, "leaves_pending": 56, "splits": 91, "cpu_hours": 17.331}
180-18-14 X root-cube len 9 UNSAT 246.16s {"verdict": "in progress", "roots_done": "1/2", "leaves_unsat": 40, "leaves_pending": 55, "splits": 93, "cpu_hours": 17.376}
180-20-14 X root-cube len 8 SPLIT 600.18s {"verdict": "in progress", "roots_done": "1/2", "leaves_unsat": 37, "leaves_pending": 57, "splits": 92, "cpu_hours": 17.498}
180-18-14 X root-cube len 9 UNSAT 122.73s {"verdict": "in progress", "roots_done": "1/2", "leaves_unsat": 41, "leaves_pending": 54, "splits": 93, "cpu_hours": 17.41}
180-18-14 X root-cube len 9 SPLIT 600.23s {"verdict": "in progress", "roots_done": "1/2", "leaves_unsat": 41, "leaves_pending": 55, "splits": 94, "cpu_hours": 17.577}
180-20-14 X root-cube len 9 UNSAT 305.38s {"verdict": "in progress", "roots_done": "1/2", "leaves_unsat": 38, "leaves_pending": 56, "splits": 92, "cpu_hours": 17.583}
180-20-14 X root-cube len 9 SPLIT 600.18s {"verdict": "in progress", "roots_done": "1/2", "leaves_unsat": 38, "leaves_pending": 57, "splits": 93, "cpu_hours": 17.749}
180-20-14 X root-cube len 9 UNSAT 313.18s {"verdict": "in progress", "roots_done": "1/2", "leaves_unsat": 39, "leaves_pending": 56, "splits": 93, "cpu_hours": 17.836}
180-18-14 X root-cube len 9 SPLIT 600.24s {"verdict": "in progress", "roots_done": "1/2", "leaves_unsat": 41, "leaves_pending": 56, "splits": 95, "cpu_hours": 17.743}
180-18-14 X root-cube len 9 UNSAT 205.22s {"verdict": "in progress", "roots_done": "1/2", "leaves_unsat": 42, "leaves_pending": 55, "splits": 95, "cpu_hours": 17.8}
180-18-14 X root-cube len 9 SPLIT 600.15s {"verdict": "in progress", "roots_done": "1/2", "leaves_unsat": 42, "leaves_pending": 56, "splits": 96, "cpu_hours": 17.967}
180-20-14 X root-cube len 9 SPLIT 600.13s {"verdict": "in progress", "roots_done": "1/2", "leaves_unsat": 39, "leaves_pending": 57, "splits": 94, "cpu_hours": 18.003}
180-20-14 X root-cube len 9 UNSAT 282.35s {"verdict": "in progress", "roots_done": "1/2", "leaves_unsat": 40, "leaves_pending": 56, "splits": 94, "cpu_hours": 18.081}
180-18-14 X root-cube len 9 SPLIT 600.21s {"verdict": "in progress", "roots_done": "1/2", "leaves_unsat": 42, "leaves_pending": 57, "splits": 97, "cpu_hours": 18.134}
180-20-14 X root-cube len 9 SPLIT 600.19s {"verdict": "in progress", "roots_done": "1/2", "leaves_unsat": 40, "leaves_pending": 57, "splits": 95, "cpu_hours": 18.248}
180-20-14 X root-cube len 9 SPLIT 600.21s {"verdict": "in progress", "roots_done": "1/2", "leaves_unsat": 40, "leaves_pending": 58, "splits": 96, "cpu_hours": 18.415}
180-18-14 X root-cube len 9 SPLIT 600.18s {"verdict": "in progress", "roots_done": "1/2", "leaves_unsat": 42, "leaves_pending": 58, "splits": 98, "cpu_hours": 18.3}
180-18-14 X root-cube len 9 SPLIT 600.15s {"verdict": "in progress", "roots_done": "1/2", "leaves_unsat": 42, "leaves_pending": 59, "splits": 99, "cpu_hours": 18.467}
180-18-14 X root-cube len 9 UNSAT 233.3s {"verdict": "in progress", "roots_done": "1/2", "leaves_unsat": 43, "leaves_pending": 58, "splits": 99, "cpu_hours": 18.532}
180-18-14 X root-cube len 9 SPLIT 600.16s {"verdict": "in progress", "roots_done": "1/2", "leaves_unsat": 43, "leaves_pending": 59, "splits": 100, "cpu_hours": 18.699}
180-20-14 X root-cube len 9 UNSAT 254.53s {"verdict": "in progress", "roots_done": "1/2", "leaves_unsat": 41, "leaves_pending": 57, "splits": 96, "cpu_hours": 18.485}
180-18-14 X root-cube len 9 UNSAT 127.37s {"verdict": "in progress", "roots_done": "1/2", "leaves_unsat": 44, "leaves_pending": 58, "splits": 100, "cpu_hours": 18.734}
180-18-14 X root-cube len 9 UNSAT 122.04s {"verdict": "in progress", "roots_done": "1/2", "leaves_unsat": 45, "leaves_pending": 57, "splits": 100, "cpu_hours": 18.768}
180-20-14 X root-cube len 9 SPLIT 600.14s {"verdict": "in progress", "roots_done": "1/2", "leaves_unsat": 41, "leaves_pending": 58, "splits": 97, "cpu_hours": 18.652}
180-20-14 X root-cube len 9 SPLIT 600.13s {"verdict": "in progress", "roots_done": "1/2", "leaves_unsat": 41, "leaves_pending": 59, "splits": 98, "cpu_hours": 18.819}
180-20-14 X root-cube len 9 UNSAT 237.1s {"verdict": "in progress", "roots_done": "1/2", "leaves_unsat": 42, "leaves_pending": 58, "splits": 98, "cpu_hours": 18.885}
180-18-14 X root-cube len 9 UNSAT 181.32s {"verdict": "in progress", "roots_done": "1/2", "leaves_unsat": 46, "leaves_pending": 56, "splits": 100, "cpu_hours": 18.818}
180-20-14 X root-cube len 9 UNSAT 198.85s {"verdict": "in progress", "roots_done": "1/2", "leaves_unsat": 43, "leaves_pending": 57, "splits": 98, "cpu_hours": 18.94}
180-20-14 X root-cube len 9 SPLIT 600.17s {"verdict": "in progress", "roots_done": "1/2", "leaves_unsat": 43, "leaves_pending": 58, "splits": 99, "cpu_hours": 19.107}
180-18-14 X root-cube len 9 SPLIT 600.16s {"verdict": "in progress", "roots_done": "1/2", "leaves_unsat": 46, "leaves_pending": 57, "splits": 101, "cpu_hours": 18.985}
180-18-14 X root-cube len 9 SPLIT 600.17s {"verdict": "in progress", "roots_done": "1/2", "leaves_unsat": 46, "leaves_pending": 58, "splits": 102, "cpu_hours": 19.152}
180-20-14 X root-cube len 9 UNSAT 264.27s {"verdict": "in progress", "roots_done": "1/2", "leaves_unsat": 44, "leaves_pending": 57, "splits": 99, "cpu_hours": 19.18}
180-18-14 X root-cube len 9 SPLIT 600.22s {"verdict": "in progress", "roots_done": "1/2", "leaves_unsat": 46, "leaves_pending": 59, "splits": 103, "cpu_hours": 19.318}
180-18-14 X root-cube len 9 UNSAT 170.48s {"verdict": "in progress", "roots_done": "1/2", "leaves_unsat": 47, "leaves_pending": 58, "splits": 103, "cpu_hours": 19.366}
180-20-14 X root-cube len 9 SPLIT 600.29s {"verdict": "in progress", "roots_done": "1/2", "leaves_unsat": 44, "leaves_pending": 58, "splits": 100, "cpu_hours": 19.347}
180-20-14 X root-cube len 9 SPLIT 600.22s {"verdict": "in progress", "roots_done": "1/2", "leaves_unsat": 44, "leaves_pending": 59, "splits": 101, "cpu_hours": 19.514}
180-20-14 X root-cube len 9 UNSAT 282.61s {"verdict": "in progress", "roots_done": "1/2", "leaves_unsat": 45, "leaves_pending": 58, "splits": 101, "cpu_hours": 19.592}
180-18-14 X root-cube len 9 SPLIT 600.15s {"verdict": "in progress", "roots_done": "1/2", "leaves_unsat": 47, "leaves_pending": 59, "splits": 104, "cpu_hours": 19.532}
180-18-14 X root-cube len 9 UNSAT 113.56s {"verdict": "in progress", "roots_done": "1/2", "leaves_unsat": 48, "leaves_pending": 58, "splits": 104, "cpu_hours": 19.564}
180-20-14 X root-cube len 9 SPLIT 600.22s {"verdict": "in progress", "roots_done": "1/2", "leaves_unsat": 45, "leaves_pending": 59, "splits": 102, "cpu_hours": 19.759}
180-18-14 X root-cube len 9 SPLIT 600.17s {"verdict": "in progress", "roots_done": "1/2", "leaves_unsat": 48, "leaves_pending": 59, "splits": 105, "cpu_hours": 19.731}
180-20-14 X root-cube len 9 UNSAT 274.36s {"verdict": "in progress", "roots_done": "1/2", "leaves_unsat": 46, "leaves_pending": 58, "splits": 102, "cpu_hours": 19.835}
180-18-14 X root-cube len 9 SPLIT 600.15s {"verdict": "in progress", "roots_done": "1/2", "leaves_unsat": 48, "leaves_pending": 60, "splits": 106, "cpu_hours": 19.897}
180-18-14 X root-cube len 9 UNSAT 144.63s {"verdict": "in progress", "roots_done": "1/2", "leaves_unsat": 49, "leaves_pending": 59, "splits": 106, "cpu_hours": 19.938}
180-18-14 X root-cube len 9 SPLIT 600.2s {"verdict": "in progress", "roots_done": "1/2", "leaves_unsat": 49, "leaves_pending": 60, "splits": 107, "cpu_hours": 20.104}
180-20-14 X root-cube len 9 SPLIT 600.12s {"verdict": "in progress", "roots_done": "1/2", "leaves_unsat": 46, "leaves_pending": 59, "splits": 103, "cpu_hours": 20.002}
180-20-14 X root-cube len 9 UNSAT 254.45s {"verdict": "in progress", "roots_done": "1/2", "leaves_unsat": 47, "leaves_pending": 58, "splits": 103, "cpu_hours": 20.072}
180-18-14 X root-cube len 9 UNSAT 124.78s {"verdict": "in progress", "roots_done": "1/2", "leaves_unsat": 50, "leaves_pending": 59, "splits": 107, "cpu_hours": 20.139}
180-20-14 X root-cube len 9 SPLIT 600.18s {"verdict": "in progress", "roots_done": "1/2", "leaves_unsat": 47, "leaves_pending": 59, "splits": 104, "cpu_hours": 20.239}
180-18-14 X root-cube len 9 UNSAT 120.86s {"verdict": "in progress", "roots_done": "1/2", "leaves_unsat": 51, "leaves_pending": 58, "splits": 107, "cpu_hours": 20.173}
180-18-14 X root-cube len 9 SPLIT 600.13s {"verdict": "in progress", "roots_done": "1/2", "leaves_unsat": 51, "leaves_pending": 59, "splits": 108, "cpu_hours": 20.339}
180-20-14 X root-cube len 9 UNSAT 240.38s {"verdict": "in progress", "roots_done": "1/2", "leaves_unsat": 48, "leaves_pending": 58, "splits": 104, "cpu_hours": 20.306}
180-20-14 X root-cube len 9 SPLIT 600.14s {"verdict": "in progress", "roots_done": "1/2", "leaves_unsat": 48, "leaves_pending": 59, "splits": 105, "cpu_hours": 20.473}
180-18-14 X root-cube len 9 SPLIT 600.22s {"verdict": "in progress", "roots_done": "1/2", "leaves_unsat": 51, "leaves_pending": 60, "splits": 109, "cpu_hours": 20.506}
180-18-14 X root-cube len 9 SPLIT 600.17s {"verdict": "in progress", "roots_done": "1/2", "leaves_unsat": 51, "leaves_pending": 61, "splits": 110, "cpu_hours": 20.673}
180-20-14 X root-cube len 9 UNSAT 167.89s {"verdict": "in progress", "roots_done": "1/2", "leaves_unsat": 49, "leaves_pending": 58, "splits": 105, "cpu_hours": 20.519}
180-20-14 X root-cube len 9 SPLIT 600.19s {"verdict": "in progress", "roots_done": "1/2", "leaves_unsat": 49, "leaves_pending": 59, "splits": 106, "cpu_hours": 20.686}
180-20-14 X root-cube len 9 SPLIT 600.13s {"verdict": "in progress", "roots_done": "1/2", "leaves_unsat": 49, "leaves_pending": 60, "splits": 107, "cpu_hours": 20.853}
180-18-14 X root-cube len 9 UNSAT 99.71s {"verdict": "in progress", "roots_done": "1/2", "leaves_unsat": 52, "leaves_pending": 60, "splits": 110, "cpu_hours": 20.7}
180-18-14 X root-cube len 9 SPLIT 600.14s {"verdict": "in progress", "roots_done": "1/2", "leaves_unsat": 52, "leaves_pending": 61, "splits": 111, "cpu_hours": 20.867}
180-20-14 X root-cube len 9 UNSAT 215.67s {"verdict": "in progress", "roots_done": "1/2", "leaves_unsat": 50, "leaves_pending": 59, "splits": 107, "cpu_hours": 20.913}
180-18-14 X root-cube len 9 SPLIT 600.19s {"verdict": "in progress", "roots_done": "1/2", "leaves_unsat": 52, "leaves_pending": 62, "splits": 112, "cpu_hours": 21.034}
180-18-14 X root-cube len 9 UNSAT 142.79s {"verdict": "in progress", "roots_done": "1/2", "leaves_unsat": 53, "leaves_pending": 61, "splits": 112, "cpu_hours": 21.074}
180-20-14 X root-cube len 9 SPLIT 600.13s {"verdict": "in progress", "roots_done": "1/2", "leaves_unsat": 50, "leaves_pending": 60, "splits": 108, "cpu_hours": 21.079}
180-18-14 X root-cube len 9 UNSAT 164.5s {"verdict": "in progress", "roots_done": "1/2", "leaves_unsat": 54, "leaves_pending": 60, "splits": 112, "cpu_hours": 21.119}
180-20-14 X root-cube len 9 UNSAT 307.72s {"verdict": "in progress", "roots_done": "1/2", "leaves_unsat": 51, "leaves_pending": 59, "splits": 108, "cpu_hours": 21.165}
180-18-14 X root-cube len 9 SPLIT 600.14s {"verdict": "in progress", "roots_done": "1/2", "leaves_unsat": 54, "leaves_pending": 61, "splits": 113, "cpu_hours": 21.286}
180-20-14 X root-cube len 9 SPLIT 600.2s {"verdict": "in progress", "roots_done": "1/2", "leaves_unsat": 51, "leaves_pending": 60, "splits": 109, "cpu_hours": 21.331}
180-20-14 X root-cube len 9 SPLIT 600.14s {"verdict": "in progress", "roots_done": "1/2", "leaves_unsat": 51, "leaves_pending": 61, "splits": 110, "cpu_hours": 21.498}
180-18-14 X root-cube len 9 SPLIT 600.17s {"verdict": "in progress", "roots_done": "1/2", "leaves_unsat": 54, "leaves_pending": 62, "splits": 114, "cpu_hours": 21.453}
180-18-14 X root-cube len 9 SPLIT 600.18s {"verdict": "in progress", "roots_done": "1/2", "leaves_unsat": 54, "leaves_pending": 63, "splits": 115, "cpu_hours": 21.619}
180-20-14 X root-cube len 9 UNSAT 264.44s {"verdict": "in progress", "roots_done": "1/2", "leaves_unsat": 52, "leaves_pending": 60, "splits": 110, "cpu_hours": 21.572}
180-20-14 X root-cube len 9 SPLIT 600.15s {"verdict": "in progress", "roots_done": "1/2", "leaves_unsat": 52, "leaves_pending": 61, "splits": 111, "cpu_hours": 21.738}
180-18-14 X root-cube len 9 UNSAT 135.91s {"verdict": "in progress", "roots_done": "1/2", "leaves_unsat": 55, "leaves_pending": 62, "splits": 115, "cpu_hours": 21.657}
180-18-14 X root-cube len 9 SPLIT 600.14s {"verdict": "in progress", "roots_done": "1/2", "leaves_unsat": 55, "leaves_pending": 63, "splits": 116, "cpu_hours": 21.824}
180-20-14 X root-cube len 9 SPLIT 600.14s {"verdict": "in progress", "roots_done": "1/2", "leaves_unsat": 52, "leaves_pending": 62, "splits": 112, "cpu_hours": 21.905}
180-18-14 X root-cube len 9 SPLIT 600.12s {"verdict": "in progress", "roots_done": "1/2", "leaves_unsat": 55, "leaves_pending": 64, "splits": 117, "cpu_hours": 21.991}
180-20-14 X root-cube len 9 SPLIT 600.17s {"verdict": "in progress", "roots_done": "1/2", "leaves_unsat": 52, "leaves_pending": 63, "splits": 113, "cpu_hours": 22.072}
180-18-14 X root-cube len 9 SPLIT 600.14s {"verdict": "in progress", "roots_done": "1/2", "leaves_unsat": 55, "leaves_pending": 65, "splits": 118, "cpu_hours": 22.157}
180-18-14 X root-cube len 9 UNSAT 165.72s {"verdict": "in progress", "roots_done": "1/2", "leaves_unsat": 56, "leaves_pending": 64, "splits": 118, "cpu_hours": 22.203}
180-20-14 X root-cube len 9 UNSAT 265.7s {"verdict": "in progress", "roots_done": "1/2", "leaves_unsat": 53, "leaves_pending": 62, "splits": 113, "cpu_hours": 22.146}
180-20-14 X root-cube len 9 UNSAT 164.18s {"verdict": "in progress", "roots_done": "1/2", "leaves_unsat": 54, "leaves_pending": 61, "splits": 113, "cpu_hours": 22.191}
180-20-14 X root-cube len 9 SPLIT 600.13s {"verdict": "in progress", "roots_done": "1/2", "leaves_unsat": 54, "leaves_pending": 62, "splits": 114, "cpu_hours": 22.358}
180-18-14 X root-cube len 9 SPLIT 600.13s {"verdict": "in progress", "roots_done": "1/2", "leaves_unsat": 56, "leaves_pending": 65, "splits": 119, "cpu_hours": 22.37}
180-20-14 X root-cube len 9 SPLIT 600.18s {"verdict": "in progress", "roots_done": "1/2", "leaves_unsat": 54, "leaves_pending": 63, "splits": 115, "cpu_hours": 22.525}
180-18-14 X root-cube len 9 SPLIT 600.16s {"verdict": "in progress", "roots_done": "1/2", "leaves_unsat": 56, "leaves_pending": 66, "splits": 120, "cpu_hours": 22.537}
180-18-14 X root-cube len 9 UNSAT 125.19s {"verdict": "in progress", "roots_done": "1/2", "leaves_unsat": 57, "leaves_pending": 65, "splits": 120, "cpu_hours": 22.571}
180-20-14 X root-cube len 9 UNSAT 139.0s {"verdict": "in progress", "roots_done": "1/2", "leaves_unsat": 55, "leaves_pending": 62, "splits": 115, "cpu_hours": 22.563}
180-18-14 X root-cube len 9 SPLIT 600.17s {"verdict": "in progress", "roots_done": "1/2", "leaves_unsat": 57, "leaves_pending": 66, "splits": 121, "cpu_hours": 22.738}
180-18-14 X root-cube len 9 SPLIT 600.18s {"verdict": "in progress", "roots_done": "1/2", "leaves_unsat": 57, "leaves_pending": 67, "splits": 122, "cpu_hours": 22.905}
180-20-14 X root-cube len 9 SPLIT 600.22s {"verdict": "in progress", "roots_done": "1/2", "leaves_unsat": 55, "leaves_pending": 63, "splits": 116, "cpu_hours": 22.73}
180-20-14 X root-cube len 9 SPLIT 600.2s {"verdict": "in progress", "roots_done": "1/2", "leaves_unsat": 55, "leaves_pending": 64, "splits": 117, "cpu_hours": 22.897}
180-20-14 X root-cube len 9 UNSAT 184.28s {"verdict": "in progress", "roots_done": "1/2", "leaves_unsat": 56, "leaves_pending": 63, "splits": 117, "cpu_hours": 22.948}
180-20-14 X root-cube len 9 SPLIT 600.21s {"verdict": "in progress", "roots_done": "1/2", "leaves_unsat": 56, "leaves_pending": 64, "splits": 118, "cpu_hours": 23.115}
180-18-14 X root-cube len 9 SPLIT 600.18s {"verdict": "in progress", "roots_done": "1/2", "leaves_unsat": 57, "leaves_pending": 68, "splits": 123, "cpu_hours": 23.072}
180-18-14 X root-cube len 9 SPLIT 600.17s {"verdict": "in progress", "roots_done": "1/2", "leaves_unsat": 57, "leaves_pending": 69, "splits": 124, "cpu_hours": 23.238}
180-20-14 X root-cube len 9 SPLIT 600.14s {"verdict": "in progress", "roots_done": "1/2", "leaves_unsat": 56, "leaves_pending": 65, "splits": 119, "cpu_hours": 23.281}
180-18-14 X root-cube len 9 SPLIT 600.16s {"verdict": "in progress", "roots_done": "1/2", "leaves_unsat": 57, "leaves_pending": 70, "splits": 125, "cpu_hours": 23.405}
180-18-14 X root-cube len 9 SPLIT 600.19s {"verdict": "in progress", "roots_done": "1/2", "leaves_unsat": 57, "leaves_pending": 71, "splits": 126, "cpu_hours": 23.572}
180-20-14 X root-cube len 9 SPLIT 600.2s {"verdict": "in progress", "roots_done": "1/2", "leaves_unsat": 56, "leaves_pending": 66, "splits": 120, "cpu_hours": 23.448}
180-20-14 X root-cube len 9 UNSAT 201.81s {"verdict": "in progress", "roots_done": "1/2", "leaves_unsat": 57, "leaves_pending": 65, "splits": 120, "cpu_hours": 23.504}
180-20-14 X root-cube len 9 SPLIT 600.26s {"verdict": "in progress", "roots_done": "1/2", "leaves_unsat": 57, "leaves_pending": 66, "splits": 121, "cpu_hours": 23.671}
180-20-14 X root-cube len 9 SPLIT 600.19s {"verdict": "in progress", "roots_done": "1/2", "leaves_unsat": 57, "leaves_pending": 67, "splits": 122, "cpu_hours": 23.838}
180-18-14 X root-cube len 10 UNSAT 269.34s {"verdict": "in progress", "roots_done": "1/2", "leaves_unsat": 58, "leaves_pending": 70, "splits": 126, "cpu_hours": 23.647}
180-18-14 X root-cube len 9 SPLIT 600.17s {"verdict": "in progress", "roots_done": "1/2", "leaves_unsat": 58, "leaves_pending": 71, "splits": 127, "cpu_hours": 23.813}
180-18-14 X root-cube len 9 SPLIT 600.16s {"verdict": "in progress", "roots_done": "1/2", "leaves_unsat": 58, "leaves_pending": 72, "splits": 128, "cpu_hours": 23.98}
180-18-14 X root-cube len 9 SPLIT 600.15s {"verdict": "in progress", "roots_done": "1/2", "leaves_unsat": 58, "leaves_pending": 73, "splits": 129, "cpu_hours": 24.147}
180-18-14 X root-cube len 10 UNSAT 196.69s {"verdict": "in progress", "roots_done": "1/2", "leaves_unsat": 59, "leaves_pending": 72, "splits": 129, "cpu_hours": 24.201}
180-20-14 X root-cube len 9 SPLIT 600.15s {"verdict": "in progress", "roots_done": "1/2", "leaves_unsat": 57, "leaves_pending": 68, "splits": 123, "cpu_hours": 24.004}
180-20-14 X root-cube len 9 SPLIT 600.16s {"verdict": "in progress", "roots_done": "1/2", "leaves_unsat": 57, "leaves_pending": 69, "splits": 124, "cpu_hours": 24.171}
180-18-14 X root-cube len 10 UNSAT 198.97s {"verdict": "in progress", "roots_done": "1/2", "leaves_unsat": 60, "leaves_pending": 71, "splits": 129, "cpu_hours": 24.257}
180-20-14 X root-cube len 9 SPLIT 600.16s {"verdict": "in progress", "roots_done": "1/2", "leaves_unsat": 57, "leaves_pending": 70, "splits": 125, "cpu_hours": 24.338}
180-20-14 X root-cube len 9 SPLIT 600.2s {"verdict": "in progress", "roots_done": "1/2", "leaves_unsat": 57, "leaves_pending": 71, "splits": 126, "cpu_hours": 24.504}
180-18-14 X root-cube len 10 SPLIT 600.2s {"verdict": "in progress", "roots_done": "1/2", "leaves_unsat": 60, "leaves_pending": 72, "splits": 130, "cpu_hours": 24.423}
180-18-14 X root-cube len 10 UNSAT 112.26s {"verdict": "in progress", "roots_done": "1/2", "leaves_unsat": 61, "leaves_pending": 71, "splits": 130, "cpu_hours": 24.454}
180-18-14 X root-cube len 10 SPLIT 600.15s {"verdict": "in progress", "roots_done": "1/2", "leaves_unsat": 61, "leaves_pending": 72, "splits": 131, "cpu_hours": 24.621}
180-20-14 X root-cube len 10 UNSAT 260.63s {"verdict": "in progress", "roots_done": "1/2", "leaves_unsat": 58, "leaves_pending": 70, "splits": 126, "cpu_hours": 24.577}
180-18-14 X root-cube len 10 UNSAT 235.91s {"verdict": "in progress", "roots_done": "1/2", "leaves_unsat": 62, "leaves_pending": 71, "splits": 131, "cpu_hours": 24.687}
180-18-14 X root-cube len 10 SPLIT 600.25s {"verdict": "in progress", "roots_done": "1/2", "leaves_unsat": 62, "leaves_pending": 72, "splits": 132, "cpu_hours": 24.853}
180-20-14 X root-cube len 9 SPLIT 600.15s {"verdict": "in progress", "roots_done": "1/2", "leaves_unsat": 58, "leaves_pending": 71, "splits": 127, "cpu_hours": 24.743}
180-20-14 X root-cube len 9 SPLIT 600.19s {"verdict": "in progress", "roots_done": "1/2", "leaves_unsat": 58, "leaves_pending": 72, "splits": 128, "cpu_hours": 24.91}
180-20-14 X root-cube len 9 SPLIT 600.13s {"verdict": "in progress", "roots_done": "1/2", "leaves_unsat": 58, "leaves_pending": 73, "splits": 129, "cpu_hours": 25.077}
180-18-14 X root-cube len 10 UNSAT 284.53s {"verdict": "in progress", "roots_done": "1/2", "leaves_unsat": 63, "leaves_pending": 71, "splits": 132, "cpu_hours": 24.933}
180-18-14 X root-cube len 10 SPLIT 600.16s {"verdict": "in progress", "roots_done": "1/2", "leaves_unsat": 63, "leaves_pending": 72, "splits": 133, "cpu_hours": 25.099}
180-20-14 X root-cube len 10 UNSAT 248.35s {"verdict": "in progress", "roots_done": "1/2", "leaves_unsat": 59, "leaves_pending": 72, "splits": 129, "cpu_hours": 25.146}
180-18-14 X root-cube len 10 UNSAT 177.83s {"verdict": "in progress", "roots_done": "1/2", "leaves_unsat": 64, "leaves_pending": 71, "splits": 133, "cpu_hours": 25.149}
180-20-14 X root-cube len 10 UNSAT 280.29s {"verdict": "in progress", "roots_done": "1/2", "leaves_unsat": 60, "leaves_pending": 71, "splits": 129, "cpu_hours": 25.224}
180-18-14 X root-cube len 10 SPLIT 600.14s {"verdict": "in progress", "roots_done": "1/2", "leaves_unsat": 64, "leaves_pending": 72, "splits": 134, "cpu_hours": 25.315}
180-20-14 X root-cube len 10 SPLIT 600.15s {"verdict": "in progress", "roots_done": "1/2", "leaves_unsat": 60, "leaves_pending": 72, "splits": 130, "cpu_hours": 25.39}
180-18-14 X root-cube len 10 SPLIT 600.13s {"verdict": "in progress", "roots_done": "1/2", "leaves_unsat": 64, "leaves_pending": 73, "splits": 135, "cpu_hours": 25.482}
180-20-14 X root-cube len 10 UNSAT 283.57s {"verdict": "in progress", "roots_done": "1/2", "leaves_unsat": 61, "leaves_pending": 71, "splits": 130, "cpu_hours": 25.469}
180-20-14 X root-cube len 10 SPLIT 600.18s {"verdict": "in progress", "roots_done": "1/2", "leaves_unsat": 61, "leaves_pending": 72, "splits": 131, "cpu_hours": 25.636}
180-18-14 X root-cube len 10 UNSAT 200.51s {"verdict": "in progress", "roots_done": "1/2", "leaves_unsat": 65, "leaves_pending": 72, "splits": 135, "cpu_hours": 25.538}
180-18-14 X root-cube len 10 SPLIT 600.23s {"verdict": "in progress", "roots_done": "1/2", "leaves_unsat": 65, "leaves_pending": 73, "splits": 136, "cpu_hours": 25.704}
180-20-14 X root-cube len 10 SPLIT 600.18s {"verdict": "in progress", "roots_done": "1/2", "leaves_unsat": 61, "leaves_pending": 73, "splits": 132, "cpu_hours": 25.803}
180-18-14 X root-cube len 10 SPLIT 600.16s {"verdict": "in progress", "roots_done": "1/2", "leaves_unsat": 65, "leaves_pending": 74, "splits": 137, "cpu_hours": 25.871}
180-20-14 X root-cube len 10 UNSAT 261.14s {"verdict": "in progress", "roots_done": "1/2", "leaves_unsat": 62, "leaves_pending": 72, "splits": 132, "cpu_hours": 25.875}
180-18-14 X root-cube len 10 SPLIT 600.2s {"verdict": "in progress", "roots_done": "1/2", "leaves_unsat": 65, "leaves_pending": 75, "splits": 138, "cpu_hours": 26.038}
180-20-14 X root-cube len 10 SPLIT 600.16s {"verdict": "in progress", "roots_done": "1/2", "leaves_unsat": 62, "leaves_pending": 73, "splits": 133, "cpu_hours": 26.042}
180-18-14 X root-cube len 10 UNSAT 228.24s {"verdict": "in progress", "roots_done": "1/2", "leaves_unsat": 66, "leaves_pending": 74, "splits": 138, "cpu_hours": 26.101}
180-18-14 X root-cube len 10 UNSAT 249.85s {"verdict": "in progress", "roots_done": "1/2", "leaves_unsat": 67, "leaves_pending": 73, "splits": 138, "cpu_hours": 26.171}
180-20-14 X root-cube len 10 UNSAT 284.67s {"verdict": "in progress", "roots_done": "1/2", "leaves_unsat": 63, "leaves_pending": 72, "splits": 133, "cpu_hours": 26.121}
180-20-14 X root-cube len 10 SPLIT 600.26s {"verdict": "in progress", "roots_done": "1/2", "leaves_unsat": 63, "leaves_pending": 73, "splits": 134, "cpu_hours": 26.288}
180-18-14 X root-cube len 10 SPLIT 600.23s {"verdict": "in progress", "roots_done": "1/2", "leaves_unsat": 67, "leaves_pending": 74, "splits": 139, "cpu_hours": 26.337}
180-20-14 X root-cube len 10 SPLIT 600.11s {"verdict": "in progress", "roots_done": "1/2", "leaves_unsat": 63, "leaves_pending": 74, "splits": 135, "cpu_hours": 26.454}
180-18-14 X root-cube len 10 UNSAT 268.31s {"verdict": "in progress", "roots_done": "1/2", "leaves_unsat": 68, "leaves_pending": 73, "splits": 139, "cpu_hours": 26.412}
180-18-14 X root-cube len 10 SPLIT 600.2s {"verdict": "in progress", "roots_done": "1/2", "leaves_unsat": 68, "leaves_pending": 74, "splits": 140, "cpu_hours": 26.579}
180-20-14 X root-cube len 10 UNSAT 224.38s {"verdict": "in progress", "roots_done": "1/2", "leaves_unsat": 64, "leaves_pending": 73, "splits": 135, "cpu_hours": 26.517}
180-20-14 X root-cube len 10 SPLIT 600.16s {"verdict": "in progress", "roots_done": "1/2", "leaves_unsat": 64, "leaves_pending": 74, "splits": 136, "cpu_hours": 26.683}
180-18-14 X root-cube len 10 UNSAT 559.58s {"verdict": "in progress", "roots_done": "1/2", "leaves_unsat": 69, "leaves_pending": 73, "splits": 140, "cpu_hours": 26.734}
180-18-14 X root-cube len 10 UNSAT 276.5s {"verdict": "in progress", "roots_done": "1/2", "leaves_unsat": 70, "leaves_pending": 72, "splits": 140, "cpu_hours": 26.811}
180-20-14 X root-cube len 10 UNSAT 314.94s {"verdict": "in progress", "roots_done": "1/2", "leaves_unsat": 65, "leaves_pending": 73, "splits": 136, "cpu_hours": 26.771}
180-20-14 X root-cube len 10 SPLIT 600.16s {"verdict": "in progress", "roots_done": "1/2", "leaves_unsat": 65, "leaves_pending": 74, "splits": 137, "cpu_hours": 26.938}
180-18-14 X root-cube len 10 UNSAT 326.15s {"verdict": "in progress", "roots_done": "1/2", "leaves_unsat": 71, "leaves_pending": 71, "splits": 140, "cpu_hours": 26.902}
180-18-14 X root-cube len 10 SPLIT 600.17s {"verdict": "in progress", "roots_done": "1/2", "leaves_unsat": 71, "leaves_pending": 72, "splits": 141, "cpu_hours": 27.068}
180-20-14 X root-cube len 10 SPLIT 600.19s {"verdict": "in progress", "roots_done": "1/2", "leaves_unsat": 65, "leaves_pending": 75, "splits": 138, "cpu_hours": 27.104}
180-20-14 X root-cube len 10 UNSAT 221.96s {"verdict": "in progress", "roots_done": "1/2", "leaves_unsat": 66, "leaves_pending": 74, "splits": 138, "cpu_hours": 27.166}
180-18-14 X root-cube len 10 SPLIT 600.13s {"verdict": "in progress", "roots_done": "1/2", "leaves_unsat": 71, "leaves_pending": 73, "splits": 142, "cpu_hours": 27.235}
180-20-14 X root-cube len 10 SPLIT 600.17s {"verdict": "in progress", "roots_done": "1/2", "leaves_unsat": 66, "leaves_pending": 75, "splits": 139, "cpu_hours": 27.333}
180-18-14 X root-cube len 10 UNSAT 145.13s {"verdict": "in progress", "roots_done": "1/2", "leaves_unsat": 72, "leaves_pending": 72, "splits": 142, "cpu_hours": 27.275}
180-20-14 X root-cube len 10 UNSAT 263.66s {"verdict": "in progress", "roots_done": "1/2", "leaves_unsat": 67, "leaves_pending": 74, "splits": 139, "cpu_hours": 27.406}
180-18-14 X root-cube len 10 SPLIT 600.17s {"verdict": "in progress", "roots_done": "1/2", "leaves_unsat": 72, "leaves_pending": 73, "splits": 143, "cpu_hours": 27.442}
180-20-14 X root-cube len 10 UNSAT 272.77s {"verdict": "in progress", "roots_done": "1/2", "leaves_unsat": 68, "leaves_pending": 73, "splits": 139, "cpu_hours": 27.482}
180-20-14 X root-cube len 10 SPLIT 600.2s {"verdict": "in progress", "roots_done": "1/2", "leaves_unsat": 68, "leaves_pending": 74, "splits": 140, "cpu_hours": 27.648}
180-18-14 X root-cube len 10 SPLIT 600.13s {"verdict": "in progress", "roots_done": "1/2", "leaves_unsat": 72, "leaves_pending": 74, "splits": 144, "cpu_hours": 27.609}
180-18-14 X root-cube len 10 SPLIT 600.15s {"verdict": "in progress", "roots_done": "1/2", "leaves_unsat": 72, "leaves_pending": 75, "splits": 145, "cpu_hours": 27.775}
180-18-14 X root-cube len 10 UNSAT 228.42s {"verdict": "in progress", "roots_done": "1/2", "leaves_unsat": 73, "leaves_pending": 74, "splits": 145, "cpu_hours": 27.839}
180-20-14 X root-cube len 10 SPLIT 600.2s {"verdict": "in progress", "roots_done": "1/2", "leaves_unsat": 68, "leaves_pending": 75, "splits": 141, "cpu_hours": 27.815}
180-18-14 X root-cube len 10 UNSAT 106.43s {"verdict": "in progress", "roots_done": "1/2", "leaves_unsat": 74, "leaves_pending": 73, "splits": 145, "cpu_hours": 27.868}
180-20-14 X root-cube len 10 UNSAT 286.0s {"verdict": "in progress", "roots_done": "1/2", "leaves_unsat": 69, "leaves_pending": 74, "splits": 141, "cpu_hours": 27.895}
180-18-14 X root-cube len 10 SPLIT 600.17s {"verdict": "in progress", "roots_done": "1/2", "leaves_unsat": 74, "leaves_pending": 74, "splits": 146, "cpu_hours": 28.035}
180-20-14 X root-cube len 10 SPLIT 600.17s {"verdict": "in progress", "roots_done": "1/2", "leaves_unsat": 69, "leaves_pending": 75, "splits": 142, "cpu_hours": 28.061}
180-18-14 X root-cube len 10 UNSAT 261.91s {"verdict": "in progress", "roots_done": "1/2", "leaves_unsat": 75, "leaves_pending": 73, "splits": 146, "cpu_hours": 28.108}
180-20-14 X root-cube len 10 UNSAT 267.67s {"verdict": "in progress", "roots_done": "1/2", "leaves_unsat": 70, "leaves_pending": 74, "splits": 142, "cpu_hours": 28.136}
180-18-14 X root-cube len 10 UNSAT 111.71s {"verdict": "in progress", "roots_done": "1/2", "leaves_unsat": 76, "leaves_pending": 72, "splits": 146, "cpu_hours": 28.139}
180-20-14 X root-cube len 10 SPLIT 600.15s {"verdict": "in progress", "roots_done": "1/2", "leaves_unsat": 70, "leaves_pending": 75, "splits": 143, "cpu_hours": 28.302}
180-18-14 X root-cube len 10 SPLIT 600.16s {"verdict": "in progress", "roots_done": "1/2", "leaves_unsat": 76, "leaves_pending": 73, "splits": 147, "cpu_hours": 28.306}
180-18-14 X root-cube len 10 SPLIT 600.28s {"verdict": "in progress", "roots_done": "1/2", "leaves_unsat": 76, "leaves_pending": 74, "splits": 148, "cpu_hours": 28.472}
180-20-14 X root-cube len 10 SPLIT 600.17s {"verdict": "in progress", "roots_done": "1/2", "leaves_unsat": 70, "leaves_pending": 76, "splits": 144, "cpu_hours": 28.469}
180-20-14 X root-cube len 10 UNSAT 228.12s {"verdict": "in progress", "roots_done": "1/2", "leaves_unsat": 71, "leaves_pending": 75, "splits": 144, "cpu_hours": 28.532}
180-18-14 X root-cube len 10 SPLIT 600.14s {"verdict": "in progress", "roots_done": "1/2", "leaves_unsat": 76, "leaves_pending": 75, "splits": 149, "cpu_hours": 28.639}
180-20-14 X root-cube len 10 SPLIT 600.18s {"verdict": "in progress", "roots_done": "1/2", "leaves_unsat": 71, "leaves_pending": 76, "splits": 145, "cpu_hours": 28.699}
180-20-14 X root-cube len 10 SPLIT 600.16s {"verdict": "in progress", "roots_done": "1/2", "leaves_unsat": 71, "leaves_pending": 77, "splits": 146, "cpu_hours": 28.866}
180-20-14 X root-cube len 10 UNSAT 290.82s {"verdict": "in progress", "roots_done": "1/2", "leaves_unsat": 72, "leaves_pending": 76, "splits": 146, "cpu_hours": 28.947}
180-18-14 X root-cube len 10 SPLIT 600.18s {"verdict": "in progress", "roots_done": "1/2", "leaves_unsat": 76, "leaves_pending": 76, "splits": 150, "cpu_hours": 28.806}
180-18-14 X root-cube len 10 UNSAT 217.09s {"verdict": "in progress", "roots_done": "1/2", "leaves_unsat": 77, "leaves_pending": 75, "splits": 150, "cpu_hours": 28.866}
180-18-14 X root-cube len 10 SPLIT 600.13s {"verdict": "in progress", "roots_done": "1/2", "leaves_unsat": 77, "leaves_pending": 76, "splits": 151, "cpu_hours": 29.033}
180-20-14 X root-cube len 10 UNSAT 228.17s {"verdict": "in progress", "roots_done": "1/2", "leaves_unsat": 73, "leaves_pending": 75, "splits": 146, "cpu_hours": 29.01}
180-18-14 X root-cube len 10 SPLIT 600.16s {"verdict": "in progress", "roots_done": "1/2", "leaves_unsat": 77, "leaves_pending": 77, "splits": 152, "cpu_hours": 29.199}
180-20-14 X root-cube len 10 SPLIT 600.72s {"verdict": "in progress", "roots_done": "1/2", "leaves_unsat": 73, "leaves_pending": 76, "splits": 147, "cpu_hours": 29.177}
180-18-14 X root-cube len 10 UNSAT 259.52s {"verdict": "in progress", "roots_done": "1/2", "leaves_unsat": 78, "leaves_pending": 76, "splits": 152, "cpu_hours": 29.272}
180-20-14 X root-cube len 10 UNSAT 250.53s {"verdict": "in progress", "roots_done": "1/2", "leaves_unsat": 74, "leaves_pending": 75, "splits": 147, "cpu_hours": 29.247}
180-18-14 X root-cube len 10 UNSAT 265.17s {"verdict": "in progress", "roots_done": "1/2", "leaves_unsat": 79, "leaves_pending": 75, "splits": 152, "cpu_hours": 29.345}
180-20-14 X root-cube len 10 SPLIT 600.14s {"verdict": "in progress", "roots_done": "1/2", "leaves_unsat": 74, "leaves_pending": 76, "splits": 148, "cpu_hours": 29.413}
180-20-14 X root-cube len 10 SPLIT 600.17s {"verdict": "in progress", "roots_done": "1/2", "leaves_unsat": 74, "leaves_pending": 77, "splits": 149, "cpu_hours": 29.58}
180-20-14 X root-cube len 10 UNSAT 219.43s {"verdict": "in progress", "roots_done": "1/2", "leaves_unsat": 75, "leaves_pending": 76, "splits": 149, "cpu_hours": 29.641}
180-18-14 X root-cube len 10 SPLIT 600.12s {"verdict": "in progress", "roots_done": "1/2", "leaves_unsat": 79, "leaves_pending": 76, "splits": 153, "cpu_hours": 29.512}
180-18-14 X root-cube len 10 SPLIT 600.13s {"verdict": "in progress", "roots_done": "1/2", "leaves_unsat": 79, "leaves_pending": 77, "splits": 154, "cpu_hours": 29.679}
180-18-14 X root-cube len 10 UNSAT 236.77s {"verdict": "in progress", "roots_done": "1/2", "leaves_unsat": 80, "leaves_pending": 76, "splits": 154, "cpu_hours": 29.744}
180-20-14 X root-cube len 10 SPLIT 600.26s {"verdict": "in progress", "roots_done": "1/2", "leaves_unsat": 75, "leaves_pending": 77, "splits": 150, "cpu_hours": 29.808}
180-18-14 X root-cube len 10 SPLIT 600.4s {"verdict": "in progress", "roots_done": "1/2", "leaves_unsat": 80, "leaves_pending": 77, "splits": 155, "cpu_hours": 29.911}
180-18-14 X root-cube len 10 UNSAT 163.0s {"verdict": "in progress", "roots_done": "1/2", "leaves_unsat": 81, "leaves_pending": 76, "splits": 155, "cpu_hours": 29.956}
180-20-14 X root-cube len 10 SPLIT 600.23s {"verdict": "in progress", "roots_done": "1/2", "leaves_unsat": 75, "leaves_pending": 78, "splits": 151, "cpu_hours": 29.974}
180-20-14 X root-cube len 10 SPLIT 600.25s {"verdict": "in progress", "roots_done": "1/2", "leaves_unsat": 75, "leaves_pending": 79, "splits": 152, "cpu_hours": 30.141}
180-20-14 X root-cube len 10 UNSAT 331.13s {"verdict": "in progress", "roots_done": "1/2", "leaves_unsat": 76, "leaves_pending": 78, "splits": 152, "cpu_hours": 30.233}
180-20-14 X root-cube len 10 SPLIT 600.14s {"verdict": "in progress", "roots_done": "1/2", "leaves_unsat": 76, "leaves_pending": 79, "splits": 153, "cpu_hours": 30.4}
180-18-14 X root-cube len 10 SPLIT 600.17s {"verdict": "in progress", "roots_done": "1/2", "leaves_unsat": 81, "leaves_pending": 77, "splits": 156, "cpu_hours": 30.123}
180-18-14 X root-cube len 10 SPLIT 600.12s {"verdict": "in progress", "roots_done": "1/2", "leaves_unsat": 81, "leaves_pending": 78, "splits": 157, "cpu_hours": 30.29}
180-18-14 X root-cube len 10 SPLIT 600.12s {"verdict": "in progress", "roots_done": "1/2", "leaves_unsat": 81, "leaves_pending": 79, "splits": 158, "cpu_hours": 30.457}
180-20-14 X root-cube len 10 UNSAT 283.76s {"verdict": "in progress", "roots_done": "1/2", "leaves_unsat": 77, "leaves_pending": 78, "splits": 153, "cpu_hours": 30.479}
180-20-14 X root-cube len 10 UNSAT 262.7s {"verdict": "in progress", "roots_done": "1/2", "leaves_unsat": 78, "leaves_pending": 77, "splits": 153, "cpu_hours": 30.552}
180-18-14 X root-cube len 10 UNSAT 264.23s {"verdict": "in progress", "roots_done": "1/2", "leaves_unsat": 82, "leaves_pending": 78, "splits": 158, "cpu_hours": 30.53}
180-18-14 X root-cube len 10 UNSAT 302.79s {"verdict": "in progress", "roots_done": "1/2", "leaves_unsat": 83, "leaves_pending": 77, "splits": 158, "cpu_hours": 30.614}
180-18-14 X root-cube len 10 SPLIT 600.19s {"verdict": "in progress", "roots_done": "1/2", "leaves_unsat": 83, "leaves_pending": 78, "splits": 159, "cpu_hours": 30.781}
180-20-14 X root-cube len 10 SPLIT 600.24s {"verdict": "in progress", "roots_done": "1/2", "leaves_unsat": 78, "leaves_pending": 78, "splits": 154, "cpu_hours": 30.718}
180-20-14 X root-cube len 10 SPLIT 600.22s {"verdict": "in progress", "roots_done": "1/2", "leaves_unsat": 78, "leaves_pending": 79, "splits": 155, "cpu_hours": 30.885}
180-18-14 X root-cube len 10 SPLIT 600.19s {"verdict": "in progress", "roots_done": "1/2", "leaves_unsat": 83, "leaves_pending": 79, "splits": 160, "cpu_hours": 30.948}
180-20-14 X root-cube len 10 UNSAT 453.05s {"verdict": "in progress", "roots_done": "1/2", "leaves_unsat": 79, "leaves_pending": 78, "splits": 155, "cpu_hours": 31.011}
180-20-14 X root-cube len 10 SPLIT 600.28s {"verdict": "in progress", "roots_done": "1/2", "leaves_unsat": 79, "leaves_pending": 79, "splits": 156, "cpu_hours": 31.178}
180-18-14 X root-cube len 10 SPLIT 600.29s {"verdict": "in progress", "roots_done": "1/2", "leaves_unsat": 83, "leaves_pending": 80, "splits": 161, "cpu_hours": 31.114}
180-18-14 X root-cube len 10 SPLIT 600.28s {"verdict": "in progress", "roots_done": "1/2", "leaves_unsat": 83, "leaves_pending": 81, "splits": 162, "cpu_hours": 31.281}
180-18-14 X root-cube len 10 SPLIT 600.21s {"verdict": "in progress", "roots_done": "1/2", "leaves_unsat": 83, "leaves_pending": 82, "splits": 163, "cpu_hours": 31.448}
180-20-14 X root-cube len 10 SPLIT 600.26s {"verdict": "in progress", "roots_done": "1/2", "leaves_unsat": 79, "leaves_pending": 80, "splits": 157, "cpu_hours": 31.344}
180-20-14 X root-cube len 10 SPLIT 600.44s {"verdict": "in progress", "roots_done": "1/2", "leaves_unsat": 79, "leaves_pending": 81, "splits": 158, "cpu_hours": 31.511}
180-18-14 X root-cube len 10 UNSAT 566.61s {"verdict": "in progress", "roots_done": "1/2", "leaves_unsat": 84, "leaves_pending": 81, "splits": 163, "cpu_hours": 31.605}
180-20-14 X root-cube len 10 UNSAT 443.76s {"verdict": "in progress", "roots_done": "1/2", "leaves_unsat": 80, "leaves_pending": 80, "splits": 158, "cpu_hours": 31.634}
180-20-14 X root-cube len 10 SPLIT 600.46s {"verdict": "in progress", "roots_done": "1/2", "leaves_unsat": 80, "leaves_pending": 81, "splits": 159, "cpu_hours": 31.801}
180-18-14 X root-cube len 10 UNSAT 325.6s {"verdict": "in progress", "roots_done": "1/2", "leaves_unsat": 85, "leaves_pending": 80, "splits": 163, "cpu_hours": 31.696}
180-18-14 X root-cube len 10 SPLIT 600.46s {"verdict": "in progress", "roots_done": "1/2", "leaves_unsat": 85, "leaves_pending": 81, "splits": 164, "cpu_hours": 31.862}
180-18-14 X root-cube len 10 SPLIT 600.45s {"verdict": "in progress", "roots_done": "1/2", "leaves_unsat": 85, "leaves_pending": 82, "splits": 165, "cpu_hours": 32.029}
180-20-14 X root-cube len 10 SPLIT 600.46s {"verdict": "in progress", "roots_done": "1/2", "leaves_unsat": 80, "leaves_pending": 82, "splits": 160, "cpu_hours": 31.968}
180-20-14 X root-cube len 10 UNSAT 586.85s {"verdict": "in progress", "roots_done": "1/2", "leaves_unsat": 81, "leaves_pending": 81, "splits": 160, "cpu_hours": 32.131}
180-20-14 X root-cube len 10 UNSAT 470.83s {"verdict": "in progress", "roots_done": "1/2", "leaves_unsat": 82, "leaves_pending": 80, "splits": 160, "cpu_hours": 32.262}
180-18-14 X root-cube len 10 SPLIT 600.88s {"verdict": "in progress", "roots_done": "1/2", "leaves_unsat": 85, "leaves_pending": 83, "splits": 166, "cpu_hours": 32.196}
180-18-14 X root-cube len 10 UNSAT 402.6s {"verdict": "in progress", "roots_done": "1/2", "leaves_unsat": 86, "leaves_pending": 82, "splits": 166, "cpu_hours": 32.308}
180-20-14 X root-cube len 10 SPLIT 600.68s {"verdict": "in progress", "roots_done": "1/2", "leaves_unsat": 82, "leaves_pending": 81, "splits": 161, "cpu_hours": 32.429}
180-18-14 X root-cube len 10 SPLIT 600.28s {"verdict": "in progress", "roots_done": "1/2", "leaves_unsat": 86, "leaves_pending": 83, "splits": 167, "cpu_hours": 32.475}
180-18-14 X root-cube len 10 SPLIT 600.53s {"verdict": "in progress", "roots_done": "1/2", "leaves_unsat": 86, "leaves_pending": 84, "splits": 168, "cpu_hours": 32.641}
180-20-14 X root-cube len 10 UNSAT 378.3s {"verdict": "in progress", "roots_done": "1/2", "leaves_unsat": 83, "leaves_pending": 80, "splits": 161, "cpu_hours": 32.534}
180-20-14 X root-cube len 10 SPLIT 600.41s {"verdict": "in progress", "roots_done": "1/2", "leaves_unsat": 83, "leaves_pending": 81, "splits": 162, "cpu_hours": 32.701}
180-20-14 X root-cube len 10 SPLIT 600.51s {"verdict": "in progress", "roots_done": "1/2", "leaves_unsat": 83, "leaves_pending": 82, "splits": 163, "cpu_hours": 32.867}
180-20-14 X root-cube len 10 SPLIT 600.42s {"verdict": "in progress", "roots_done": "1/2", "leaves_unsat": 83, "leaves_pending": 83, "splits": 164, "cpu_hours": 33.034}
180-18-14 X root-cube len 10 SPLIT 600.53s {"verdict": "in progress", "roots_done": "1/2", "leaves_unsat": 86, "leaves_pending": 85, "splits": 169, "cpu_hours": 32.808}
180-18-14 X root-cube len 10 SPLIT 600.48s {"verdict": "in progress", "roots_done": "1/2", "leaves_unsat": 86, "leaves_pending": 86, "splits": 170, "cpu_hours": 32.975}
180-18-14 X root-cube len 10 SPLIT 600.39s {"verdict": "in progress", "roots_done": "1/2", "leaves_unsat": 86, "leaves_pending": 87, "splits": 171, "cpu_hours": 33.142}
180-20-14 X root-cube len 10 UNSAT 457.9s {"verdict": "in progress", "roots_done": "1/2", "leaves_unsat": 84, "leaves_pending": 82, "splits": 164, "cpu_hours": 33.161}
180-18-14 X root-cube len 11 UNSAT 284.03s {"verdict": "in progress", "roots_done": "1/2", "leaves_unsat": 87, "leaves_pending": 86, "splits": 171, "cpu_hours": 33.221}
180-18-14 X root-cube len 10 SPLIT 600.41s {"verdict": "in progress", "roots_done": "1/2", "leaves_unsat": 87, "leaves_pending": 87, "splits": 172, "cpu_hours": 33.388}
180-20-14 X root-cube len 10 SPLIT 600.41s {"verdict": "in progress", "roots_done": "1/2", "leaves_unsat": 84, "leaves_pending": 83, "splits": 165, "cpu_hours": 33.328}
180-20-14 X root-cube len 10 SPLIT 600.39s {"verdict": "in progress", "roots_done": "1/2", "leaves_unsat": 84, "leaves_pending": 84, "splits": 166, "cpu_hours": 33.495}
180-20-14 X root-cube len 10 SPLIT 600.37s {"verdict": "in progress", "roots_done": "1/2", "leaves_unsat": 84, "leaves_pending": 85, "splits": 167, "cpu_hours": 33.662}
180-18-14 X root-cube len 10 SPLIT 600.28s {"verdict": "in progress", "roots_done": "1/2", "leaves_unsat": 87, "leaves_pending": 88, "splits": 173, "cpu_hours": 33.554}
180-20-14 X root-cube len 10 UNSAT 183.97s {"verdict": "in progress", "roots_done": "1/2", "leaves_unsat": 85, "leaves_pending": 84, "splits": 167, "cpu_hours": 33.713}
180-18-14 X root-cube len 10 SPLIT 600.33s {"verdict": "in progress", "roots_done": "1/2", "leaves_unsat": 87, "leaves_pending": 89, "splits": 174, "cpu_hours": 33.721}
180-18-14 X root-cube len 11 UNSAT 208.12s {"verdict": "in progress", "roots_done": "1/2", "leaves_unsat": 88, "leaves_pending": 88, "splits": 174, "cpu_hours": 33.779}
180-20-14 X root-cube len 10 SPLIT 600.21s {"verdict": "in progress", "roots_done": "1/2", "leaves_unsat": 85, "leaves_pending": 85, "splits": 168, "cpu_hours": 33.88}
180-18-14 X root-cube len 11 UNSAT 475.58s {"verdict": "in progress", "roots_done": "1/2", "leaves_unsat": 89, "leaves_pending": 87, "splits": 174, "cpu_hours": 33.911}
180-18-14 X root-cube len 11 SPLIT 600.28s {"verdict": "in progress", "roots_done": "1/2", "leaves_unsat": 89, "leaves_pending": 88, "splits": 175, "cpu_hours": 34.078}
180-20-14 X root-cube len 10 SPLIT 600.15s {"verdict": "in progress", "roots_done": "1/2", "leaves_unsat": 85, "leaves_pending": 86, "splits": 169, "cpu_hours": 34.046}
180-20-14 X root-cube len 10 SPLIT 600.2s {"verdict": "in progress", "roots_done": "1/2", "leaves_unsat": 85, "leaves_pending": 87, "splits": 170, "cpu_hours": 34.213}
180-18-14 X root-cube len 11 SPLIT 600.37s {"verdict": "in progress", "roots_done": "1/2", "leaves_unsat": 89, "leaves_pending": 89, "splits": 176, "cpu_hours": 34.244}
180-20-14 X root-cube len 10 SPLIT 600.45s {"verdict": "in progress", "roots_done": "1/2", "leaves_unsat": 85, "leaves_pending": 88, "splits": 171, "cpu_hours": 34.38}
180-18-14 X root-cube len 11 UNSAT 442.17s {"verdict": "in progress", "roots_done": "1/2", "leaves_unsat": 90, "leaves_pending": 88, "splits": 176, "cpu_hours": 34.367}
180-18-14 X root-cube len 11 UNSAT 499.25s {"verdict": "in progress", "roots_done": "1/2", "leaves_unsat": 91, "leaves_pending": 87, "splits": 176, "cpu_hours": 34.506}
180-18-14 X root-cube len 11 UNSAT 265.23s {"verdict": "in progress", "roots_done": "1/2", "leaves_unsat": 92, "leaves_pending": 86, "splits": 176, "cpu_hours": 34.58}
180-20-14 X root-cube len 10 SPLIT 600.44s {"verdict": "in progress", "roots_done": "1/2", "leaves_unsat": 85, "leaves_pending": 89, "splits": 172, "cpu_hours": 34.547}
180-18-14 X root-cube len 11 SPLIT 600.43s {"verdict": "in progress", "roots_done": "1/2", "leaves_unsat": 92, "leaves_pending": 87, "splits": 177, "cpu_hours": 34.746}
180-18-14 X root-cube len 11 UNSAT 218.26s {"verdict": "in progress", "roots_done": "1/2", "leaves_unsat": 93, "leaves_pending": 86, "splits": 177, "cpu_hours": 34.807}
180-20-14 X root-cube len 11 UNSAT 226.4s {"verdict": "in progress", "roots_done": "1/2", "leaves_unsat": 86, "leaves_pending": 88, "splits": 172, "cpu_hours": 34.609}
180-20-14 X root-cube len 10 SPLIT 600.48s {"verdict": "in progress", "roots_done": "1/2", "leaves_unsat": 86, "leaves_pending": 89, "splits": 173, "cpu_hours": 34.776}
180-20-14 X root-cube len 10 SPLIT 600.41s {"verdict": "in progress", "roots_done": "1/2", "leaves_unsat": 86, "leaves_pending": 90, "splits": 174, "cpu_hours": 34.943}
180-20-14 X root-cube len 10 SPLIT 600.29s {"verdict": "in progress", "roots_done": "1/2", "leaves_unsat": 86, "leaves_pending": 91, "splits": 175, "cpu_hours": 35.11}
180-18-14 X root-cube len 11 UNSAT 287.53s {"verdict": "in progress", "roots_done": "1/2", "leaves_unsat": 94, "leaves_pending": 85, "splits": 177, "cpu_hours": 34.887}
180-18-14 X root-cube len 11 SPLIT 600.35s {"verdict": "in progress", "roots_done": "1/2", "leaves_unsat": 94, "leaves_pending": 86, "splits": 178, "cpu_hours": 35.054}
180-18-14 X root-cube len 11 SPLIT 600.34s {"verdict": "in progress", "roots_done": "1/2", "leaves_unsat": 94, "leaves_pending": 87, "splits": 179, "cpu_hours": 35.22}
180-20-14 X root-cube len 11 UNSAT 258.49s {"verdict": "in progress", "roots_done": "1/2", "leaves_unsat": 87, "leaves_pending": 90, "splits": 175, "cpu_hours": 35.182}
180-20-14 X root-cube len 11 UNSAT 369.73s {"verdict": "in progress", "roots_done": "1/2", "leaves_unsat": 88, "leaves_pending": 89, "splits": 175, "cpu_hours": 35.284}
180-18-14 X root-cube len 11 UNSAT 368.34s {"verdict": "in progress", "roots_done": "1/2", "leaves_unsat": 95, "leaves_pending": 86, "splits": 179, "cpu_hours": 35.323}
180-18-14 X root-cube len 11 SPLIT 600.41s {"verdict": "in progress", "roots_done": "1/2", "leaves_unsat": 95, "leaves_pending": 87, "splits": 180, "cpu_hours": 35.49}
180-20-14 X root-cube len 11 SPLIT 600.42s {"verdict": "in progress", "roots_done": "1/2", "leaves_unsat": 88, "leaves_pending": 90, "splits": 176, "cpu_hours": 35.451}
180-20-14 X root-cube len 11 UNSAT 230.0s {"verdict": "in progress", "roots_done": "1/2", "leaves_unsat": 89, "leaves_pending": 89, "splits": 176, "cpu_hours": 35.515}
180-20-14 X root-cube len 11 SPLIT 600.32s {"verdict": "in progress", "roots_done": "1/2", "leaves_unsat": 89, "leaves_pending": 90, "splits": 177, "cpu_hours": 35.682}
180-18-14 X root-cube len 11 UNSAT 160.28s {"verdict": "in progress", "roots_done": "1/2", "leaves_unsat": 96, "leaves_pending": 86, "splits": 180, "cpu_hours": 35.534}
180-18-14 X root-cube len 11 SPLIT 600.33s {"verdict": "in progress", "roots_done": "1/2", "leaves_unsat": 96, "leaves_pending": 87, "splits": 181, "cpu_hours": 35.701}
180-20-14 X root-cube len 11 UNSAT 236.09s {"verdict": "in progress", "roots_done": "1/2", "leaves_unsat": 90, "leaves_pending": 89, "splits": 177, "cpu_hours": 35.747}
180-18-14 X root-cube len 11 SPLIT 600.15s {"verdict": "in progress", "roots_done": "1/2", "leaves_unsat": 96, "leaves_pending": 88, "splits": 182, "cpu_hours": 35.868}
180-20-14 X root-cube len 11 SPLIT 600.17s {"verdict": "in progress", "roots_done": "1/2", "leaves_unsat": 90, "leaves_pending": 90, "splits": 178, "cpu_hours": 35.914}
180-18-14 X root-cube len 11 UNSAT 246.96s {"verdict": "in progress", "roots_done": "1/2", "leaves_unsat": 97, "leaves_pending": 87, "splits": 182, "cpu_hours": 35.936}
180-18-14 X root-cube len 11 UNSAT 373.78s {"verdict": "in progress", "roots_done": "1/2", "leaves_unsat": 98, "leaves_pending": 86, "splits": 182, "cpu_hours": 36.04}
180-20-14 X root-cube len 11 UNSAT 210.72s {"verdict": "in progress", "roots_done": "1/2", "leaves_unsat": 91, "leaves_pending": 89, "splits": 178, "cpu_hours": 35.972}
180-18-14 X root-cube len 11 SPLIT 600.15s {"verdict": "in progress", "roots_done": "1/2", "leaves_unsat": 98, "leaves_pending": 87, "splits": 183, "cpu_hours": 36.207}
180-20-14 X root-cube len 11 SPLIT 600.16s {"verdict": "in progress", "roots_done": "1/2", "leaves_unsat": 91, "leaves_pending": 90, "splits": 179, "cpu_hours": 36.139}
180-20-14 X root-cube len 11 SPLIT 600.45s {"verdict": "in progress", "roots_done": "1/2", "leaves_unsat": 91, "leaves_pending": 91, "splits": 180, "cpu_hours": 36.306}
180-18-14 X root-cube len 11 UNSAT 226.25s {"verdict": "in progress", "roots_done": "1/2", "leaves_unsat": 99, "leaves_pending": 86, "splits": 183, "cpu_hours": 36.27}
180-18-14 X root-cube len 11 UNSAT 193.27s {"verdict": "in progress", "roots_done": "1/2", "leaves_unsat": 100, "leaves_pending": 85, "splits": 183, "cpu_hours": 36.323}
180-18-14 X root-cube len 11 UNSAT 400.04s {"verdict": "in progress", "roots_done": "1/2", "leaves_unsat": 101, "leaves_pending": 84, "splits": 183, "cpu_hours": 36.434}
180-18-14 X root-cube len 11 UNSAT 403.97s {"verdict": "in progress", "roots_done": "1/2", "leaves_unsat": 102, "leaves_pending": 83, "splits": 183, "cpu_hours": 36.547}
180-20-14 X root-cube len 11 UNSAT 224.82s {"verdict": "in progress", "roots_done": "1/2", "leaves_unsat": 92, "leaves_pending": 90, "splits": 180, "cpu_hours": 36.368}
180-18-14 X root-cube len 11 UNSAT 204.97s {"verdict": "in progress", "roots_done": "1/2", "leaves_unsat": 103, "leaves_pending": 82, "splits": 183, "cpu_hours": 36.603}
180-20-14 X root-cube len 11 SPLIT 600.14s {"verdict": "in progress", "roots_done": "1/2", "leaves_unsat": 92, "leaves_pending": 91, "splits": 181, "cpu_hours": 36.535}
180-18-14 X root-cube len 11 UNSAT 139.33s {"verdict": "in progress", "roots_done": "1/2", "leaves_unsat": 104, "leaves_pending": 81, "splits": 183, "cpu_hours": 36.642}
180-20-14 X root-cube len 11 SPLIT 600.17s {"verdict": "in progress", "roots_done": "1/2", "leaves_unsat": 92, "leaves_pending": 92, "splits": 182, "cpu_hours": 36.702}
180-20-14 X root-cube len 11 UNSAT 185.42s {"verdict": "in progress", "roots_done": "1/2", "leaves_unsat": 93, "leaves_pending": 91, "splits": 182, "cpu_hours": 36.753}
180-20-14 X root-cube len 11 SPLIT 600.18s {"verdict": "in progress", "roots_done": "1/2", "leaves_unsat": 93, "leaves_pending": 92, "splits": 183, "cpu_hours": 36.92}
180-18-14 X root-cube len 11 UNSAT 566.29s {"verdict": "in progress", "roots_done": "1/2", "leaves_unsat": 105, "leaves_pending": 80, "splits": 183, "cpu_hours": 36.799}
180-20-14 X root-cube len 11 UNSAT 111.92s {"verdict": "in progress", "roots_done": "1/2", "leaves_unsat": 94, "leaves_pending": 91, "splits": 183, "cpu_hours": 36.951}
180-18-14 X root-cube len 11 UNSAT 515.84s {"verdict": "in progress", "roots_done": "1/2", "leaves_unsat": 106, "leaves_pending": 79, "splits": 183, "cpu_hours": 36.943}
180-20-14 X root-cube len 11 SPLIT 600.29s {"verdict": "in progress", "roots_done": "1/2", "leaves_unsat": 94, "leaves_pending": 92, "splits": 184, "cpu_hours": 37.118}
180-18-14 X root-cube len 11 UNSAT 216.91s {"verdict": "in progress", "roots_done": "1/2", "leaves_unsat": 107, "leaves_pending": 78, "splits": 183, "cpu_hours": 37.003}
180-18-14 X root-cube len 11 SPLIT 600.23s {"verdict": "in progress", "roots_done": "1/2", "leaves_unsat": 107, "leaves_pending": 79, "splits": 184, "cpu_hours": 37.17}
180-20-14 X root-cube len 11 UNSAT 248.01s {"verdict": "in progress", "roots_done": "1/2", "leaves_unsat": 95, "leaves_pending": 91, "splits": 184, "cpu_hours": 37.187}
180-18-14 X root-cube len 11 SPLIT 600.15s {"verdict": "in progress", "roots_done": "1/2", "leaves_unsat": 107, "leaves_pending": 80, "splits": 185, "cpu_hours": 37.336}
180-18-14 X root-cube len 11 UNSAT 144.09s {"verdict": "in progress", "roots_done": "1/2", "leaves_unsat": 108, "leaves_pending": 79, "splits": 185, "cpu_hours": 37.376}
180-20-14 X root-cube len 11 UNSAT 585.95s {"verdict": "in progress", "roots_done": "1/2", "leaves_unsat": 96, "leaves_pending": 90, "splits": 184, "cpu_hours": 37.35}
180-20-14 X root-cube len 11 UNSAT 254.53s {"verdict": "in progress", "roots_done": "1/2", "leaves_unsat": 97, "leaves_pending": 89, "splits": 184, "cpu_hours": 37.42}
180-20-14 X root-cube len 11 SPLIT 600.13s {"verdict": "in progress", "roots_done": "1/2", "leaves_unsat": 97, "leaves_pending": 90, "splits": 185, "cpu_hours": 37.587}
180-18-14 X root-cube len 11 SPLIT 600.13s {"verdict": "in progress", "roots_done": "1/2", "leaves_unsat": 108, "leaves_pending": 80, "splits": 186, "cpu_hours": 37.543}
180-18-14 X root-cube len 11 UNSAT 219.63s {"verdict": "in progress", "roots_done": "1/2", "leaves_unsat": 109, "leaves_pending": 79, "splits": 186, "cpu_hours": 37.604}
180-20-14 X root-cube len 11 UNSAT 130.11s {"verdict": "in progress", "roots_done": "1/2", "leaves_unsat": 98, "leaves_pending": 89, "splits": 185, "cpu_hours": 37.623}
180-18-14 X root-cube len 11 UNSAT 416.62s {"verdict": "in progress", "roots_done": "1/2", "leaves_unsat": 110, "leaves_pending": 78, "splits": 186, "cpu_hours": 37.72}
180-20-14 X root-cube len 11 SPLIT 600.19s {"verdict": "in progress", "roots_done": "1/2", "leaves_unsat": 98, "leaves_pending": 90, "splits": 186, "cpu_hours": 37.79}
180-20-14 X root-cube len 11 UNSAT 203.04s {"verdict": "in progress", "roots_done": "1/2", "leaves_unsat": 99, "leaves_pending": 89, "splits": 186, "cpu_hours": 37.846}
180-18-14 X root-cube len 11 UNSAT 264.91s {"verdict": "in progress", "roots_done": "1/2", "leaves_unsat": 111, "leaves_pending": 77, "splits": 186, "cpu_hours": 37.793}
180-18-14 X root-cube len 11 SPLIT 601.19s {"verdict": "in progress", "roots_done": "1/2", "leaves_unsat": 111, "leaves_pending": 78, "splits": 187, "cpu_hours": 37.96}
180-18-14 X root-cube len 11 UNSAT 115.23s {"verdict": "in progress", "roots_done": "1/2", "leaves_unsat": 112, "leaves_pending": 77, "splits": 187, "cpu_hours": 37.992}
180-20-14 X root-cube len 11 SPLIT 600.58s {"verdict": "in progress", "roots_done": "1/2", "leaves_unsat": 99, "leaves_pending": 90, "splits": 187, "cpu_hours": 38.013}
180-20-14 X root-cube len 11 UNSAT 213.72s {"verdict": "in progress", "roots_done": "1/2", "leaves_unsat": 100, "leaves_pending": 89, "splits": 187, "cpu_hours": 38.072}
180-18-14 X root-cube len 11 UNSAT 535.26s {"verdict": "in progress", "roots_done": "1/2", "leaves_unsat": 113, "leaves_pending": 76, "splits": 187, "cpu_hours": 38.141}
180-20-14 X root-cube len 11 SPLIT 600.16s {"verdict": "in progress", "roots_done": "1/2", "leaves_unsat": 100, "leaves_pending": 90, "splits": 188, "cpu_hours": 38.239}
180-18-14 X root-cube len 11 UNSAT 178.1s {"verdict": "in progress", "roots_done": "1/2", "leaves_unsat": 114, "leaves_pending": 75, "splits": 187, "cpu_hours": 38.191}
180-18-14 X root-cube len 11 SPLIT 600.26s {"verdict": "in progress", "roots_done": "1/2", "leaves_unsat": 114, "leaves_pending": 76, "splits": 188, "cpu_hours": 38.357}
180-20-14 X root-cube len 11 UNSAT 228.58s {"verdict": "in progress", "roots_done": "1/2", "leaves_unsat": 101, "leaves_pending": 89, "splits": 188, "cpu_hours": 38.303}
180-20-14 X root-cube len 11 SPLIT 600.19s {"verdict": "in progress", "roots_done": "1/2", "leaves_unsat": 101, "leaves_pending": 90, "splits": 189, "cpu_hours": 38.469}
180-18-14 X root-cube len 11 SPLIT 600.15s {"verdict": "in progress", "roots_done": "1/2", "leaves_unsat": 114, "leaves_pending": 77, "splits": 189, "cpu_hours": 38.524}
180-20-14 X root-cube len 11 SPLIT 600.15s {"verdict": "in progress", "roots_done": "1/2", "leaves_unsat": 101, "leaves_pending": 91, "splits": 190, "cpu_hours": 38.636}
180-18-14 X root-cube len 11 SPLIT 600.19s {"verdict": "in progress", "roots_done": "1/2", "leaves_unsat": 114, "leaves_pending": 78, "splits": 190, "cpu_hours": 38.691}
180-20-14 X root-cube len 11 SPLIT 600.19s {"verdict": "in progress", "roots_done": "1/2", "leaves_unsat": 101, "leaves_pending": 92, "splits": 191, "cpu_hours": 38.803}
180-18-14 X root-cube len 11 SPLIT 600.12s {"verdict": "in progress", "roots_done": "1/2", "leaves_unsat": 114, "leaves_pending": 79, "splits": 191, "cpu_hours": 38.858}
180-18-14 X root-cube len 11 UNSAT 244.94s {"verdict": "in progress", "roots_done": "1/2", "leaves_unsat": 115, "leaves_pending": 78, "splits": 191, "cpu_hours": 38.926}
180-20-14 X root-cube len 11 UNSAT 210.61s {"verdict": "in progress", "roots_done": "1/2", "leaves_unsat": 102, "leaves_pending": 91, "splits": 191, "cpu_hours": 38.861}
180-18-14 X root-cube len 11 SPLIT 600.21s {"verdict": "in progress", "roots_done": "1/2", "leaves_unsat": 115, "leaves_pending": 79, "splits": 192, "cpu_hours": 39.092}
180-20-14 X root-cube len 11 SPLIT 600.16s {"verdict": "in progress", "roots_done": "1/2", "leaves_unsat": 102, "leaves_pending": 92, "splits": 192, "cpu_hours": 39.028}
180-18-14 X root-cube len 11 UNSAT 188.82s {"verdict": "in progress", "roots_done": "1/2", "leaves_unsat": 116, "leaves_pending": 78, "splits": 192, "cpu_hours": 39.145}
180-18-14 X root-cube len 11 UNSAT 135.57s {"verdict": "in progress", "roots_done": "1/2", "leaves_unsat": 117, "leaves_pending": 77, "splits": 192, "cpu_hours": 39.182}
180-20-14 X root-cube len 11 SPLIT 600.16s {"verdict": "in progress", "roots_done": "1/2", "leaves_unsat": 102, "leaves_pending": 93, "splits": 193, "cpu_hours": 39.195}
180-20-14 X root-cube len 11 UNSAT 222.45s {"verdict": "in progress", "roots_done": "1/2", "leaves_unsat": 103, "leaves_pending": 92, "splits": 193, "cpu_hours": 39.257}
180-20-14 X root-cube len 11 UNSAT 136.64s {"verdict": "in progress", "roots_done": "1/2", "leaves_unsat": 104, "leaves_pending": 91, "splits": 193, "cpu_hours": 39.294}
180-18-14 X root-cube len 11 UNSAT 235.78s {"verdict": "in progress", "roots_done": "1/2", "leaves_unsat": 118, "leaves_pending": 76, "splits": 192, "cpu_hours": 39.248}
180-20-14 X root-cube len 11 UNSAT 134.47s {"verdict": "in progress", "roots_done": "1/2", "leaves_unsat": 105, "leaves_pending": 90, "splits": 193, "cpu_hours": 39.332}
180-18-14 X root-cube len 11 SPLIT 600.14s {"verdict": "in progress", "roots_done": "1/2", "leaves_unsat": 118, "leaves_pending": 77, "splits": 193, "cpu_hours": 39.415}
180-18-14 X root-cube len 11 UNSAT 578.83s {"verdict": "in progress", "roots_done": "1/2", "leaves_unsat": 119, "leaves_pending": 76, "splits": 193, "cpu_hours": 39.575}
180-20-14 X root-cube len 11 SPLIT 600.17s {"verdict": "in progress", "roots_done": "1/2", "leaves_unsat": 105, "leaves_pending": 91, "splits": 194, "cpu_hours": 39.499}
180-18-14 X root-cube len 11 UNSAT 160.86s {"verdict": "in progress", "roots_done": "1/2", "leaves_unsat": 120, "leaves_pending": 75, "splits": 193, "cpu_hours": 39.62}
180-20-14 X root-cube len 11 SPLIT 600.39s {"verdict": "in progress", "roots_done": "1/2", "leaves_unsat": 105, "leaves_pending": 92, "splits": 195, "cpu_hours": 39.665}
180-20-14 X root-cube len 11 UNSAT 163.38s {"verdict": "in progress", "roots_done": "1/2", "leaves_unsat": 106, "leaves_pending": 91, "splits": 195, "cpu_hours": 39.711}
180-18-14 X root-cube len 11 SPLIT 600.13s {"verdict": "in progress", "roots_done": "1/2", "leaves_unsat": 120, "leaves_pending": 76, "splits": 194, "cpu_hours": 39.787}
180-20-14 X root-cube len 11 SPLIT 600.12s {"verdict": "in progress", "roots_done": "1/2", "leaves_unsat": 106, "leaves_pending": 92, "splits": 196, "cpu_hours": 39.877}
180-20-14 X root-cube len 11 UNSAT 262.13s {"verdict": "in progress", "roots_done": "1/2", "leaves_unsat": 107, "leaves_pending": 91, "splits": 196, "cpu_hours": 39.95}
180-18-14 X root-cube len 11 SPLIT 600.18s {"verdict": "in progress", "roots_done": "1/2", "leaves_unsat": 120, "leaves_pending": 77, "splits": 195, "cpu_hours": 39.953}
180-20-14 X root-cube len 11 SPLIT 600.18s {"verdict": "in progress", "roots_done": "1/2", "leaves_unsat": 107, "leaves_pending": 92, "splits": 197, "cpu_hours": 40.117}
180-18-14 X root-cube len 11 SPLIT 600.14s {"verdict": "in progress", "roots_done": "1/2", "leaves_unsat": 120, "leaves_pending": 78, "splits": 196, "cpu_hours": 40.12}
180-18-14 X root-cube len 11 UNSAT 140.54s {"verdict": "in progress", "roots_done": "1/2", "leaves_unsat": 121, "leaves_pending": 77, "splits": 196, "cpu_hours": 40.159}
180-18-14 X root-cube len 11 SPLIT 600.16s {"verdict": "in progress", "roots_done": "1/2", "leaves_unsat": 121, "leaves_pending": 78, "splits": 197, "cpu_hours": 40.326}
180-20-14 X root-cube len 11 SPLIT 600.17s {"verdict": "in progress", "roots_done": "1/2", "leaves_unsat": 107, "leaves_pending": 93, "splits": 198, "cpu_hours": 40.284}
180-18-14 X root-cube len 11 SPLIT 600.22s {"verdict": "in progress", "roots_done": "1/2", "leaves_unsat": 121, "leaves_pending": 79, "splits": 198, "cpu_hours": 40.493}
180-18-14 X root-cube len 11 UNSAT 217.19s {"verdict": "in progress", "roots_done": "1/2", "leaves_unsat": 122, "leaves_pending": 78, "splits": 198, "cpu_hours": 40.553}
180-20-14 X root-cube len 11 UNSAT 415.49s {"verdict": "in progress", "roots_done": "1/2", "leaves_unsat": 108, "leaves_pending": 92, "splits": 198, "cpu_hours": 40.399}
180-20-14 X root-cube len 11 UNSAT 120.36s {"verdict": "in progress", "roots_done": "1/2", "leaves_unsat": 109, "leaves_pending": 91, "splits": 198, "cpu_hours": 40.432}
180-20-14 X root-cube len 11 SPLIT 600.16s {"verdict": "in progress", "roots_done": "1/2", "leaves_unsat": 109, "leaves_pending": 92, "splits": 199, "cpu_hours": 40.599}
180-18-14 X root-cube len 11 UNSAT 119.44s {"verdict": "in progress", "roots_done": "1/2", "leaves_unsat": 123, "leaves_pending": 77, "splits": 198, "cpu_hours": 40.586}
180-20-14 X root-cube len 11 SPLIT 600.16s {"verdict": "in progress", "roots_done": "1/2", "leaves_unsat": 109, "leaves_pending": 93, "splits": 200, "cpu_hours": 40.766}
180-20-14 X root-cube len 11 UNSAT 285.52s {"verdict": "in progress", "roots_done": "1/2", "leaves_unsat": 110, "leaves_pending": 92, "splits": 200, "cpu_hours": 40.845}
180-18-14 X root-cube len 11 UNSAT 217.16s {"verdict": "in progress", "roots_done": "1/2", "leaves_unsat": 124, "leaves_pending": 76, "splits": 198, "cpu_hours": 40.646}
180-18-14 X root-cube len 11 SPLIT 600.17s {"verdict": "in progress", "roots_done": "1/2", "leaves_unsat": 124, "leaves_pending": 77, "splits": 199, "cpu_hours": 40.813}
180-18-14 X root-cube len 11 SPLIT 600.16s {"verdict": "in progress", "roots_done": "1/2", "leaves_unsat": 124, "leaves_pending": 78, "splits": 200, "cpu_hours": 40.98}
180-20-14 X root-cube len 11 UNSAT 226.98s {"verdict": "in progress", "roots_done": "1/2", "leaves_unsat": 111, "leaves_pending": 91, "splits": 200, "cpu_hours": 40.908}
180-18-14 X root-cube len 11 SPLIT 600.14s {"verdict": "in progress", "roots_done": "1/2", "leaves_unsat": 124, "leaves_pending": 79, "splits": 201, "cpu_hours": 41.147}
180-20-14 X root-cube len 11 SPLIT 600.18s {"verdict": "in progress", "roots_done": "1/2", "leaves_unsat": 111, "leaves_pending": 92, "splits": 201, "cpu_hours": 41.075}
180-20-14 X root-cube len 11 SPLIT 600.17s {"verdict": "in progress", "roots_done": "1/2", "leaves_unsat": 111, "leaves_pending": 93, "splits": 202, "cpu_hours": 41.242}
180-18-14 X root-cube len 11 UNSAT 127.72s {"verdict": "in progress", "roots_done": "1/2", "leaves_unsat": 125, "leaves_pending": 78, "splits": 201, "cpu_hours": 41.182}
180-20-14 X root-cube len 11 UNSAT 241.21s {"verdict": "in progress", "roots_done": "1/2", "leaves_unsat": 112, "leaves_pending": 92, "splits": 202, "cpu_hours": 41.309}
180-20-14 X root-cube len 11 UNSAT 212.08s {"verdict": "in progress", "roots_done": "1/2", "leaves_unsat": 113, "leaves_pending": 91, "splits": 202, "cpu_hours": 41.368}
180-20-14 X root-cube len 11 SPLIT 600.16s {"verdict": "in progress", "roots_done": "1/2", "leaves_unsat": 113, "leaves_pending": 92, "splits": 203, "cpu_hours": 41.534}
180-18-14 X root-cube len 11 SPLIT 600.2s {"verdict": "in progress", "roots_done": "1/2", "leaves_unsat": 125, "leaves_pending": 79, "splits": 202, "cpu_hours": 41.349}
180-18-14 X root-cube len 11 SPLIT 600.14s {"verdict": "in progress", "roots_done": "1/2", "leaves_unsat": 125, "leaves_pending": 80, "splits": 203, "cpu_hours": 41.516}
180-18-14 X root-cube len 11 UNSAT 162.07s {"verdict": "in progress", "roots_done": "1/2", "leaves_unsat": 126, "leaves_pending": 79, "splits": 203, "cpu_hours": 41.561}
180-18-14 X root-cube len 11 SPLIT 600.22s {"verdict": "in progress", "roots_done": "1/2", "leaves_unsat": 126, "leaves_pending": 80, "splits": 204, "cpu_hours": 41.727}
180-20-14 X root-cube len 11 SPLIT 600.14s {"verdict": "in progress", "roots_done": "1/2", "leaves_unsat": 113, "leaves_pending": 93, "splits": 204, "cpu_hours": 41.701}
180-18-14 X root-cube len 11 UNSAT 578.09s {"verdict": "in progress", "roots_done": "1/2", "leaves_unsat": 127, "leaves_pending": 79, "splits": 204, "cpu_hours": 41.888}
180-20-14 X root-cube len 11 UNSAT 452.2s {"verdict": "in progress", "roots_done": "1/2", "leaves_unsat": 114, "leaves_pending": 92, "splits": 204, "cpu_hours": 41.827}
180-20-14 X root-cube len 11 SPLIT 600.18s {"verdict": "in progress", "roots_done": "1/2", "leaves_unsat": 114, "leaves_pending": 93, "splits": 205, "cpu_hours": 41.993}
180-18-14 X root-cube len 11 UNSAT 290.85s {"verdict": "in progress", "roots_done": "1/2", "leaves_unsat": 128, "leaves_pending": 78, "splits": 204, "cpu_hours": 41.969}
180-20-14 X root-cube len 11 UNSAT 234.65s {"verdict": "in progress", "roots_done": "1/2", "leaves_unsat": 115, "leaves_pending": 92, "splits": 205, "cpu_hours": 42.059}
180-20-14 X root-cube len 11 SPLIT 600.14s {"verdict": "in progress", "roots_done": "1/2", "leaves_unsat": 115, "leaves_pending": 93, "splits": 206, "cpu_hours": 42.225}
180-18-14 X root-cube len 11 SPLIT 600.15s {"verdict": "in progress", "roots_done": "1/2", "leaves_unsat": 128, "leaves_pending": 79, "splits": 205, "cpu_hours": 42.135}
180-20-14 X root-cube len 11 UNSAT 260.81s {"verdict": "in progress", "roots_done": "1/2", "leaves_unsat": 116, "leaves_pending": 92, "splits": 206, "cpu_hours": 42.298}
180-18-14 X root-cube len 11 SPLIT 600.19s {"verdict": "in progress", "roots_done": "1/2", "leaves_unsat": 128, "leaves_pending": 80, "splits": 206, "cpu_hours": 42.302}
180-18-14 X root-cube len 11 UNSAT 159.78s {"verdict": "in progress", "roots_done": "1/2", "leaves_unsat": 129, "leaves_pending": 79, "splits": 206, "cpu_hours": 42.346}
180-20-14 X root-cube len 11 UNSAT 260.06s {"verdict": "in progress", "roots_done": "1/2", "leaves_unsat": 117, "leaves_pending": 91, "splits": 206, "cpu_hours": 42.37}
180-18-14 X root-cube len 11 SPLIT 600.23s {"verdict": "in progress", "roots_done": "1/2", "leaves_unsat": 129, "leaves_pending": 80, "splits": 207, "cpu_hours": 42.513}
180-20-14 X root-cube len 11 UNSAT 139.93s {"verdict": "in progress", "roots_done": "1/2", "leaves_unsat": 118, "leaves_pending": 90, "splits": 206, "cpu_hours": 42.409}
180-20-14 X root-cube len 11 SPLIT 600.19s {"verdict": "in progress", "roots_done": "1/2", "leaves_unsat": 118, "leaves_pending": 91, "splits": 207, "cpu_hours": 42.576}
180-18-14 X root-cube len 11 SPLIT 600.16s {"verdict": "in progress", "roots_done": "1/2", "leaves_unsat": 129, "leaves_pending": 81, "splits": 208, "cpu_hours": 42.68}
180-18-14 X root-cube len 11 UNSAT 288.66s {"verdict": "in progress", "roots_done": "1/2", "leaves_unsat": 130, "leaves_pending": 80, "splits": 208, "cpu_hours": 42.76}
180-20-14 X root-cube len 11 SPLIT 600.99s {"verdict": "in progress", "roots_done": "1/2", "leaves_unsat": 118, "leaves_pending": 92, "splits": 208, "cpu_hours": 42.742}
180-20-14 X root-cube len 11 SPLIT 600.15s {"verdict": "in progress", "roots_done": "1/2", "leaves_unsat": 118, "leaves_pending": 93, "splits": 209, "cpu_hours": 42.909}
180-18-14 X root-cube len 11 SPLIT 600.17s {"verdict": "in progress", "roots_done": "1/2", "leaves_unsat": 130, "leaves_pending": 81, "splits": 209, "cpu_hours": 42.927}
180-20-14 X root-cube len 11 UNSAT 212.78s {"verdict": "in progress", "roots_done": "1/2", "leaves_unsat": 119, "leaves_pending": 92, "splits": 209, "cpu_hours": 42.968}
180-18-14 X root-cube len 11 UNSAT 172.21s {"verdict": "in progress", "roots_done": "1/2", "leaves_unsat": 131, "leaves_pending": 80, "splits": 209, "cpu_hours": 42.975}
180-18-14 X root-cube len 11 SPLIT 600.2s {"verdict": "in progress", "roots_done": "1/2", "leaves_unsat": 131, "leaves_pending": 81, "splits": 210, "cpu_hours": 43.141}
180-20-14 X root-cube len 11 SPLIT 600.13s {"verdict": "in progress", "roots_done": "1/2", "leaves_unsat": 119, "leaves_pending": 93, "splits": 210, "cpu_hours": 43.135}
180-20-14 X root-cube len 11 SPLIT 600.25s {"verdict": "in progress", "roots_done": "1/2", "leaves_unsat": 119, "leaves_pending": 94, "splits": 211, "cpu_hours": 43.302}
180-18-14 X root-cube len 11 SPLIT 600.16s {"verdict": "in progress", "roots_done": "1/2", "leaves_unsat": 131, "leaves_pending": 82, "splits": 211, "cpu_hours": 43.308}
180-18-14 X root-cube len 11 SPLIT 600.23s {"verdict": "in progress", "roots_done": "1/2", "leaves_unsat": 131, "leaves_pending": 83, "splits": 212, "cpu_hours": 43.475}
180-20-14 X root-cube len 11 SPLIT 600.16s {"verdict": "in progress", "roots_done": "1/2", "leaves_unsat": 119, "leaves_pending": 95, "splits": 212, "cpu_hours": 43.468}
180-20-14 X root-cube len 11 UNSAT 257.8s {"verdict": "in progress", "roots_done": "1/2", "leaves_unsat": 120, "leaves_pending": 94, "splits": 212, "cpu_hours": 43.54}
180-20-14 X root-cube len 11 UNSAT 271.27s {"verdict": "in progress", "roots_done": "1/2", "leaves_unsat": 121, "leaves_pending": 93, "splits": 212, "cpu_hours": 43.615}
180-20-14 X root-cube len 11 SPLIT 600.18s {"verdict": "in progress", "roots_done": "1/2", "leaves_unsat": 121, "leaves_pending": 94, "splits": 213, "cpu_hours": 43.782}
180-18-14 X root-cube len 11 SPLIT 600.15s {"verdict": "in progress", "roots_done": "1/2", "leaves_unsat": 131, "leaves_pending": 84, "splits": 213, "cpu_hours": 43.642}
180-18-14 X root-cube len 11 SPLIT 600.3s {"verdict": "in progress", "roots_done": "1/2", "leaves_unsat": 131, "leaves_pending": 85, "splits": 214, "cpu_hours": 43.808}
180-20-14 X root-cube len 11 SPLIT 600.15s {"verdict": "in progress", "roots_done": "1/2", "leaves_unsat": 121, "leaves_pending": 95, "splits": 214, "cpu_hours": 43.949}
180-18-14 X root-cube len 11 SPLIT 600.14s {"verdict": "in progress", "roots_done": "1/2", "leaves_unsat": 131, "leaves_pending": 86, "splits": 215, "cpu_hours": 43.975}
180-18-14 X root-cube len 11 SPLIT 600.16s {"verdict": "in progress", "roots_done": "1/2", "leaves_unsat": 131, "leaves_pending": 87, "splits": 216, "cpu_hours": 44.142}
180-20-14 X root-cube len 11 UNSAT 180.85s {"verdict": "in progress", "roots_done": "1/2", "leaves_unsat": 122, "leaves_pending": 94, "splits": 214, "cpu_hours": 43.999}
180-18-14 X root-cube len 12 UNSAT 115.56s {"verdict": "in progress", "roots_done": "1/2", "leaves_unsat": 132, "leaves_pending": 86, "splits": 216, "cpu_hours": 44.174}
180-20-14 X root-cube len 11 SPLIT 600.2s {"verdict": "in progress", "roots_done": "1/2", "leaves_unsat": 122, "leaves_pending": 95, "splits": 215, "cpu_hours": 44.166}
180-20-14 X root-cube len 11 SPLIT 600.14s {"verdict": "in progress", "roots_done": "1/2", "leaves_unsat": 122, "leaves_pending": 96, "splits": 216, "cpu_hours": 44.332}
180-20-14 X root-cube len 11 SPLIT 600.15s {"verdict": "in progress", "roots_done": "1/2", "leaves_unsat": 122, "leaves_pending": 97, "splits": 217, "cpu_hours": 44.499}
180-20-14 X root-cube len 11 UNSAT 273.85s {"verdict": "in progress", "roots_done": "1/2", "leaves_unsat": 123, "leaves_pending": 96, "splits": 217, "cpu_hours": 44.575}
180-18-14 X root-cube len 11 SPLIT 600.17s {"verdict": "in progress", "roots_done": "1/2", "leaves_unsat": 132, "leaves_pending": 87, "splits": 217, "cpu_hours": 44.34}
180-18-14 X root-cube len 12 UNSAT 340.95s {"verdict": "in progress", "roots_done": "1/2", "leaves_unsat": 133, "leaves_pending": 86, "splits": 217, "cpu_hours": 44.435}
180-18-14 X root-cube len 11 SPLIT 600.22s {"verdict": "in progress", "roots_done": "1/2", "leaves_unsat": 133, "leaves_pending": 87, "splits": 218, "cpu_hours": 44.602}
180-18-14 X root-cube len 12 UNSAT 112.98s {"verdict": "in progress", "roots_done": "1/2", "leaves_unsat": 134, "leaves_pending": 86, "splits": 218, "cpu_hours": 44.633}
180-18-14 X root-cube len 11 SPLIT 600.17s {"verdict": "in progress", "roots_done": "1/2", "leaves_unsat": 134, "leaves_pending": 87, "splits": 219, "cpu_hours": 44.8}
180-18-14 X root-cube len 12 UNSAT 118.31s {"verdict": "in progress", "roots_done": "1/2", "leaves_unsat": 135, "leaves_pending": 86, "splits": 219, "cpu_hours": 44.833}
180-20-14 X root-cube len 11 SPLIT 600.13s {"verdict": "in progress", "roots_done": "1/2", "leaves_unsat": 123, "leaves_pending": 97, "splits": 218, "cpu_hours": 44.742}
180-18-14 X root-cube len 12 UNSAT 143.75s {"verdict": "in progress", "roots_done": "1/2", "leaves_unsat": 136, "leaves_pending": 85, "splits": 219, "cpu_hours": 44.873}
180-18-14 X root-cube len 12 UNSAT 339.09s {"verdict": "in progress", "roots_done": "1/2", "leaves_unsat": 137, "leaves_pending": 84, "splits": 219, "cpu_hours": 44.967}
180-18-14 X root-cube len 12 UNSAT 127.62s {"verdict": "in progress", "roots_done": "1/2", "leaves_unsat": 138, "leaves_pending": 83, "splits": 219, "cpu_hours": 45.002}
180-18-14 X root-cube len 12 UNSAT 340.44s {"verdict": "in progress", "roots_done": "1/2", "leaves_unsat": 139, "leaves_pending": 82, "splits": 219, "cpu_hours": 45.097}
180-18-14 X root-cube len 12 UNSAT 70.6s {"verdict": "in progress", "roots_done": "1/2", "leaves_unsat": 140, "leaves_pending": 81, "splits": 219, "cpu_hours": 45.117}
180-20-14 X root-cube len 11 SPLIT 600.15s {"verdict": "in progress", "roots_done": "1/2", "leaves_unsat": 123, "leaves_pending": 98, "splits": 219, "cpu_hours": 44.909}
180-20-14 X root-cube len 11 UNSAT 284.91s {"verdict": "in progress", "roots_done": "1/2", "leaves_unsat": 124, "leaves_pending": 97, "splits": 219, "cpu_hours": 44.988}
180-20-14 X root-cube len 11 SPLIT 600.16s {"verdict": "in progress", "roots_done": "1/2", "leaves_unsat": 124, "leaves_pending": 98, "splits": 220, "cpu_hours": 45.155}
180-20-14 X root-cube len 11 SPLIT 600.48s {"verdict": "in progress", "roots_done": "1/2", "leaves_unsat": 124, "leaves_pending": 99, "splits": 221, "cpu_hours": 45.321}
180-18-14 X root-cube len 12 UNSAT 151.11s {"verdict": "in progress", "roots_done": "1/2", "leaves_unsat": 141, "leaves_pending": 80, "splits": 219, "cpu_hours": 45.159}
180-18-14 X root-cube len 12 UNSAT 493.53s {"verdict": "in progress", "roots_done": "1/2", "leaves_unsat": 142, "leaves_pending": 79, "splits": 219, "cpu_hours": 45.296}
180-18-14 X root-cube len 12 UNSAT 380.47s {"verdict": "in progress", "roots_done": "1/2", "leaves_unsat": 143, "leaves_pending": 78, "splits": 219, "cpu_hours": 45.401}
180-18-14 X root-cube len 12 UNSAT 112.6s {"verdict": "in progress", "roots_done": "1/2", "leaves_unsat": 144, "leaves_pending": 77, "splits": 219, "cpu_hours": 45.433}
180-18-14 X root-cube len 12 UNSAT 330.84s {"verdict": "in progress", "roots_done": "1/2", "leaves_unsat": 145, "leaves_pending": 76, "splits": 219, "cpu_hours": 45.525}
180-20-14 X root-cube len 11 SPLIT 600.23s {"verdict": "in progress", "roots_done": "1/2", "leaves_unsat": 124, "leaves_pending": 100, "splits": 222, "cpu_hours": 45.488}
180-18-14 X root-cube len 12 UNSAT 480.97s {"verdict": "in progress", "roots_done": "1/2", "leaves_unsat": 146, "leaves_pending": 75, "splits": 219, "cpu_hours": 45.658}
180-20-14 X root-cube len 11 SPLIT 600.15s {"verdict": "in progress", "roots_done": "1/2", "leaves_unsat": 124, "leaves_pending": 101, "splits": 223, "cpu_hours": 45.655}
180-20-14 X root-cube len 11 SPLIT 600.19s {"verdict": "in progress", "roots_done": "1/2", "leaves_unsat": 124, "leaves_pending": 102, "splits": 224, "cpu_hours": 45.821}
180-20-14 X root-cube len 11 SPLIT 600.21s {"verdict": "in progress", "roots_done": "1/2", "leaves_unsat": 124, "leaves_pending": 103, "splits": 225, "cpu_hours": 45.988}
180-18-14 X root-cube len 12 UNSAT 444.86s {"verdict": "in progress", "roots_done": "1/2", "leaves_unsat": 147, "leaves_pending": 74, "splits": 219, "cpu_hours": 45.782}
180-18-14 X root-cube len 12 UNSAT 195.15s {"verdict": "in progress", "roots_done": "1/2", "leaves_unsat": 148, "leaves_pending": 73, "splits": 219, "cpu_hours": 45.836}
180-18-14 X root-cube len 12 SPLIT 600.12s {"verdict": "in progress", "roots_done": "1/2", "leaves_unsat": 148, "leaves_pending": 74, "splits": 220, "cpu_hours": 46.003}
180-18-14 X root-cube len 12 SPLIT 600.37s {"verdict": "in progress", "roots_done": "1/2", "leaves_unsat": 148, "leaves_pending": 75, "splits": 221, "cpu_hours": 46.169}
180-20-14 X root-cube len 12 UNSAT 192.72s {"verdict": "in progress", "roots_done": "1/2", "leaves_unsat": 125, "leaves_pending": 102, "splits": 225, "cpu_hours": 46.042}
180-18-14 X root-cube len 12 UNSAT 176.66s {"verdict": "in progress", "roots_done": "1/2", "leaves_unsat": 149, "leaves_pending": 74, "splits": 221, "cpu_hours": 46.218}
180-20-14 X root-cube len 11 SPLIT 600.19s {"verdict": "in progress", "roots_done": "1/2", "leaves_unsat": 125, "leaves_pending": 103, "splits": 226, "cpu_hours": 46.208}
180-20-14 X root-cube len 11 SPLIT 600.16s {"verdict": "in progress", "roots_done": "1/2", "leaves_unsat": 125, "leaves_pending": 104, "splits": 227, "cpu_hours": 46.375}
180-20-14 X root-cube len 11 SPLIT 600.14s {"verdict": "in progress", "roots_done": "1/2", "leaves_unsat": 125, "leaves_pending": 105, "splits": 228, "cpu_hours": 46.542}
180-20-14 X root-cube len 12 UNSAT 147.28s {"verdict": "in progress", "roots_done": "1/2", "leaves_unsat": 126, "leaves_pending": 104, "splits": 228, "cpu_hours": 46.583}
180-18-14 X root-cube len 12 SPLIT 600.22s {"verdict": "in progress", "roots_done": "1/2", "leaves_unsat": 149, "leaves_pending": 75, "splits": 222, "cpu_hours": 46.385}
180-18-14 X root-cube len 12 UNSAT 457.11s {"verdict": "in progress", "roots_done": "1/2", "leaves_unsat": 150, "leaves_pending": 74, "splits": 222, "cpu_hours": 46.512}
180-18-14 X root-cube len 12 UNSAT 114.49s {"verdict": "in progress", "roots_done": "1/2", "leaves_unsat": 151, "leaves_pending": 73, "splits": 222, "cpu_hours": 46.544}
180-18-14 X root-cube len 12 SPLIT 600.13s {"verdict": "in progress", "roots_done": "1/2", "leaves_unsat": 151, "leaves_pending": 74, "splits": 223, "cpu_hours": 46.711}
180-20-14 X root-cube len 12 UNSAT 196.18s {"verdict": "in progress", "roots_done": "1/2", "leaves_unsat": 127, "leaves_pending": 103, "splits": 228, "cpu_hours": 46.637}
180-20-14 X root-cube len 12 SPLIT 600.19s {"verdict": "in progress", "roots_done": "1/2", "leaves_unsat": 127, "leaves_pending": 104, "splits": 229, "cpu_hours": 46.804}
180-18-14 X root-cube len 12 UNSAT 94.59s {"verdict": "in progress", "roots_done": "1/2", "leaves_unsat": 152, "leaves_pending": 73, "splits": 223, "cpu_hours": 46.737}
180-18-14 X root-cube len 12 SPLIT 600.18s {"verdict": "in progress", "roots_done": "1/2", "leaves_unsat": 152, "leaves_pending": 74, "splits": 224, "cpu_hours": 46.904}
180-18-14 X root-cube len 12 UNSAT 104.67s {"verdict": "in progress", "roots_done": "1/2", "leaves_unsat": 153, "leaves_pending": 73, "splits": 224, "cpu_hours": 46.933}
180-20-14 X root-cube len 12 UNSAT 418.57s {"verdict": "in progress", "roots_done": "1/2", "leaves_unsat": 128, "leaves_pending": 103, "splits": 229, "cpu_hours": 46.92}
180-20-14 X root-cube len 12 UNSAT 206.19s {"verdict": "in progress", "roots_done": "1/2", "leaves_unsat": 129, "leaves_pending": 102, "splits": 229, "cpu_hours": 46.978}
180-18-14 X root-cube len 12 UNSAT 392.73s {"verdict": "in progress", "roots_done": "1/2", "leaves_unsat": 154, "leaves_pending": 72, "splits": 224, "cpu_hours": 47.042}
180-18-14 X root-cube len 12 UNSAT 131.27s {"verdict": "in progress", "roots_done": "1/2", "leaves_unsat": 155, "leaves_pending": 71, "splits": 224, "cpu_hours": 47.078}
180-20-14 X root-cube len 12 UNSAT 123.43s {"verdict": "in progress", "roots_done": "1/2", "leaves_unsat": 130, "leaves_pending": 101, "splits": 229, "cpu_hours": 47.012}
180-18-14 X root-cube len 12 UNSAT 66.38s {"verdict": "in progress", "roots_done": "1/2", "leaves_unsat": 156, "leaves_pending": 70, "splits": 224, "cpu_hours": 47.097}
180-20-14 X root-cube len 12 UNSAT 113.55s {"verdict": "in progress", "roots_done": "1/2", "leaves_unsat": 131, "leaves_pending": 100, "splits": 229, "cpu_hours": 47.043}
180-20-14 X root-cube len 12 UNSAT 598.84s {"verdict": "in progress", "roots_done": "1/2", "leaves_unsat": 132, "leaves_pending": 99, "splits": 229, "cpu_hours": 47.21}
180-18-14 X root-cube len 12 SPLIT 600.24s {"verdict": "in progress", "roots_done": "1/2", "leaves_unsat": 156, "leaves_pending": 71, "splits": 225, "cpu_hours": 47.263}
180-20-14 X root-cube len 12 SPLIT 600.13s {"verdict": "in progress", "roots_done": "1/2", "leaves_unsat": 132, "leaves_pending": 100, "splits": 230, "cpu_hours": 47.376}
180-20-14 X root-cube len 12 UNSAT 208.86s {"verdict": "in progress", "roots_done": "1/2", "leaves_unsat": 133, "leaves_pending": 99, "splits": 230, "cpu_hours": 47.434}
180-18-14 X root-cube len 12 SPLIT 600.13s {"verdict": "in progress", "roots_done": "1/2", "leaves_unsat": 156, "leaves_pending": 72, "splits": 226, "cpu_hours": 47.43}
180-20-14 X root-cube len 12 SPLIT 600.42s {"verdict": "in progress", "roots_done": "1/2", "leaves_unsat": 133, "leaves_pending": 100, "splits": 231, "cpu_hours": 47.601}
180-18-14 X root-cube len 12 SPLIT 600.19s {"verdict": "in progress", "roots_done": "1/2", "leaves_unsat": 156, "leaves_pending": 73, "splits": 227, "cpu_hours": 47.597}
180-18-14 X root-cube len 12 UNSAT 325.46s {"verdict": "in progress", "roots_done": "1/2", "leaves_unsat": 157, "leaves_pending": 72, "splits": 227, "cpu_hours": 47.687}
180-18-14 X root-cube len 12 UNSAT 77.03s {"verdict": "in progress", "roots_done": "1/2", "leaves_unsat": 158, "leaves_pending": 71, "splits": 227, "cpu_hours": 47.709}
180-18-14 X root-cube len 12 SPLIT 600.16s {"verdict": "in progress", "roots_done": "1/2", "leaves_unsat": 158, "leaves_pending": 72, "splits": 228, "cpu_hours": 47.875}
180-18-14 X root-cube len 12 UNSAT 74.11s {"verdict": "in progress", "roots_done": "1/2", "leaves_unsat": 159, "leaves_pending": 71, "splits": 228, "cpu_hours": 47.896}
180-20-14 X root-cube len 12 SPLIT 600.13s {"verdict": "in progress", "roots_done": "1/2", "leaves_unsat": 133, "leaves_pending": 101, "splits": 232, "cpu_hours": 47.768}
180-18-14 X root-cube len 12 UNSAT 63.2s {"verdict": "in progress", "roots_done": "1/2", "leaves_unsat": 160, "leaves_pending": 70, "splits": 228, "cpu_hours": 47.914}
180-20-14 X root-cube len 12 UNSAT 189.26s {"verdict": "in progress", "roots_done": "1/2", "leaves_unsat": 134, "leaves_pending": 100, "splits": 232, "cpu_hours": 47.82}
180-20-14 X root-cube len 12 SPLIT 600.17s {"verdict": "in progress", "roots_done": "1/2", "leaves_unsat": 134, "leaves_pending": 101, "splits": 233, "cpu_hours": 47.987}
180-20-14 X root-cube len 12 SPLIT 600.22s {"verdict": "in progress", "roots_done": "1/2", "leaves_unsat": 134, "leaves_pending": 102, "splits": 234, "cpu_hours": 48.154}
180-18-14 X root-cube len 12 SPLIT 600.36s {"verdict": "in progress", "roots_done": "1/2", "leaves_unsat": 160, "leaves_pending": 71, "splits": 229, "cpu_hours": 48.08}
180-20-14 X root-cube len 12 UNSAT 134.33s {"verdict": "in progress", "roots_done": "1/2", "leaves_unsat": 135, "leaves_pending": 101, "splits": 234, "cpu_hours": 48.191}
180-18-14 X root-cube len 12 UNSAT 101.49s {"verdict": "in progress", "roots_done": "1/2", "leaves_unsat": 161, "leaves_pending": 70, "splits": 229, "cpu_hours": 48.109}
180-20-14 X root-cube len 12 SPLIT 600.16s {"verdict": "in progress", "roots_done": "1/2", "leaves_unsat": 135, "leaves_pending": 102, "splits": 235, "cpu_hours": 48.358}
180-18-14 X root-cube len 12 UNSAT 533.16s {"verdict": "in progress", "roots_done": "1/2", "leaves_unsat": 162, "leaves_pending": 69, "splits": 229, "cpu_hours": 48.257}
180-18-14 X root-cube len 12 UNSAT 525.5s {"verdict": "in progress", "roots_done": "1/2", "leaves_unsat": 163, "leaves_pending": 68, "splits": 229, "cpu_hours": 48.403}
180-18-14 X root-cube len 12 UNSAT 88.81s {"verdict": "in progress", "roots_done": "1/2", "leaves_unsat": 164, "leaves_pending": 67, "splits": 229, "cpu_hours": 48.427}
180-18-14 X root-cube len 12 UNSAT 463.39s {"verdict": "in progress", "roots_done": "1/2", "leaves_unsat": 165, "leaves_pending": 66, "splits": 229, "cpu_hours": 48.556}
180-20-14 X root-cube len 12 UNSAT 344.16s {"verdict": "in progress", "roots_done": "1/2", "leaves_unsat": 136, "leaves_pending": 101, "splits": 235, "cpu_hours": 48.454}
180-20-14 X root-cube len 12 UNSAT 231.08s {"verdict": "in progress", "roots_done": "1/2", "leaves_unsat": 137, "leaves_pending": 100, "splits": 235, "cpu_hours": 48.518}
180-20-14 X root-cube len 12 UNSAT 148.09s {"verdict": "in progress", "roots_done": "1/2", "leaves_unsat": 138, "leaves_pending": 99, "splits": 235, "cpu_hours": 48.559}
180-20-14 X root-cube len 12 SPLIT 600.17s {"verdict": "in progress", "roots_done": "1/2", "leaves_unsat": 138, "leaves_pending": 100, "splits": 236, "cpu_hours": 48.726}
180-18-14 X root-cube len 12 UNSAT 385.02s {"verdict": "in progress", "roots_done": "1/2", "leaves_unsat": 166, "leaves_pending": 65, "splits": 229, "cpu_hours": 48.663}
180-20-14 X root-cube len 12 UNSAT 208.57s {"verdict": "in progress", "roots_done": "1/2", "leaves_unsat": 139, "leaves_pending": 99, "splits": 236, "cpu_hours": 48.784}
180-18-14 X root-cube len 12 UNSAT 519.78s {"verdict": "in progress", "roots_done": "1/2", "leaves_unsat": 167, "leaves_pending": 64, "splits": 229, "cpu_hours": 48.807}
180-20-14 X root-cube len 12 SPLIT 600.22s {"verdict": "in progress", "roots_done": "1/2", "leaves_unsat": 139, "leaves_pending": 100, "splits": 237, "cpu_hours": 48.95}
180-18-14 X root-cube len 12 UNSAT 567.0s {"verdict": "in progress", "roots_done": "1/2", "leaves_unsat": 168, "leaves_pending": 63, "splits": 229, "cpu_hours": 48.965}
180-18-14 X root-cube len 12 UNSAT 155.06s {"verdict": "in progress", "roots_done": "1/2", "leaves_unsat": 169, "leaves_pending": 62, "splits": 229, "cpu_hours": 49.008}
180-20-14 X root-cube len 12 UNSAT 210.32s {"verdict": "in progress", "roots_done": "1/2", "leaves_unsat": 140, "leaves_pending": 99, "splits": 237, "cpu_hours": 49.009}
180-18-14 X root-cube len 12 SPLIT 600.14s {"verdict": "in progress", "roots_done": "1/2", "leaves_unsat": 169, "leaves_pending": 63, "splits": 230, "cpu_hours": 49.175}
180-18-14 X root-cube len 12 UNSAT 115.01s {"verdict": "in progress", "roots_done": "1/2", "leaves_unsat": 170, "leaves_pending": 62, "splits": 230, "cpu_hours": 49.207}
180-20-14 X root-cube len 12 SPLIT 600.18s {"verdict": "in progress", "roots_done": "1/2", "leaves_unsat": 140, "leaves_pending": 100, "splits": 238, "cpu_hours": 49.175}
180-18-14 X root-cube len 12 UNSAT 62.39s {"verdict": "in progress", "roots_done": "1/2", "leaves_unsat": 171, "leaves_pending": 61, "splits": 230, "cpu_hours": 49.224}
180-18-14 X root-cube len 12 UNSAT 74.11s {"verdict": "in progress", "roots_done": "1/2", "leaves_unsat": 172, "leaves_pending": 60, "splits": 230, "cpu_hours": 49.244}
180-20-14 X root-cube len 12 UNSAT 244.98s {"verdict": "in progress", "roots_done": "1/2", "leaves_unsat": 141, "leaves_pending": 99, "splits": 238, "cpu_hours": 49.243}
180-18-14 X root-cube len 12 UNSAT 478.22s {"verdict": "in progress", "roots_done": "1/2", "leaves_unsat": 173, "leaves_pending": 59, "splits": 230, "cpu_hours": 49.377}
180-20-14 X root-cube len 12 SPLIT 600.36s {"verdict": "in progress", "roots_done": "1/2", "leaves_unsat": 141, "leaves_pending": 100, "splits": 239, "cpu_hours": 49.41}
180-18-14 X root-cube len 12 UNSAT 101.78s {"verdict": "in progress", "roots_done": "1/2", "leaves_unsat": 174, "leaves_pending": 58, "splits": 230, "cpu_hours": 49.406}
180-20-14 X root-cube len 12 UNSAT 235.38s {"verdict": "in progress", "roots_done": "1/2", "leaves_unsat": 142, "leaves_pending": 99, "splits": 239, "cpu_hours": 49.476}
180-20-14 X root-cube len 12 SPLIT 600.16s {"verdict": "in progress", "roots_done": "1/2", "leaves_unsat": 142, "leaves_pending": 100, "splits": 240, "cpu_hours": 49.642}
180-18-14 X root-cube len 12 UNSAT 553.14s {"verdict": "in progress", "roots_done": "1/2", "leaves_unsat": 175, "leaves_pending": 57, "splits": 230, "cpu_hours": 49.559}
180-18-14 X root-cube len 12 SPLIT 600.14s {"verdict": "in progress", "roots_done": "1/2", "leaves_unsat": 175, "leaves_pending": 58, "splits": 231, "cpu_hours": 49.726}
180-20-14 X root-cube len 12 SPLIT 600.15s {"verdict": "in progress", "roots_done": "1/2", "leaves_unsat": 142, "leaves_pending": 101, "splits": 241, "cpu_hours": 49.809}
180-18-14 X root-cube len 12 UNSAT 566.85s {"verdict": "in progress", "roots_done": "1/2", "leaves_unsat": 176, "leaves_pending": 57, "splits": 231, "cpu_hours": 49.883}
180-20-14 X root-cube len 12 UNSAT 246.66s {"verdict": "in progress", "roots_done": "1/2", "leaves_unsat": 143, "leaves_pending": 100, "splits": 241, "cpu_hours": 49.878}
180-18-14 X root-cube len 12 UNSAT 118.43s {"verdict": "in progress", "roots_done": "1/2", "leaves_unsat": 177, "leaves_pending": 56, "splits": 231, "cpu_hours": 49.916}
180-18-14 X root-cube len 12 UNSAT 358.87s {"verdict": "in progress", "roots_done": "1/2", "leaves_unsat": 178, "leaves_pending": 55, "splits": 231, "cpu_hours": 50.016}
180-18-14 X root-cube len 12 UNSAT 63.79s {"verdict": "in progress", "roots_done": "1/2", "leaves_unsat": 179, "leaves_pending": 54, "splits": 231, "cpu_hours": 50.034}
180-20-14 X root-cube len 12 SPLIT 600.2s {"verdict": "in progress", "roots_done": "1/2", "leaves_unsat": 143, "leaves_pending": 101, "splits": 242, "cpu_hours": 50.044}
180-18-14 X root-cube len 12 SPLIT 600.13s {"verdict": "in progress", "roots_done": "1/2", "leaves_unsat": 179, "leaves_pending": 55, "splits": 232, "cpu_hours": 50.2}
180-20-14 X root-cube len 12 SPLIT 600.19s {"verdict": "in progress", "roots_done": "1/2", "leaves_unsat": 143, "leaves_pending": 102, "splits": 243, "cpu_hours": 50.211}
180-18-14 X root-cube len 12 UNSAT 182.37s {"verdict": "in progress", "roots_done": "1/2", "leaves_unsat": 180, "leaves_pending": 54, "splits": 232, "cpu_hours": 50.251}
180-20-14 X root-cube len 12 UNSAT 225.27s {"verdict": "in progress", "roots_done": "1/2", "leaves_unsat": 144, "leaves_pending": 101, "splits": 243, "cpu_hours": 50.274}
180-18-14 X root-cube len 12 SPLIT 600.17s {"verdict": "in progress", "roots_done": "1/2", "leaves_unsat": 180, "leaves_pending": 55, "splits": 233, "cpu_hours": 50.418}
180-20-14 X root-cube len 12 UNSAT 589.28s {"verdict": "in progress", "roots_done": "1/2", "leaves_unsat": 145, "leaves_pending": 100, "splits": 243, "cpu_hours": 50.437}
180-20-14 X root-cube len 12 SPLIT 600.55s {"verdict": "in progress", "roots_done": "1/2", "leaves_unsat": 145, "leaves_pending": 101, "splits": 244, "cpu_hours": 50.604}
180-20-14 X root-cube len 12 UNSAT 233.1s {"verdict": "in progress", "roots_done": "1/2", "leaves_unsat": 146, "leaves_pending": 100, "splits": 244, "cpu_hours": 50.669}
180-18-14 X root-cube len 12 SPLIT 600.16s {"verdict": "in progress", "roots_done": "1/2", "leaves_unsat": 180, "leaves_pending": 56, "splits": 234, "cpu_hours": 50.584}
180-18-14 X root-cube len 12 UNSAT 543.8s {"verdict": "in progress", "roots_done": "1/2", "leaves_unsat": 181, "leaves_pending": 55, "splits": 234, "cpu_hours": 50.736}
180-20-14 X root-cube len 12 UNSAT 229.15s {"verdict": "in progress", "roots_done": "1/2", "leaves_unsat": 147, "leaves_pending": 99, "splits": 244, "cpu_hours": 50.732}
180-18-14 X root-cube len 12 UNSAT 111.71s {"verdict": "in progress", "roots_done": "1/2", "leaves_unsat": 182, "leaves_pending": 54, "splits": 234, "cpu_hours": 50.767}
180-18-14 X root-cube len 12 UNSAT 481.47s {"verdict": "in progress", "roots_done": "1/2", "leaves_unsat": 183, "leaves_pending": 53, "splits": 234, "cpu_hours": 50.9}
180-20-14 X root-cube len 12 SPLIT 600.22s {"verdict": "in progress", "roots_done": "1/2", "leaves_unsat": 147, "leaves_pending": 100, "splits": 245, "cpu_hours": 50.899}
180-18-14 X root-cube len 12 UNSAT 89.94s {"verdict": "in progress", "roots_done": "1/2", "leaves_unsat": 184, "leaves_pending": 52, "splits": 234, "cpu_hours": 50.925}
180-18-14 X root-cube len 12 UNSAT 539.18s {"verdict": "in progress", "roots_done": "1/2", "leaves_unsat": 185, "leaves_pending": 51, "splits": 234, "cpu_hours": 51.075}
180-20-14 X root-cube len 12 UNSAT 235.44s {"verdict": "in progress", "roots_done": "1/2", "leaves_unsat": 148, "leaves_pending": 99, "splits": 245, "cpu_hours": 50.965}
180-20-14 X root-cube len 12 SPLIT 600.16s {"verdict": "in progress", "roots_done": "1/2", "leaves_unsat": 148, "leaves_pending": 100, "splits": 246, "cpu_hours": 51.131}
180-18-14 X root-cube len 12 UNSAT 121.05s {"verdict": "in progress", "roots_done": "1/2", "leaves_unsat": 186, "leaves_pending": 50, "splits": 234, "cpu_hours": 51.109}
180-20-14 X root-cube len 12 SPLIT 600.15s {"verdict": "in progress", "roots_done": "1/2", "leaves_unsat": 148, "leaves_pending": 101, "splits": 247, "cpu_hours": 51.298}
180-20-14 X root-cube len 12 UNSAT 237.11s {"verdict": "in progress", "roots_done": "1/2", "leaves_unsat": 149, "leaves_pending": 100, "splits": 247, "cpu_hours": 51.364}
180-18-14 X root-cube len 12 SPLIT 600.27s {"verdict": "in progress", "roots_done": "1/2", "leaves_unsat": 186, "leaves_pending": 51, "splits": 235, "cpu_hours": 51.275}
180-18-14 X root-cube len 12 UNSAT 595.32s {"verdict": "in progress", "roots_done": "1/2", "leaves_unsat": 187, "leaves_pending": 50, "splits": 235, "cpu_hours": 51.441}
180-20-14 X root-cube len 12 UNSAT 245.29s {"verdict": "in progress", "roots_done": "1/2", "leaves_unsat": 150, "leaves_pending": 99, "splits": 247, "cpu_hours": 51.432}
180-20-14 X root-cube len 12 SPLIT 600.29s {"verdict": "in progress", "roots_done": "1/2", "leaves_unsat": 150, "leaves_pending": 100, "splits": 248, "cpu_hours": 51.599}
180-18-14 X root-cube len 12 SPLIT 600.15s {"verdict": "in progress", "roots_done": "1/2", "leaves_unsat": 187, "leaves_pending": 51, "splits": 236, "cpu_hours": 51.608}
180-18-14 X root-cube len 12 UNSAT 71.38s {"verdict": "in progress", "roots_done": "1/2", "leaves_unsat": 188, "leaves_pending": 50, "splits": 236, "cpu_hours": 51.627}
180-20-14 X root-cube len 12 SPLIT 600.15s {"verdict": "in progress", "roots_done": "1/2", "leaves_unsat": 150, "leaves_pending": 101, "splits": 249, "cpu_hours": 51.765}
180-18-14 X root-cube len 12 SPLIT 600.48s {"verdict": "in progress", "roots_done": "1/2", "leaves_unsat": 188, "leaves_pending": 51, "splits": 237, "cpu_hours": 51.794}
180-20-14 X root-cube len 12 SPLIT 600.2s {"verdict": "in progress", "roots_done": "1/2", "leaves_unsat": 150, "leaves_pending": 102, "splits": 250, "cpu_hours": 51.932}
180-18-14 X root-cube len 12 SPLIT 600.16s {"verdict": "in progress", "roots_done": "1/2", "leaves_unsat": 188, "leaves_pending": 52, "splits": 238, "cpu_hours": 51.961}
180-18-14 X root-cube len 12 UNSAT 204.66s {"verdict": "in progress", "roots_done": "1/2", "leaves_unsat": 189, "leaves_pending": 51, "splits": 238, "cpu_hours": 52.018}
180-20-14 X root-cube len 12 UNSAT 273.07s {"verdict": "in progress", "roots_done": "1/2", "leaves_unsat": 151, "leaves_pending": 101, "splits": 250, "cpu_hours": 52.008}
180-18-14 X root-cube len 12 SPLIT 600.19s {"verdict": "in progress", "roots_done": "1/2", "leaves_unsat": 189, "leaves_pending": 52, "splits": 239, "cpu_hours": 52.184}
180-20-14 X root-cube len 12 SPLIT 600.19s {"verdict": "in progress", "roots_done": "1/2", "leaves_unsat": 151, "leaves_pending": 102, "splits": 251, "cpu_hours": 52.175}
180-18-14 X root-cube len 12 UNSAT 464.34s {"verdict": "in progress", "roots_done": "1/2", "leaves_unsat": 190, "leaves_pending": 51, "splits": 239, "cpu_hours": 52.313}
180-20-14 X root-cube len 12 SPLIT 600.13s {"verdict": "in progress", "roots_done": "1/2", "leaves_unsat": 151, "leaves_pending": 103, "splits": 252, "cpu_hours": 52.341}
180-18-14 X root-cube len 12 UNSAT 130.08s {"verdict": "in progress", "roots_done": "1/2", "leaves_unsat": 191, "leaves_pending": 50, "splits": 239, "cpu_hours": 52.35}
180-20-14 X root-cube len 12 UNSAT 326.46s {"verdict": "in progress", "roots_done": "1/2", "leaves_unsat": 152, "leaves_pending": 102, "splits": 252, "cpu_hours": 52.432}
180-20-14 X root-cube len 12 UNSAT 224.66s {"verdict": "in progress", "roots_done": "1/2", "leaves_unsat": 153, "leaves_pending": 101, "splits": 252, "cpu_hours": 52.495}
180-18-14 X root-cube len 12 UNSAT 457.16s {"verdict": "in progress", "roots_done": "1/2", "leaves_unsat": 192, "leaves_pending": 49, "splits": 239, "cpu_hours": 52.477}
180-20-14 X root-cube len 12 SPLIT 600.15s {"verdict": "in progress", "roots_done": "1/2", "leaves_unsat": 153, "leaves_pending": 102, "splits": 253, "cpu_hours": 52.661}
180-18-14 X root-cube len 12 SPLIT 600.17s {"verdict": "in progress", "roots_done": "1/2", "leaves_unsat": 192, "leaves_pending": 50, "splits": 240, "cpu_hours": 52.643}
180-20-14 X root-cube len 12 UNSAT 208.83s {"verdict": "in progress", "roots_done": "1/2", "leaves_unsat": 154, "leaves_pending": 101, "splits": 253, "cpu_hours": 52.719}
180-18-14 X root-cube len 12 SPLIT 600.14s {"verdict": "in progress", "roots_done": "1/2", "leaves_unsat": 192, "leaves_pending": 51, "splits": 241, "cpu_hours": 52.81}
180-20-14 X root-cube len 12 SPLIT 600.21s {"verdict": "in progress", "roots_done": "1/2", "leaves_unsat": 154, "leaves_pending": 102, "splits": 254, "cpu_hours": 52.886}
180-20-14 X root-cube len 12 UNSAT 212.88s {"verdict": "in progress", "roots_done": "1/2", "leaves_unsat": 155, "leaves_pending": 101, "splits": 254, "cpu_hours": 52.945}
180-18-14 X root-cube len 12 SPLIT 600.25s {"verdict": "in progress", "roots_done": "1/2", "leaves_unsat": 192, "leaves_pending": 52, "splits": 242, "cpu_hours": 52.977}
180-20-14 X root-cube len 12 SPLIT 600.17s {"verdict": "in progress", "roots_done": "1/2", "leaves_unsat": 155, "leaves_pending": 102, "splits": 255, "cpu_hours": 53.112}
180-18-14 X root-cube len 12 UNSAT 586.55s {"verdict": "in progress", "roots_done": "1/2", "leaves_unsat": 193, "leaves_pending": 51, "splits": 242, "cpu_hours": 53.14}
180-20-14 X root-cube len 12 SPLIT 600.21s {"verdict": "in progress", "roots_done": "1/2", "leaves_unsat": 155, "leaves_pending": 103, "splits": 256, "cpu_hours": 53.279}
180-18-14 X root-cube len 12 SPLIT 600.22s {"verdict": "in progress", "roots_done": "1/2", "leaves_unsat": 193, "leaves_pending": 52, "splits": 243, "cpu_hours": 53.306}
180-18-14 X root-cube len 12 UNSAT 544.98s {"verdict": "in progress", "roots_done": "1/2", "leaves_unsat": 194, "leaves_pending": 51, "splits": 243, "cpu_hours": 53.458}
180-20-14 X root-cube len 12 SPLIT 600.18s {"verdict": "in progress", "roots_done": "1/2", "leaves_unsat": 155, "leaves_pending": 104, "splits": 257, "cpu_hours": 53.445}
180-18-14 X root-cube len 13 UNSAT 138.61s {"verdict": "in progress", "roots_done": "1/2", "leaves_unsat": 195, "leaves_pending": 50, "splits": 243, "cpu_hours": 53.496}
180-20-14 X root-cube len 12 UNSAT 228.8s {"verdict": "in progress", "roots_done": "1/2", "leaves_unsat": 156, "leaves_pending": 103, "splits": 257, "cpu_hours": 53.509}
180-20-14 X root-cube len 12 SPLIT 600.16s {"verdict": "in progress", "roots_done": "1/2", "leaves_unsat": 156, "leaves_pending": 104, "splits": 258, "cpu_hours": 53.676}
180-18-14 X root-cube len 12 SPLIT 600.19s {"verdict": "in progress", "roots_done": "1/2", "leaves_unsat": 195, "leaves_pending": 51, "splits": 244, "cpu_hours": 53.663}
180-20-14 X root-cube len 12 SPLIT 600.15s {"verdict": "in progress", "roots_done": "1/2", "leaves_unsat": 156, "leaves_pending": 105, "splits": 259, "cpu_hours": 53.842}
180-20-14 X root-cube len 12 UNSAT 246.82s {"verdict": "in progress", "roots_done": "1/2", "leaves_unsat": 157, "leaves_pending": 104, "splits": 259, "cpu_hours": 53.911}
180-18-14 X root-cube len 12 SPLIT 600.23s {"verdict": "in progress", "roots_done": "1/2", "leaves_unsat": 195, "leaves_pending": 52, "splits": 245, "cpu_hours": 53.83}
180-20-14 X root-cube len 12 UNSAT 133.53s {"verdict": "in progress", "roots_done": "1/2", "leaves_unsat": 158, "leaves_pending": 103, "splits": 259, "cpu_hours": 53.948}
180-18-14 X root-cube len 12 SPLIT 600.18s {"verdict": "in progress", "roots_done": "1/2", "leaves_unsat": 195, "leaves_pending": 53, "splits": 246, "cpu_hours": 53.996}
180-18-14 X root-cube len 13 UNSAT 336.83s {"verdict": "in progress", "roots_done": "1/2", "leaves_unsat": 196, "leaves_pending": 52, "splits": 246, "cpu_hours": 54.09}
180-18-14 X root-cube len 13 UNSAT 89.11s {"verdict": "in progress", "roots_done": "1/2", "leaves_unsat": 197, "leaves_pending": 51, "splits": 246, "cpu_hours": 54.115}
180-18-14 X root-cube len 13 UNSAT 78.52s {"verdict": "in progress", "roots_done": "1/2", "leaves_unsat": 198, "leaves_pending": 50, "splits": 246, "cpu_hours": 54.137}
180-20-14 X root-cube len 12 SPLIT 600.15s {"verdict": "in progress", "roots_done": "1/2", "leaves_unsat": 158, "leaves_pending": 104, "splits": 260, "cpu_hours": 54.115}
180-20-14 X root-cube len 12 UNSAT 259.69s {"verdict": "in progress", "roots_done": "1/2", "leaves_unsat": 159, "leaves_pending": 103, "splits": 260, "cpu_hours": 54.187}
180-18-14 X root-cube len 13 SPLIT 600.2s {"verdict": "in progress", "roots_done": "1/2", "leaves_unsat": 198, "leaves_pending": 51, "splits": 247, "cpu_hours": 54.303}
180-20-14 X root-cube len 12 SPLIT 600.18s {"verdict": "in progress", "roots_done": "1/2", "leaves_unsat": 159, "leaves_pending": 104, "splits": 261, "cpu_hours": 54.353}
180-20-14 X root-cube len 12 UNSAT 228.44s {"verdict": "in progress", "roots_done": "1/2", "leaves_unsat": 160, "leaves_pending": 103, "splits": 261, "cpu_hours": 54.417}
180-20-14 X root-cube len 12 SPLIT 600.21s {"verdict": "in progress", "roots_done": "1/2", "leaves_unsat": 160, "leaves_pending": 104, "splits": 262, "cpu_hours": 54.584}
180-18-14 X root-cube len 13 SPLIT 600.22s {"verdict": "in progress", "roots_done": "1/2", "leaves_unsat": 198, "leaves_pending": 52, "splits": 248, "cpu_hours": 54.47}
180-18-14 X root-cube len 13 UNSAT 453.61s {"verdict": "in progress", "roots_done": "1/2", "leaves_unsat": 199, "leaves_pending": 51, "splits": 248, "cpu_hours": 54.596}
180-18-14 X root-cube len 13 UNSAT 416.2s {"verdict": "in progress", "roots_done": "1/2", "leaves_unsat": 200, "leaves_pending": 50, "splits": 248, "cpu_hours": 54.712}
180-18-14 X root-cube len 13 SPLIT 600.44s {"verdict": "in progress", "roots_done": "1/2", "leaves_unsat": 200, "leaves_pending": 51, "splits": 249, "cpu_hours": 54.878}
180-20-14 X root-cube len 12 SPLIT 600.17s {"verdict": "in progress", "roots_done": "1/2", "leaves_unsat": 160, "leaves_pending": 105, "splits": 263, "cpu_hours": 54.75}
180-18-14 X root-cube len 13 UNSAT 205.84s {"verdict": "in progress", "roots_done": "1/2", "leaves_unsat": 201, "leaves_pending": 50, "splits": 249, "cpu_hours": 54.936}
180-20-14 X root-cube len 12 SPLIT 600.18s {"verdict": "in progress", "roots_done": "1/2", "leaves_unsat": 160, "leaves_pending": 106, "splits": 264, "cpu_hours": 54.917}
180-20-14 X root-cube len 12 UNSAT 124.68s {"verdict": "in progress", "roots_done": "1/2", "leaves_unsat": 161, "leaves_pending": 105, "splits": 264, "cpu_hours": 54.952}
180-18-14 X root-cube len 13 UNSAT 246.08s {"verdict": "in progress", "roots_done": "1/2", "leaves_unsat": 202, "leaves_pending": 49, "splits": 249, "cpu_hours": 55.004}
180-20-14 X root-cube len 12 SPLIT 600.18s {"verdict": "in progress", "roots_done": "1/2", "leaves_unsat": 161, "leaves_pending": 106, "splits": 265, "cpu_hours": 55.118}
180-20-14 X root-cube len 12 SPLIT 600.19s {"verdict": "in progress", "roots_done": "1/2", "leaves_unsat": 161, "leaves_pending": 107, "splits": 266, "cpu_hours": 55.285}
180-20-14 X root-cube len 12 UNSAT 169.9s {"verdict": "in progress", "roots_done": "1/2", "leaves_unsat": 162, "leaves_pending": 106, "splits": 266, "cpu_hours": 55.332}
180-18-14 X root-cube len 13 SPLIT 600.18s {"verdict": "in progress", "roots_done": "1/2", "leaves_unsat": 202, "leaves_pending": 50, "splits": 250, "cpu_hours": 55.171}
180-18-14 X root-cube len 13 UNSAT 216.44s {"verdict": "in progress", "roots_done": "1/2", "leaves_unsat": 203, "leaves_pending": 49, "splits": 250, "cpu_hours": 55.231}
180-18-14 X root-cube len 13 SPLIT 600.19s {"verdict": "in progress", "roots_done": "1/2", "leaves_unsat": 203, "leaves_pending": 50, "splits": 251, "cpu_hours": 55.397}
180-20-14 X root-cube len 12 UNSAT 216.55s {"verdict": "in progress", "roots_done": "1/2", "leaves_unsat": 163, "leaves_pending": 105, "splits": 266, "cpu_hours": 55.392}
180-18-14 X root-cube len 13 UNSAT 243.93s {"verdict": "in progress", "roots_done": "1/2", "leaves_unsat": 204, "leaves_pending": 49, "splits": 251, "cpu_hours": 55.465}
180-18-14 X root-cube len 13 SPLIT 600.18s {"verdict": "in progress", "roots_done": "1/2", "leaves_unsat": 204, "leaves_pending": 50, "splits": 252, "cpu_hours": 55.632}
180-20-14 X root-cube len 12 UNSAT 212.48s {"verdict": "in progress", "roots_done": "1/2", "leaves_unsat": 164, "leaves_pending": 104, "splits": 266, "cpu_hours": 55.452}
180-20-14 X root-cube len 12 SPLIT 600.17s {"verdict": "in progress", "roots_done": "1/2", "leaves_unsat": 164, "leaves_pending": 105, "splits": 267, "cpu_hours": 55.618}
180-18-14 X root-cube len 13 UNSAT 486.94s {"verdict": "in progress", "roots_done": "1/2", "leaves_unsat": 205, "leaves_pending": 49, "splits": 252, "cpu_hours": 55.767}
180-20-14 X root-cube len 12 SPLIT 600.19s {"verdict": "in progress", "roots_done": "1/2", "leaves_unsat": 164, "leaves_pending": 106, "splits": 268, "cpu_hours": 55.785}
180-20-14 X root-cube len 12 SPLIT 600.14s {"verdict": "in progress", "roots_done": "1/2", "leaves_unsat": 164, "leaves_pending": 107, "splits": 269, "cpu_hours": 55.952}
180-18-14 X root-cube len 13 UNSAT 431.68s {"verdict": "in progress", "roots_done": "1/2", "leaves_unsat": 206, "leaves_pending": 48, "splits": 252, "cpu_hours": 55.887}
180-18-14 X root-cube len 13 SPLIT 600.2s {"verdict": "in progress", "roots_done": "1/2", "leaves_unsat": 206, "leaves_pending": 49, "splits": 253, "cpu_hours": 56.054}
180-20-14 X root-cube len 12 UNSAT 196.22s {"verdict": "in progress", "roots_done": "1/2", "leaves_unsat": 165, "leaves_pending": 106, "splits": 269, "cpu_hours": 56.006}
180-18-14 X root-cube len 13 UNSAT 101.37s {"verdict": "in progress", "roots_done": "1/2", "leaves_unsat": 207, "leaves_pending": 48, "splits": 253, "cpu_hours": 56.082}
180-18-14 X root-cube len 13 SPLIT 600.2s {"verdict": "in progress", "roots_done": "1/2", "leaves_unsat": 207, "leaves_pending": 49, "splits": 254, "cpu_hours": 56.249}
180-18-14 X root-cube len 13 UNSAT 442.13s {"verdict": "in progress", "roots_done": "1/2", "leaves_unsat": 208, "leaves_pending": 48, "splits": 254, "cpu_hours": 56.372}
180-20-14 X root-cube len 12 SPLIT 600.19s {"verdict": "in progress", "roots_done": "1/2", "leaves_unsat": 165, "leaves_pending": 107, "splits": 270, "cpu_hours": 56.173}
180-20-14 X root-cube len 12 SPLIT 600.13s {"verdict": "in progress", "roots_done": "1/2", "leaves_unsat": 165, "leaves_pending": 108, "splits": 271, "cpu_hours": 56.34}
180-20-14 X root-cube len 12 SPLIT 600.14s {"verdict": "in progress", "roots_done": "1/2", "leaves_unsat": 165, "leaves_pending": 109, "splits": 272, "cpu_hours": 56.506}
180-18-14 X root-cube len 13 UNSAT 205.09s {"verdict": "in progress", "roots_done": "1/2", "leaves_unsat": 209, "leaves_pending": 47, "splits": 254, "cpu_hours": 56.428}
180-18-14 X root-cube len 13 UNSAT 368.23s {"verdict": "in progress", "roots_done": "1/2", "leaves_unsat": 210, "leaves_pending": 46, "splits": 254, "cpu_hours": 56.531}
180-20-14 X root-cube len 12 UNSAT 244.34s {"verdict": "in progress", "roots_done": "1/2", "leaves_unsat": 166, "leaves_pending": 108, "splits": 272, "cpu_hours": 56.574}
180-18-14 X root-cube len 13 SPLIT 600.22s {"verdict": "in progress", "roots_done": "1/2", "leaves_unsat": 210, "leaves_pending": 47, "splits": 255, "cpu_hours": 56.698}
180-20-14 X root-cube len 12 UNSAT 259.17s {"verdict": "in progress", "roots_done": "1/2", "leaves_unsat": 167, "leaves_pending": 107, "splits": 272, "cpu_hours": 56.646}
180-20-14 X root-cube len 12 SPLIT 600.15s {"verdict": "in progress", "roots_done": "1/2", "leaves_unsat": 167, "leaves_pending": 108, "splits": 273, "cpu_hours": 56.813}
180-18-14 X root-cube len 13 UNSAT 103.63s {"verdict": "in progress", "roots_done": "1/2", "leaves_unsat": 211, "leaves_pending": 46, "splits": 255, "cpu_hours": 56.726}
180-18-14 X root-cube len 13 SPLIT 600.25s {"verdict": "in progress", "roots_done": "1/2", "leaves_unsat": 211, "leaves_pending": 47, "splits": 256, "cpu_hours": 56.893}
180-20-14 X root-cube len 12 SPLIT 600.19s {"verdict": "in progress", "roots_done": "1/2", "leaves_unsat": 167, "leaves_pending": 109, "splits": 274, "cpu_hours": 56.98}
180-18-14 X root-cube len 13 SPLIT 600.2s {"verdict": "in progress", "roots_done": "1/2", "leaves_unsat": 211, "leaves_pending": 48, "splits": 257, "cpu_hours": 57.06}
180-20-14 X root-cube len 12 UNSAT 545.06s {"verdict": "in progress", "roots_done": "1/2", "leaves_unsat": 168, "leaves_pending": 108, "splits": 274, "cpu_hours": 57.131}
180-18-14 X root-cube len 13 SPLIT 600.18s {"verdict": "in progress", "roots_done": "1/2", "leaves_unsat": 211, "leaves_pending": 49, "splits": 258, "cpu_hours": 57.226}
180-20-14 X root-cube len 12 UNSAT 260.9s {"verdict": "in progress", "roots_done": "1/2", "leaves_unsat": 169, "leaves_pending": 107, "splits": 274, "cpu_hours": 57.203}
180-18-14 X root-cube len 13 UNSAT 115.79s {"verdict": "in progress", "roots_done": "1/2", "leaves_unsat": 212, "leaves_pending": 48, "splits": 258, "cpu_hours": 57.259}
180-18-14 X root-cube len 13 UNSAT 537.58s {"verdict": "in progress", "roots_done": "1/2", "leaves_unsat": 213, "leaves_pending": 47, "splits": 258, "cpu_hours": 57.408}
180-20-14 X root-cube len 12 SPLIT 600.19s {"verdict": "in progress", "roots_done": "1/2", "leaves_unsat": 169, "leaves_pending": 108, "splits": 275, "cpu_hours": 57.37}
180-20-14 X root-cube len 12 SPLIT 600.25s {"verdict": "in progress", "roots_done": "1/2", "leaves_unsat": 169, "leaves_pending": 109, "splits": 276, "cpu_hours": 57.537}
180-20-14 X root-cube len 12 UNSAT 130.3s {"verdict": "in progress", "roots_done": "1/2", "leaves_unsat": 170, "leaves_pending": 108, "splits": 276, "cpu_hours": 57.573}
180-18-14 X root-cube len 13 UNSAT 522.6s {"verdict": "in progress", "roots_done": "1/2", "leaves_unsat": 214, "leaves_pending": 46, "splits": 258, "cpu_hours": 57.553}
180-18-14 X root-cube len 13 UNSAT 101.41s {"verdict": "in progress", "roots_done": "1/2", "leaves_unsat": 215, "leaves_pending": 45, "splits": 258, "cpu_hours": 57.581}
180-18-14 X root-cube len 13 UNSAT 80.55s {"verdict": "in progress", "roots_done": "1/2", "leaves_unsat": 216, "leaves_pending": 44, "splits": 258, "cpu_hours": 57.604}
180-18-14 X root-cube len 13 SPLIT 600.19s {"verdict": "in progress", "roots_done": "1/2", "leaves_unsat": 216, "leaves_pending": 45, "splits": 259, "cpu_hours": 57.77}
180-20-14 X root-cube len 12 SPLIT 600.18s {"verdict": "in progress", "roots_done": "1/2", "leaves_unsat": 170, "leaves_pending": 109, "splits": 277, "cpu_hours": 57.74}
180-18-14 X root-cube len 13 UNSAT 591.84s {"verdict": "in progress", "roots_done": "1/2", "leaves_unsat": 217, "leaves_pending": 44, "splits": 259, "cpu_hours": 57.935}
180-18-14 X root-cube len 13 UNSAT 398.71s {"verdict": "in progress", "roots_done": "1/2", "leaves_unsat": 218, "leaves_pending": 43, "splits": 259, "cpu_hours": 58.046}
180-20-14 X root-cube len 12 UNSAT 194.74s {"verdict": "in progress", "roots_done": "1/2", "leaves_unsat": 171, "leaves_pending": 108, "splits": 277, "cpu_hours": 57.794}
180-20-14 X root-cube len 12 SPLIT 600.28s {"verdict": "in progress", "roots_done": "1/2", "leaves_unsat": 171, "leaves_pending": 109, "splits": 278, "cpu_hours": 57.961}
180-20-14 X root-cube len 12 SPLIT 600.18s {"verdict": "in progress", "roots_done": "1/2", "leaves_unsat": 171, "leaves_pending": 110, "splits": 279, "cpu_hours": 58.127}
180-20-14 X root-cube len 12 SPLIT 600.2s {"verdict": "in progress", "roots_done": "1/2", "leaves_unsat": 171, "leaves_pending": 111, "splits": 280, "cpu_hours": 58.294}
180-18-14 X root-cube len 13 SPLIT 600.2s {"verdict": "in progress", "roots_done": "1/2", "leaves_unsat": 218, "leaves_pending": 44, "splits": 260, "cpu_hours": 58.212}
180-18-14 X root-cube len 13 UNSAT 173.31s {"verdict": "in progress", "roots_done": "1/2", "leaves_unsat": 219, "leaves_pending": 43, "splits": 260, "cpu_hours": 58.26}
180-18-14 X root-cube len 13 UNSAT 599.27s {"verdict": "in progress", "roots_done": "1/2", "leaves_unsat": 220, "leaves_pending": 42, "splits": 260, "cpu_hours": 58.427}
180-18-14 X root-cube len 13 SPLIT 600.14s {"verdict": "in progress", "roots_done": "1/2", "leaves_unsat": 220, "leaves_pending": 43, "splits": 261, "cpu_hours": 58.594}
180-20-14 X root-cube len 12 SPLIT 600.23s {"verdict": "in progress", "roots_done": "1/2", "leaves_unsat": 171, "leaves_pending": 112, "splits": 281, "cpu_hours": 58.461}
180-20-14 X root-cube len 12 SPLIT 600.25s {"verdict": "in progress", "roots_done": "1/2", "leaves_unsat": 171, "leaves_pending": 113, "splits": 282, "cpu_hours": 58.628}
180-20-14 X root-cube len 12 SPLIT 600.18s {"verdict": "in progress", "roots_done": "1/2", "leaves_unsat": 171, "leaves_pending": 114, "splits": 283, "cpu_hours": 58.794}
180-20-14 X root-cube len 12 SPLIT 600.2s {"verdict": "in progress", "roots_done": "1/2", "leaves_unsat": 171, "leaves_pending": 115, "splits": 284, "cpu_hours": 58.961}
180-18-14 X root-cube len 13 UNSAT 146.58s {"verdict": "in progress", "roots_done": "1/2", "leaves_unsat": 221, "leaves_pending": 42, "splits": 261, "cpu_hours": 58.634}
180-18-14 X root-cube len 13 UNSAT 541.85s {"verdict": "in progress", "roots_done": "1/2", "leaves_unsat": 222, "leaves_pending": 41, "splits": 261, "cpu_hours": 58.785}
180-18-14 X root-cube len 13 SPLIT 600.22s {"verdict": "in progress", "roots_done": "1/2", "leaves_unsat": 222, "leaves_pending": 42, "splits": 262, "cpu_hours": 58.952}
180-20-14 X root-cube len 13 UNSAT 135.0s {"verdict": "in progress", "roots_done": "1/2", "leaves_unsat": 172, "leaves_pending": 114, "splits": 284, "cpu_hours": 58.999}
180-18-14 X root-cube len 13 SPLIT 600.2s {"verdict": "in progress", "roots_done": "1/2", "leaves_unsat": 222, "leaves_pending": 43, "splits": 263, "cpu_hours": 59.118}
180-20-14 X root-cube len 12 SPLIT 600.17s {"verdict": "in progress", "roots_done": "1/2", "leaves_unsat": 172, "leaves_pending": 115, "splits": 285, "cpu_hours": 59.165}
180-20-14 X root-cube len 12 SPLIT 600.22s {"verdict": "in progress", "roots_done": "1/2", "leaves_unsat": 172, "leaves_pending": 116, "splits": 286, "cpu_hours": 59.332}
180-20-14 X root-cube len 12 SPLIT 600.21s {"verdict": "in progress", "roots_done": "1/2", "leaves_unsat": 172, "leaves_pending": 117, "splits": 287, "cpu_hours": 59.499}
180-20-14 X root-cube len 13 UNSAT 464.41s {"verdict": "in progress", "roots_done": "1/2", "leaves_unsat": 173, "leaves_pending": 116, "splits": 287, "cpu_hours": 59.628}
180-18-14 X root-cube len 13 SPLIT 600.23s {"verdict": "in progress", "roots_done": "1/2", "leaves_unsat": 222, "leaves_pending": 44, "splits": 264, "cpu_hours": 59.285}
180-18-14 X root-cube len 13 SPLIT 600.2s {"verdict": "in progress", "roots_done": "1/2", "leaves_unsat": 222, "leaves_pending": 45, "splits": 265, "cpu_hours": 59.452}
180-18-14 X root-cube len 13 SPLIT 600.17s {"verdict": "in progress", "roots_done": "1/2", "leaves_unsat": 222, "leaves_pending": 46, "splits": 266, "cpu_hours": 59.618}
180-20-14 X root-cube len 13 UNSAT 163.82s {"verdict": "in progress", "roots_done": "1/2", "leaves_unsat": 174, "leaves_pending": 115, "splits": 287, "cpu_hours": 59.673}
180-20-14 X root-cube len 13 UNSAT 241.68s {"verdict": "in progress", "roots_done": "1/2", "leaves_unsat": 175, "leaves_pending": 114, "splits": 287, "cpu_hours": 59.74}
180-18-14 X root-cube len 13 UNSAT 592.83s {"verdict": "in progress", "roots_done": "1/2", "leaves_unsat": 223, "leaves_pending": 45, "splits": 266, "cpu_hours": 59.783}
180-20-14 X root-cube len 13 UNSAT 235.66s {"verdict": "in progress", "roots_done": "1/2", "leaves_unsat": 176, "leaves_pending": 113, "splits": 287, "cpu_hours": 59.806}
180-18-14 X root-cube len 13 UNSAT 393.82s {"verdict": "in progress", "roots_done": "1/2", "leaves_unsat": 224, "leaves_pending": 44, "splits": 266, "cpu_hours": 59.892}
180-20-14 X root-cube len 13 SPLIT 600.16s {"verdict": "in progress", "roots_done": "1/2", "leaves_unsat": 176, "leaves_pending": 114, "splits": 288, "cpu_hours": 59.972}
180-20-14 X root-cube len 13 SPLIT 600.22s {"verdict": "in progress", "roots_done": "1/2", "leaves_unsat": 176, "leaves_pending": 115, "splits": 289, "cpu_hours": 60.139}
180-20-14 X root-cube len 13 UNSAT 226.37s {"verdict": "in progress", "roots_done": "1/2", "leaves_unsat": 177, "leaves_pending": 114, "splits": 289, "cpu_hours": 60.202}
180-18-14 X root-cube len 13 SPLIT 600.23s {"verdict": "in progress", "roots_done": "1/2", "leaves_unsat": 224, "leaves_pending": 45, "splits": 267, "cpu_hours": 60.059}
180-18-14 X root-cube len 13 SPLIT 600.2s {"verdict": "in progress", "roots_done": "1/2", "leaves_unsat": 224, "leaves_pending": 46, "splits": 268, "cpu_hours": 60.226}
180-20-14 X root-cube len 13 UNSAT 126.61s {"verdict": "in progress", "roots_done": "1/2", "leaves_unsat": 178, "leaves_pending": 113, "splits": 289, "cpu_hours": 60.237}
180-20-14 X root-cube len 13 SPLIT 600.19s {"verdict": "in progress", "roots_done": "1/2", "leaves_unsat": 178, "leaves_pending": 114, "splits": 290, "cpu_hours": 60.404}
180-18-14 X root-cube len 14 UNSAT 217.47s {"verdict": "in progress", "roots_done": "1/2", "leaves_unsat": 225, "leaves_pending": 45, "splits": 268, "cpu_hours": 60.286}
180-18-14 X root-cube len 13 SPLIT 600.17s {"verdict": "in progress", "roots_done": "1/2", "leaves_unsat": 225, "leaves_pending": 46, "splits": 269, "cpu_hours": 60.453}
180-18-14 X root-cube len 13 SPLIT 600.17s {"verdict": "in progress", "roots_done": "1/2", "leaves_unsat": 225, "leaves_pending": 47, "splits": 270, "cpu_hours": 60.62}
180-20-14 X root-cube len 13 SPLIT 600.15s {"verdict": "in progress", "roots_done": "1/2", "leaves_unsat": 178, "leaves_pending": 115, "splits": 291, "cpu_hours": 60.571}
180-20-14 X root-cube len 13 SPLIT 600.19s {"verdict": "in progress", "roots_done": "1/2", "leaves_unsat": 178, "leaves_pending": 116, "splits": 292, "cpu_hours": 60.737}
180-18-14 X root-cube len 14 UNSAT 544.98s {"verdict": "in progress", "roots_done": "1/2", "leaves_unsat": 226, "leaves_pending": 46, "splits": 270, "cpu_hours": 60.771}
180-18-14 X root-cube len 14 UNSAT 168.96s {"verdict": "in progress", "roots_done": "1/2", "leaves_unsat": 227, "leaves_pending": 45, "splits": 270, "cpu_hours": 60.818}
180-18-14 X root-cube len 14 UNSAT 393.19s {"verdict": "in progress", "roots_done": "1/2", "leaves_unsat": 228, "leaves_pending": 44, "splits": 270, "cpu_hours": 60.927}
180-20-14 X root-cube len 13 SPLIT 600.13s {"verdict": "in progress", "roots_done": "1/2", "leaves_unsat": 178, "leaves_pending": 117, "splits": 293, "cpu_hours": 60.904}
180-20-14 X root-cube len 13 UNSAT 239.7s {"verdict": "in progress", "roots_done": "1/2", "leaves_unsat": 179, "leaves_pending": 116, "splits": 293, "cpu_hours": 60.971}
180-20-14 X root-cube len 13 SPLIT 600.3s {"verdict": "in progress", "roots_done": "1/2", "leaves_unsat": 179, "leaves_pending": 117, "splits": 294, "cpu_hours": 61.137}
180-20-14 X root-cube len 13 UNSAT 153.83s {"verdict": "in progress", "roots_done": "1/2", "leaves_unsat": 180, "leaves_pending": 116, "splits": 294, "cpu_hours": 61.18}
180-18-14 X root-cube len 14 UNSAT 285.79s {"verdict": "in progress", "roots_done": "1/2", "leaves_unsat": 229, "leaves_pending": 43, "splits": 270, "cpu_hours": 61.007}
180-18-14 X root-cube len 14 SPLIT 600.2s {"verdict": "in progress", "roots_done": "1/2", "leaves_unsat": 229, "leaves_pending": 44, "splits": 271, "cpu_hours": 61.173}
180-20-14 X root-cube len 13 UNSAT 111.41s {"verdict": "in progress", "roots_done": "1/2", "leaves_unsat": 181, "leaves_pending": 115, "splits": 294, "cpu_hours": 61.211}
180-18-14 X root-cube len 14 UNSAT 181.14s {"verdict": "in progress", "roots_done": "1/2", "leaves_unsat": 230, "leaves_pending": 43, "splits": 271, "cpu_hours": 61.224}
180-20-14 X root-cube len 13 UNSAT 213.36s {"verdict": "in progress", "roots_done": "1/2", "leaves_unsat": 182, "leaves_pending": 114, "splits": 294, "cpu_hours": 61.27}
180-20-14 X root-cube len 13 SPLIT 600.18s {"verdict": "in progress", "roots_done": "1/2", "leaves_unsat": 182, "leaves_pending": 115, "splits": 295, "cpu_hours": 61.437}
180-18-14 X root-cube len 14 SPLIT 600.17s {"verdict": "in progress", "roots_done": "1/2", "leaves_unsat": 230, "leaves_pending": 44, "splits": 272, "cpu_hours": 61.39}
180-18-14 X root-cube len 14 UNSAT 151.9s {"verdict": "in progress", "roots_done": "1/2", "leaves_unsat": 231, "leaves_pending": 43, "splits": 272, "cpu_hours": 61.433}
180-18-14 X root-cube len 14 SPLIT 600.18s {"verdict": "in progress", "roots_done": "1/2", "leaves_unsat": 231, "leaves_pending": 44, "splits": 273, "cpu_hours": 61.599}
180-18-14 X root-cube len 14 UNSAT 387.58s {"verdict": "in progress", "roots_done": "1/2", "leaves_unsat": 232, "leaves_pending": 43, "splits": 273, "cpu_hours": 61.707}
180-18-14 X root-cube len 14 UNSAT 179.95s {"verdict": "in progress", "roots_done": "1/2", "leaves_unsat": 233, "leaves_pending": 42, "splits": 273, "cpu_hours": 61.757}
180-20-14 X root-cube len 13 UNSAT 223.6s {"verdict": "in progress", "roots_done": "1/2", "leaves_unsat": 183, "leaves_pending": 114, "splits": 295, "cpu_hours": 61.499}
180-20-14 X root-cube len 13 SPLIT 600.15s {"verdict": "in progress", "roots_done": "1/2", "leaves_unsat": 183, "leaves_pending": 115, "splits": 296, "cpu_hours": 61.666}
180-20-14 X root-cube len 13 SPLIT 600.24s {"verdict": "in progress", "roots_done": "1/2", "leaves_unsat": 183, "leaves_pending": 116, "splits": 297, "cpu_hours": 61.833}
180-20-14 X root-cube len 13 UNSAT 246.62s {"verdict": "in progress", "roots_done": "1/2", "leaves_unsat": 184, "leaves_pending": 115, "splits": 297, "cpu_hours": 61.901}
180-18-14 X root-cube len 14 UNSAT 467.51s {"verdict": "in progress", "roots_done": "1/2", "leaves_unsat": 234, "leaves_pending": 41, "splits": 273, "cpu_hours": 61.887}
180-20-14 X root-cube len 13 SPLIT 600.15s {"verdict": "in progress", "roots_done": "1/2", "leaves_unsat": 184, "leaves_pending": 116, "splits": 298, "cpu_hours": 62.068}
180-18-14 X root-cube len 14 UNSAT 591.46s {"verdict": "in progress", "roots_done": "1/2", "leaves_unsat": 235, "leaves_pending": 40, "splits": 273, "cpu_hours": 62.051}
180-18-14 X root-cube len 14 SPLIT 600.23s {"verdict": "in progress", "roots_done": "1/2", "leaves_unsat": 235, "leaves_pending": 41, "splits": 274, "cpu_hours": 62.218}
180-20-14 X root-cube len 13 UNSAT 241.53s {"verdict": "in progress", "roots_done": "1/2", "leaves_unsat": 185, "leaves_pending": 115, "splits": 298, "cpu_hours": 62.135}
180-18-14 X root-cube len 14 SPLIT 600.14s {"verdict": "in progress", "roots_done": "1/2", "leaves_unsat": 235, "leaves_pending": 42, "splits": 275, "cpu_hours": 62.385}
180-18-14 X root-cube len 14 UNSAT 112.81s {"verdict": "in progress", "roots_done": "1/2", "leaves_unsat": 236, "leaves_pending": 41, "splits": 275, "cpu_hours": 62.416}
180-20-14 X root-cube len 13 SPLIT 600.16s {"verdict": "in progress", "roots_done": "1/2", "leaves_unsat": 185, "leaves_pending": 116, "splits": 299, "cpu_hours": 62.302}
180-20-14 X root-cube len 13 SPLIT 600.18s {"verdict": "in progress", "roots_done": "1/2", "leaves_unsat": 185, "leaves_pending": 117, "splits": 300, "cpu_hours": 62.468}
180-20-14 X root-cube len 13 UNSAT 219.42s {"verdict": "in progress", "roots_done": "1/2", "leaves_unsat": 186, "leaves_pending": 116, "splits": 300, "cpu_hours": 62.529}
180-18-14 X root-cube len 14 UNSAT 461.03s {"verdict": "in progress", "roots_done": "1/2", "leaves_unsat": 237, "leaves_pending": 40, "splits": 275, "cpu_hours": 62.544}
180-18-14 X root-cube len 14 UNSAT 171.15s {"verdict": "in progress", "roots_done": "1/2", "leaves_unsat": 238, "leaves_pending": 39, "splits": 275, "cpu_hours": 62.592}
180-20-14 X root-cube len 13 SPLIT 600.2s {"verdict": "in progress", "roots_done": "1/2", "leaves_unsat": 186, "leaves_pending": 117, "splits": 301, "cpu_hours": 62.696}
180-18-14 X root-cube len 14 SPLIT 600.13s {"verdict": "in progress", "roots_done": "1/2", "leaves_unsat": 238, "leaves_pending": 40, "splits": 276, "cpu_hours": 62.758}
180-18-14 X root-cube len 14 UNSAT 465.2s {"verdict": "in progress", "roots_done": "1/2", "leaves_unsat": 239, "leaves_pending": 39, "splits": 276, "cpu_hours": 62.887}
180-18-14 X root-cube len 14 UNSAT 388.5s {"verdict": "in progress", "roots_done": "1/2", "leaves_unsat": 240, "leaves_pending": 38, "splits": 276, "cpu_hours": 62.995}
180-20-14 X root-cube len 13 UNSAT 251.33s {"verdict": "in progress", "roots_done": "1/2", "leaves_unsat": 187, "leaves_pending": 116, "splits": 301, "cpu_hours": 62.766}
180-20-14 X root-cube len 13 SPLIT 600.17s {"verdict": "in progress", "roots_done": "1/2", "leaves_unsat": 187, "leaves_pending": 117, "splits": 302, "cpu_hours": 62.933}
180-20-14 X root-cube len 13 SPLIT 600.17s {"verdict": "in progress", "roots_done": "1/2", "leaves_unsat": 187, "leaves_pending": 118, "splits": 303, "cpu_hours": 63.099}
180-18-14 X root-cube len 14 UNSAT 568.03s {"verdict": "in progress", "roots_done": "1/2", "leaves_unsat": 241, "leaves_pending": 37, "splits": 276, "cpu_hours": 63.153}
180-20-14 X root-cube len 13 SPLIT 600.15s {"verdict": "in progress", "roots_done": "1/2", "leaves_unsat": 187, "leaves_pending": 119, "splits": 304, "cpu_hours": 63.266}
180-18-14 X root-cube len 14 UNSAT 175.83s {"verdict": "in progress", "roots_done": "1/2", "leaves_unsat": 242, "leaves_pending": 36, "splits": 276, "cpu_hours": 63.202}
180-20-14 X root-cube len 13 UNSAT 283.58s {"verdict": "in progress", "roots_done": "1/2", "leaves_unsat": 188, "leaves_pending": 118, "splits": 304, "cpu_hours": 63.345}
180-20-14 X root-cube len 13 UNSAT 275.68s {"verdict": "in progress", "roots_done": "1/2", "leaves_unsat": 189, "leaves_pending": 117, "splits": 304, "cpu_hours": 63.421}
180-18-14 X root-cube len 14 UNSAT 525.38s {"verdict": "in progress", "roots_done": "1/2", "leaves_unsat": 243, "leaves_pending": 35, "splits": 276, "cpu_hours": 63.348}
180-18-14 X root-cube len 14 SPLIT 600.15s {"verdict": "in progress", "roots_done": "1/2", "leaves_unsat": 243, "leaves_pending": 36, "splits": 277, "cpu_hours": 63.515}
180-20-14 X root-cube len 13 UNSAT 159.02s {"verdict": "in progress", "roots_done": "1/2", "leaves_unsat": 190, "leaves_pending": 116, "splits": 304, "cpu_hours": 63.466}
180-18-14 X root-cube len 14 SPLIT 600.18s {"verdict": "in progress", "roots_done": "1/2", "leaves_unsat": 243, "leaves_pending": 37, "splits": 278, "cpu_hours": 63.681}
180-20-14 X root-cube len 13 SPLIT 600.13s {"verdict": "in progress", "roots_done": "1/2", "leaves_unsat": 190, "leaves_pending": 117, "splits": 305, "cpu_hours": 63.632}
180-20-14 X root-cube len 13 SPLIT 600.17s {"verdict": "in progress", "roots_done": "1/2", "leaves_unsat": 190, "leaves_pending": 118, "splits": 306, "cpu_hours": 63.799}
180-18-14 X root-cube len 14 UNSAT 194.06s {"verdict": "in progress", "roots_done": "1/2", "leaves_unsat": 244, "leaves_pending": 36, "splits": 278, "cpu_hours": 63.735}
180-18-14 X root-cube len 14 UNSAT 535.61s {"verdict": "in progress", "roots_done": "1/2", "leaves_unsat": 245, "leaves_pending": 35, "splits": 278, "cpu_hours": 63.884}
180-18-14 X root-cube len 14 UNSAT 455.67s {"verdict": "in progress", "roots_done": "1/2", "leaves_unsat": 246, "leaves_pending": 34, "splits": 278, "cpu_hours": 64.011}
180-20-14 X root-cube len 13 UNSAT 273.94s {"verdict": "in progress", "roots_done": "1/2", "leaves_unsat": 191, "leaves_pending": 117, "splits": 306, "cpu_hours": 63.875}
180-20-14 X root-cube len 13 SPLIT 600.36s {"verdict": "in progress", "roots_done": "1/2", "leaves_unsat": 191, "leaves_pending": 118, "splits": 307, "cpu_hours": 64.042}
180-18-14 X root-cube len 14 SPLIT 600.16s {"verdict": "in progress", "roots_done": "1/2", "leaves_unsat": 246, "leaves_pending": 35, "splits": 279, "cpu_hours": 64.177}
180-20-14 X root-cube len 13 UNSAT 221.99s {"verdict": "in progress", "roots_done": "1/2", "leaves_unsat": 192, "leaves_pending": 117, "splits": 307, "cpu_hours": 64.103}
180-20-14 X root-cube len 13 SPLIT 600.18s {"verdict": "in progress", "roots_done": "1/2", "leaves_unsat": 192, "leaves_pending": 118, "splits": 308, "cpu_hours": 64.27}
180-18-14 X root-cube len 14 UNSAT 184.93s {"verdict": "in progress", "roots_done": "1/2", "leaves_unsat": 247, "leaves_pending": 34, "splits": 279, "cpu_hours": 64.229}
180-20-14 X root-cube len 13 SPLIT 600.17s {"verdict": "in progress", "roots_done": "1/2", "leaves_unsat": 192, "leaves_pending": 119, "splits": 309, "cpu_hours": 64.437}
180-18-14 X root-cube len 14 UNSAT 474.46s {"verdict": "in progress", "roots_done": "1/2", "leaves_unsat": 248, "leaves_pending": 33, "splits": 279, "cpu_hours": 64.361}
180-20-14 X root-cube len 13 UNSAT 223.33s {"verdict": "in progress", "roots_done": "1/2", "leaves_unsat": 193, "leaves_pending": 118, "splits": 309, "cpu_hours": 64.499}
180-18-14 X root-cube len 14 SPLIT 600.2s {"verdict": "in progress", "roots_done": "1/2", "leaves_unsat": 248, "leaves_pending": 34, "splits": 280, "cpu_hours": 64.527}
180-18-14 X root-cube len 14 UNSAT 121.89s {"verdict": "in progress", "roots_done": "1/2", "leaves_unsat": 249, "leaves_pending": 33, "splits": 280, "cpu_hours": 64.561}
180-18-14 X root-cube len 14 SPLIT 600.2s {"verdict": "in progress", "roots_done": "1/2", "leaves_unsat": 249, "leaves_pending": 34, "splits": 281, "cpu_hours": 64.728}
180-20-14 X root-cube len 13 SPLIT 600.14s {"verdict": "in progress", "roots_done": "1/2", "leaves_unsat": 193, "leaves_pending": 119, "splits": 310, "cpu_hours": 64.666}
180-20-14 X root-cube len 13 UNSAT 241.83s {"verdict": "in progress", "roots_done": "1/2", "leaves_unsat": 194, "leaves_pending": 118, "splits": 310, "cpu_hours": 64.733}
180-20-14 X root-cube len 13 SPLIT 600.17s {"verdict": "in progress", "roots_done": "1/2", "leaves_unsat": 194, "leaves_pending": 119, "splits": 311, "cpu_hours": 64.9}
180-18-14 X root-cube len 14 SPLIT 600.33s {"verdict": "in progress", "roots_done": "1/2", "leaves_unsat": 249, "leaves_pending": 35, "splits": 282, "cpu_hours": 64.895}
180-20-14 X root-cube len 13 SPLIT 600.2s {"verdict": "in progress", "roots_done": "1/2", "leaves_unsat": 194, "leaves_pending": 120, "splits": 312, "cpu_hours": 65.066}
180-18-14 X root-cube len 14 UNSAT 459.79s {"verdict": "in progress", "roots_done": "1/2", "leaves_unsat": 250, "leaves_pending": 34, "splits": 282, "cpu_hours": 65.022}
180-20-14 X root-cube len 13 SPLIT 600.15s {"verdict": "in progress", "roots_done": "1/2", "leaves_unsat": 194, "leaves_pending": 121, "splits": 313, "cpu_hours": 65.233}
180-18-14 X root-cube len 14 UNSAT 592.26s {"verdict": "in progress", "roots_done": "1/2", "leaves_unsat": 251, "leaves_pending": 33, "splits": 282, "cpu_hours": 65.187}
180-20-14 X root-cube len 13 UNSAT 232.94s {"verdict": "in progress", "roots_done": "1/2", "leaves_unsat": 195, "leaves_pending": 120, "splits": 313, "cpu_hours": 65.298}
180-18-14 X root-cube len 14 SPLIT 600.14s {"verdict": "in progress", "roots_done": "1/2", "leaves_unsat": 251, "leaves_pending": 34, "splits": 283, "cpu_hours": 65.354}
180-20-14 X root-cube len 13 UNSAT 233.6s {"verdict": "in progress", "roots_done": "1/2", "leaves_unsat": 196, "leaves_pending": 119, "splits": 313, "cpu_hours": 65.363}
180-18-14 X root-cube len 14 UNSAT 508.83s {"verdict": "in progress", "roots_done": "1/2", "leaves_unsat": 252, "leaves_pending": 33, "splits": 283, "cpu_hours": 65.495}
180-20-14 X root-cube len 13 SPLIT 600.13s {"verdict": "in progress", "roots_done": "1/2", "leaves_unsat": 196, "leaves_pending": 120, "splits": 314, "cpu_hours": 65.529}
180-20-14 X root-cube len 13 UNSAT 246.38s {"verdict": "in progress", "roots_done": "1/2", "leaves_unsat": 197, "leaves_pending": 119, "splits": 314, "cpu_hours": 65.598}
180-20-14 X root-cube len 13 SPLIT 600.18s {"verdict": "in progress", "roots_done": "1/2", "leaves_unsat": 197, "leaves_pending": 120, "splits": 315, "cpu_hours": 65.764}
180-18-14 X root-cube len 14 SPLIT 600.17s {"verdict": "in progress", "roots_done": "1/2", "leaves_unsat": 252, "leaves_pending": 34, "splits": 284, "cpu_hours": 65.662}
180-18-14 X root-cube len 14 UNSAT 590.81s {"verdict": "in progress", "roots_done": "1/2", "leaves_unsat": 253, "leaves_pending": 33, "splits": 284, "cpu_hours": 65.826}
180-20-14 X root-cube len 13 SPLIT 600.15s {"verdict": "in progress", "roots_done": "1/2", "leaves_unsat": 197, "leaves_pending": 121, "splits": 316, "cpu_hours": 65.931}
180-18-14 X root-cube len 14 SPLIT 600.15s {"verdict": "in progress", "roots_done": "1/2", "leaves_unsat": 253, "leaves_pending": 34, "splits": 285, "cpu_hours": 65.992}
180-20-14 X root-cube len 13 UNSAT 304.01s {"verdict": "in progress", "roots_done": "1/2", "leaves_unsat": 198, "leaves_pending": 120, "splits": 316, "cpu_hours": 66.016}
180-20-14 X root-cube len 13 UNSAT 150.23s {"verdict": "in progress", "roots_done": "1/2", "leaves_unsat": 199, "leaves_pending": 119, "splits": 316, "cpu_hours": 66.057}
180-18-14 X root-cube len 14 UNSAT 461.03s {"verdict": "in progress", "roots_done": "1/2", "leaves_unsat": 254, "leaves_pending": 33, "splits": 285, "cpu_hours": 66.12}
180-20-14 X root-cube len 13 SPLIT 600.22s {"verdict": "in progress", "roots_done": "1/2", "leaves_unsat": 199, "leaves_pending": 120, "splits": 317, "cpu_hours": 66.224}
180-20-14 X root-cube len 13 SPLIT 600.13s {"verdict": "in progress", "roots_done": "1/2", "leaves_unsat": 199, "leaves_pending": 121, "splits": 318, "cpu_hours": 66.391}
180-18-14 X root-cube len 14 SPLIT 600.14s {"verdict": "in progress", "roots_done": "1/2", "leaves_unsat": 254, "leaves_pending": 34, "splits": 286, "cpu_hours": 66.287}
180-18-14 X root-cube len 15 UNSAT 349.84s {"verdict": "in progress", "roots_done": "1/2", "leaves_unsat": 255, "leaves_pending": 33, "splits": 286, "cpu_hours": 66.384}
180-18-14 X root-cube len 14 SPLIT 600.15s {"verdict": "in progress", "roots_done": "1/2", "leaves_unsat": 255, "leaves_pending": 34, "splits": 287, "cpu_hours": 66.551}
180-18-14 X root-cube len 14 SPLIT 600.18s {"verdict": "in progress", "roots_done": "1/2", "leaves_unsat": 255, "leaves_pending": 35, "splits": 288, "cpu_hours": 66.718}
180-18-14 X root-cube len 15 UNSAT 119.19s {"verdict": "in progress", "roots_done": "1/2", "leaves_unsat": 256, "leaves_pending": 34, "splits": 288, "cpu_hours": 66.751}
180-20-14 X root-cube len 13 SPLIT 600.13s {"verdict": "in progress", "roots_done": "1/2", "leaves_unsat": 199, "leaves_pending": 122, "splits": 319, "cpu_hours": 66.557}
180-20-14 X root-cube len 13 UNSAT 252.56s {"verdict": "in progress", "roots_done": "1/2", "leaves_unsat": 200, "leaves_pending": 121, "splits": 319, "cpu_hours": 66.628}
180-20-14 X root-cube len 13 SPLIT 600.19s {"verdict": "in progress", "roots_done": "1/2", "leaves_unsat": 200, "leaves_pending": 122, "splits": 320, "cpu_hours": 66.794}
180-20-14 X root-cube len 13 SPLIT 600.19s {"verdict": "in progress", "roots_done": "1/2", "leaves_unsat": 200, "leaves_pending": 123, "splits": 321, "cpu_hours": 66.961}
180-18-14 X root-cube len 15 UNSAT 297.39s {"verdict": "in progress", "roots_done": "1/2", "leaves_unsat": 257, "leaves_pending": 33, "splits": 288, "cpu_hours": 66.833}
180-20-14 X root-cube len 13 UNSAT 297.6s {"verdict": "in progress", "roots_done": "1/2", "leaves_unsat": 201, "leaves_pending": 122, "splits": 321, "cpu_hours": 67.044}
180-18-14 X root-cube len 15 UNSAT 64.76s {"verdict": "in progress", "roots_done": "1/2", "leaves_unsat": 258, "leaves_pending": 32, "splits": 288, "cpu_hours": 66.851}
180-18-14 X root-cube len 15 SPLIT 600.19s {"verdict": "in progress", "roots_done": "1/2", "leaves_unsat": 258, "leaves_pending": 33, "splits": 289, "cpu_hours": 67.018}
180-18-14 X root-cube len 15 UNSAT 564.56s {"verdict": "in progress", "roots_done": "1/2", "leaves_unsat": 259, "leaves_pending": 32, "splits": 289, "cpu_hours": 67.175}
180-20-14 X root-cube len 13 UNSAT 257.6s {"verdict": "in progress", "roots_done": "1/2", "leaves_unsat": 202, "leaves_pending": 121, "splits": 321, "cpu_hours": 67.115}
180-18-14 X root-cube len 15 SPLIT 600.17s {"verdict": "in progress", "roots_done": "1/2", "leaves_unsat": 259, "leaves_pending": 33, "splits": 290, "cpu_hours": 67.342}
180-20-14 X root-cube len 13 SPLIT 600.55s {"verdict": "in progress", "roots_done": "1/2", "leaves_unsat": 202, "leaves_pending": 122, "splits": 322, "cpu_hours": 67.282}
180-20-14 X root-cube len 13 SPLIT 600.19s {"verdict": "in progress", "roots_done": "1/2", "leaves_unsat": 202, "leaves_pending": 123, "splits": 323, "cpu_hours": 67.449}
180-18-14 X root-cube len 15 UNSAT 410.01s {"verdict": "in progress", "roots_done": "1/2", "leaves_unsat": 260, "leaves_pending": 32, "splits": 290, "cpu_hours": 67.456}
180-20-14 X root-cube len 13 UNSAT 246.12s {"verdict": "in progress", "roots_done": "1/2", "leaves_unsat": 203, "leaves_pending": 122, "splits": 323, "cpu_hours": 67.517}
180-18-14 X root-cube len 15 UNSAT 399.87s {"verdict": "in progress", "roots_done": "1/2", "leaves_unsat": 261, "leaves_pending": 31, "splits": 290, "cpu_hours": 67.567}
180-20-14 X root-cube len 13 UNSAT 201.41s {"verdict": "in progress", "roots_done": "1/2", "leaves_unsat": 204, "leaves_pending": 121, "splits": 323, "cpu_hours": 67.573}
180-20-14 X root-cube len 13 SPLIT 600.16s {"verdict": "in progress", "roots_done": "1/2", "leaves_unsat": 204, "leaves_pending": 122, "splits": 324, "cpu_hours": 67.74}
180-18-14 X root-cube len 15 SPLIT 600.14s {"verdict": "in progress", "roots_done": "1/2", "leaves_unsat": 261, "leaves_pending": 32, "splits": 291, "cpu_hours": 67.733}
180-20-14 X root-cube len 13 UNSAT 224.75s {"verdict": "in progress", "roots_done": "1/2", "leaves_unsat": 205, "leaves_pending": 121, "splits": 324, "cpu_hours": 67.802}
180-18-14 X root-cube len 15 SPLIT 600.21s {"verdict": "in progress", "roots_done": "1/2", "leaves_unsat": 261, "leaves_pending": 33, "splits": 292, "cpu_hours": 67.9}
180-20-14 X root-cube len 13 SPLIT 600.22s {"verdict": "in progress", "roots_done": "1/2", "leaves_unsat": 205, "leaves_pending": 122, "splits": 325, "cpu_hours": 67.969}
180-18-14 X root-cube len 15 UNSAT 481.43s {"verdict": "in progress", "roots_done": "1/2", "leaves_unsat": 262, "leaves_pending": 32, "splits": 292, "cpu_hours": 68.034}
180-18-14 X root-cube len 15 SPLIT 600.15s {"verdict": "in progress", "roots_done": "1/2", "leaves_unsat": 262, "leaves_pending": 33, "splits": 293, "cpu_hours": 68.201}
180-20-14 X root-cube len 13 SPLIT 600.14s {"verdict": "in progress", "roots_done": "1/2", "leaves_unsat": 205, "leaves_pending": 123, "splits": 326, "cpu_hours": 68.136}
180-20-14 X root-cube len 13 SPLIT 600.15s {"verdict": "in progress", "roots_done": "1/2", "leaves_unsat": 205, "leaves_pending": 124, "splits": 327, "cpu_hours": 68.302}
180-18-14 X root-cube len 15 UNSAT 425.95s {"verdict": "in progress", "roots_done": "1/2", "leaves_unsat": 263, "leaves_pending": 32, "splits": 293, "cpu_hours": 68.319}
180-20-14 X root-cube len 13 UNSAT 252.83s {"verdict": "in progress", "roots_done": "1/2", "leaves_unsat": 206, "leaves_pending": 123, "splits": 327, "cpu_hours": 68.373}
180-18-14 X root-cube len 15 SPLIT 600.19s {"verdict": "in progress", "roots_done": "1/2", "leaves_unsat": 263, "leaves_pending": 33, "splits": 294, "cpu_hours": 68.486}
180-20-14 X root-cube len 13 SPLIT 600.19s {"verdict": "in progress", "roots_done": "1/2", "leaves_unsat": 206, "leaves_pending": 124, "splits": 328, "cpu_hours": 68.539}
180-18-14 X root-cube len 15 UNSAT 176.13s {"verdict": "in progress", "roots_done": "1/2", "leaves_unsat": 264, "leaves_pending": 32, "splits": 294, "cpu_hours": 68.535}
180-20-14 X root-cube len 13 SPLIT 600.14s {"verdict": "in progress", "roots_done": "1/2", "leaves_unsat": 206, "leaves_pending": 125, "splits": 329, "cpu_hours": 68.706}
180-20-14 X root-cube len 13 UNSAT 211.31s {"verdict": "in progress", "roots_done": "1/2", "leaves_unsat": 207, "leaves_pending": 124, "splits": 329, "cpu_hours": 68.765}
180-18-14 X root-cube len 15 SPLIT 600.17s {"verdict": "in progress", "roots_done": "1/2", "leaves_unsat": 264, "leaves_pending": 33, "splits": 295, "cpu_hours": 68.701}
180-18-14 X root-cube len 15 SPLIT 600.22s {"verdict": "in progress", "roots_done": "1/2", "leaves_unsat": 264, "leaves_pending": 34, "splits": 296, "cpu_hours": 68.868}
180-20-14 X root-cube len 13 UNSAT 260.78s {"verdict": "in progress", "roots_done": "1/2", "leaves_unsat": 208, "leaves_pending": 123, "splits": 329, "cpu_hours": 68.837}
180-20-14 X root-cube len 13 SPLIT 600.53s {"verdict": "in progress", "roots_done": "1/2", "leaves_unsat": 208, "leaves_pending": 124, "splits": 330, "cpu_hours": 69.004}
180-18-14 X root-cube len 15 SPLIT 600.21s {"verdict": "in progress", "roots_done": "1/2", "leaves_unsat": 264, "leaves_pending": 35, "splits": 297, "cpu_hours": 69.035}
180-20-14 X root-cube len 13 UNSAT 184.52s {"verdict": "in progress", "roots_done": "1/2", "leaves_unsat": 209, "leaves_pending": 123, "splits": 330, "cpu_hours": 69.055}
180-20-14 X root-cube len 13 SPLIT 600.18s {"verdict": "in progress", "roots_done": "1/2", "leaves_unsat": 209, "leaves_pending": 124, "splits": 331, "cpu_hours": 69.222}
180-18-14 X root-cube len 15 SPLIT 600.16s {"verdict": "in progress", "roots_done": "1/2", "leaves_unsat": 264, "leaves_pending": 36, "splits": 298, "cpu_hours": 69.201}
180-20-14 X root-cube len 13 SPLIT 600.17s {"verdict": "in progress", "roots_done": "1/2", "leaves_unsat": 209, "leaves_pending": 125, "splits": 332, "cpu_hours": 69.389}
180-18-14 X root-cube len 15 UNSAT 238.5s {"verdict": "in progress", "roots_done": "1/2", "leaves_unsat": 265, "leaves_pending": 35, "splits": 298, "cpu_hours": 69.268}
180-18-14 X root-cube len 15 UNSAT 598.99s {"verdict": "in progress", "roots_done": "1/2", "leaves_unsat": 266, "leaves_pending": 34, "splits": 298, "cpu_hours": 69.434}
180-20-14 X root-cube len 13 UNSAT 211.07s {"verdict": "in progress", "roots_done": "1/2", "leaves_unsat": 210, "leaves_pending": 124, "splits": 332, "cpu_hours": 69.447}
180-18-14 X root-cube len 15 SPLIT 600.28s {"verdict": "in progress", "roots_done": "1/2", "leaves_unsat": 266, "leaves_pending": 35, "splits": 299, "cpu_hours": 69.601}
180-20-14 X root-cube len 13 SPLIT 600.25s {"verdict": "in progress", "roots_done": "1/2", "leaves_unsat": 210, "leaves_pending": 125, "splits": 333, "cpu_hours": 69.614}
180-20-14 X root-cube len 13 SPLIT 600.17s {"verdict": "in progress", "roots_done": "1/2", "leaves_unsat": 210, "leaves_pending": 126, "splits": 334, "cpu_hours": 69.781}
180-18-14 X root-cube len 15 UNSAT 492.03s {"verdict": "in progress", "roots_done": "1/2", "leaves_unsat": 267, "leaves_pending": 34, "splits": 299, "cpu_hours": 69.737}
180-18-14 X root-cube len 15 UNSAT 556.76s {"verdict": "in progress", "roots_done": "1/2", "leaves_unsat": 268, "leaves_pending": 33, "splits": 299, "cpu_hours": 69.892}
180-20-14 X root-cube len 13 UNSAT 261.4s {"verdict": "in progress", "roots_done": "1/2", "leaves_unsat": 211, "leaves_pending": 125, "splits": 334, "cpu_hours": 69.853}
180-20-14 X root-cube len 13 SPLIT 600.18s {"verdict": "in progress", "roots_done": "1/2", "leaves_unsat": 211, "leaves_pending": 126, "splits": 335, "cpu_hours": 70.02}
180-18-14 X root-cube len 15 UNSAT 487.8s {"verdict": "in progress", "roots_done": "1/2", "leaves_unsat": 269, "leaves_pending": 32, "splits": 299, "cpu_hours": 70.028}
180-18-14 X root-cube len 15 SPLIT 600.14s {"verdict": "in progress", "roots_done": "1/2", "leaves_unsat": 269, "leaves_pending": 33, "splits": 300, "cpu_hours": 70.194}
180-20-14 X root-cube len 13 SPLIT 600.14s {"verdict": "in progress", "roots_done": "1/2", "leaves_unsat": 211, "leaves_pending": 127, "splits": 336, "cpu_hours": 70.187}
180-20-14 X root-cube len 13 UNSAT 119.14s {"verdict": "in progress", "roots_done": "1/2", "leaves_unsat": 212, "leaves_pending": 126, "splits": 336, "cpu_hours": 70.22}
180-20-14 X root-cube len 13 UNSAT 218.68s {"verdict": "in progress", "roots_done": "1/2", "leaves_unsat": 213, "leaves_pending": 125, "splits": 336, "cpu_hours": 70.281}
180-18-14 X root-cube len 15 UNSAT 380.0s {"verdict": "in progress", "roots_done": "1/2", "leaves_unsat": 270, "leaves_pending": 32, "splits": 300, "cpu_hours": 70.3}
180-18-14 X root-cube len 15 UNSAT 339.53s {"verdict": "in progress", "roots_done": "1/2", "leaves_unsat": 271, "leaves_pending": 31, "splits": 300, "cpu_hours": 70.394}
180-20-14 X root-cube len 13 SPLIT 600.16s {"verdict": "in progress", "roots_done": "1/2", "leaves_unsat": 213, "leaves_pending": 126, "splits": 337, "cpu_hours": 70.447}
180-18-14 X root-cube len 15 SPLIT 600.17s {"verdict": "in progress", "roots_done": "1/2", "leaves_unsat": 271, "leaves_pending": 32, "splits": 301, "cpu_hours": 70.561}
180-20-14 X root-cube len 13 SPLIT 600.17s {"verdict": "in progress", "roots_done": "1/2", "leaves_unsat": 213, "leaves_pending": 127, "splits": 338, "cpu_hours": 70.614}
180-18-14 X root-cube len 15 SPLIT 600.16s {"verdict": "in progress", "roots_done": "1/2", "leaves_unsat": 271, "leaves_pending": 33, "splits": 302, "cpu_hours": 70.728}
180-20-14 X root-cube len 13 SPLIT 600.17s {"verdict": "in progress", "roots_done": "1/2", "leaves_unsat": 213, "leaves_pending": 128, "splits": 339, "cpu_hours": 70.781}
180-18-14 X root-cube len 15 UNSAT 416.2s {"verdict": "in progress", "roots_done": "1/2", "leaves_unsat": 272, "leaves_pending": 32, "splits": 302, "cpu_hours": 70.843}
180-20-14 X root-cube len 13 UNSAT 229.2s {"verdict": "in progress", "roots_done": "1/2", "leaves_unsat": 214, "leaves_pending": 127, "splits": 339, "cpu_hours": 70.844}
180-20-14 X root-cube len 13 SPLIT 600.14s {"verdict": "in progress", "roots_done": "1/2", "leaves_unsat": 214, "leaves_pending": 128, "splits": 340, "cpu_hours": 71.011}
180-18-14 X root-cube len 15 SPLIT 600.18s {"verdict": "in progress", "roots_done": "1/2", "leaves_unsat": 272, "leaves_pending": 33, "splits": 303, "cpu_hours": 71.01}
180-20-14 X root-cube len 13 SPLIT 600.17s {"verdict": "in progress", "roots_done": "1/2", "leaves_unsat": 214, "leaves_pending": 129, "splits": 341, "cpu_hours": 71.178}
180-20-14 X root-cube len 13 UNSAT 253.55s {"verdict": "in progress", "roots_done": "1/2", "leaves_unsat": 215, "leaves_pending": 128, "splits": 341, "cpu_hours": 71.248}
180-18-14 X root-cube len 15 SPLIT 600.18s {"verdict": "in progress", "roots_done": "1/2", "leaves_unsat": 272, "leaves_pending": 34, "splits": 304, "cpu_hours": 71.177}
180-18-14 X root-cube len 15 SPLIT 600.14s {"verdict": "in progress", "roots_done": "1/2", "leaves_unsat": 272, "leaves_pending": 35, "splits": 305, "cpu_hours": 71.343}
180-18-14 X root-cube len 16 UNSAT 302.03s {"verdict": "in progress", "roots_done": "1/2", "leaves_unsat": 273, "leaves_pending": 34, "splits": 305, "cpu_hours": 71.427}
180-20-14 X root-cube len 13 SPLIT 600.15s {"verdict": "in progress", "roots_done": "1/2", "leaves_unsat": 215, "leaves_pending": 129, "splits": 342, "cpu_hours": 71.415}
180-20-14 X root-cube len 13 UNSAT 262.33s {"verdict": "in progress", "roots_done": "1/2", "leaves_unsat": 216, "leaves_pending": 128, "splits": 342, "cpu_hours": 71.488}
180-18-14 X root-cube len 15 SPLIT 600.18s {"verdict": "in progress", "roots_done": "1/2", "leaves_unsat": 273, "leaves_pending": 35, "splits": 306, "cpu_hours": 71.594}
180-20-14 X root-cube len 13 SPLIT 600.13s {"verdict": "in progress", "roots_done": "1/2", "leaves_unsat": 216, "leaves_pending": 129, "splits": 343, "cpu_hours": 71.655}
180-18-14 X root-cube len 16 UNSAT 289.13s {"verdict": "in progress", "roots_done": "1/2", "leaves_unsat": 274, "leaves_pending": 34, "splits": 306, "cpu_hours": 71.674}
180-20-14 X root-cube len 13 SPLIT 600.23s {"verdict": "in progress", "roots_done": "1/2", "leaves_unsat": 216, "leaves_pending": 130, "splits": 344, "cpu_hours": 71.821}
180-18-14 X root-cube len 16 UNSAT 321.99s {"verdict": "in progress", "roots_done": "1/2", "leaves_unsat": 275, "leaves_pending": 33, "splits": 306, "cpu_hours": 71.764}
180-18-14 X root-cube len 16 SPLIT 600.2s {"verdict": "in progress", "roots_done": "1/2", "leaves_unsat": 275, "leaves_pending": 34, "splits": 307, "cpu_hours": 71.93}
180-18-14 X root-cube len 16 SPLIT 600.22s {"verdict": "in progress", "roots_done": "1/2", "leaves_unsat": 275, "leaves_pending": 35, "splits": 308, "cpu_hours": 72.097}
180-20-14 X root-cube len 13 UNSAT 358.01s {"verdict": "in progress", "roots_done": "1/2", "leaves_unsat": 217, "leaves_pending": 129, "splits": 344, "cpu_hours": 71.921}
180-20-14 X root-cube len 13 SPLIT 600.15s {"verdict": "in progress", "roots_done": "1/2", "leaves_unsat": 217, "leaves_pending": 130, "splits": 345, "cpu_hours": 72.087}
180-18-14 X root-cube len 16 UNSAT 180.24s {"verdict": "in progress", "roots_done": "1/2", "leaves_unsat": 276, "leaves_pending": 34, "splits": 308, "cpu_hours": 72.147}
180-20-14 X root-cube len 13 SPLIT 600.31s {"verdict": "in progress", "roots_done": "1/2", "leaves_unsat": 217, "leaves_pending": 131, "splits": 346, "cpu_hours": 72.254}
180-18-14 X root-cube len 16 SPLIT 600.24s {"verdict": "in progress", "roots_done": "1/2", "leaves_unsat": 276, "leaves_pending": 35, "splits": 309, "cpu_hours": 72.314}
180-20-14 X root-cube len 13 UNSAT 436.23s {"verdict": "in progress", "roots_done": "1/2", "leaves_unsat": 218, "leaves_pending": 130, "splits": 346, "cpu_hours": 72.375}
180-20-14 X root-cube len 13 SPLIT 600.34s {"verdict": "in progress", "roots_done": "1/2", "leaves_unsat": 218, "leaves_pending": 131, "splits": 347, "cpu_hours": 72.542}
180-18-14 X root-cube len 16 SPLIT 600.3s {"verdict": "in progress", "roots_done": "1/2", "leaves_unsat": 276, "leaves_pending": 36, "splits": 310, "cpu_hours": 72.481}
180-18-14 X root-cube len 16 SPLIT 600.35s {"verdict": "in progress", "roots_done": "1/2", "leaves_unsat": 276, "leaves_pending": 37, "splits": 311, "cpu_hours": 72.648}
180-20-14 X root-cube len 13 SPLIT 600.93s {"verdict": "in progress", "roots_done": "1/2", "leaves_unsat": 218, "leaves_pending": 132, "splits": 348, "cpu_hours": 72.709}
180-18-14 X root-cube len 16 SPLIT 600.6s {"verdict": "in progress", "roots_done": "1/2", "leaves_unsat": 276, "leaves_pending": 38, "splits": 312, "cpu_hours": 72.814}
180-20-14 X root-cube len 13 SPLIT 600.56s {"verdict": "in progress", "roots_done": "1/2", "leaves_unsat": 218, "leaves_pending": 133, "splits": 349, "cpu_hours": 72.876}
180-18-14 X root-cube len 16 SPLIT 600.43s {"verdict": "in progress", "roots_done": "1/2", "leaves_unsat": 276, "leaves_pending": 39, "splits": 313, "cpu_hours": 72.981}
180-20-14 X root-cube len 13 UNSAT 504.56s {"verdict": "in progress", "roots_done": "1/2", "leaves_unsat": 219, "leaves_pending": 132, "splits": 349, "cpu_hours": 73.016}
180-20-14 X root-cube len 13 SPLIT 600.35s {"verdict": "in progress", "roots_done": "1/2", "leaves_unsat": 219, "leaves_pending": 133, "splits": 350, "cpu_hours": 73.183}
180-18-14 X root-cube len 16 UNSAT 216.09s {"verdict": "in progress", "roots_done": "1/2", "leaves_unsat": 277, "leaves_pending": 38, "splits": 313, "cpu_hours": 73.041}
180-18-14 X root-cube len 16 SPLIT 600.39s {"verdict": "in progress", "roots_done": "1/2", "leaves_unsat": 277, "leaves_pending": 39, "splits": 314, "cpu_hours": 73.208}
180-18-14 X root-cube len 16 SPLIT 600.87s {"verdict": "in progress", "roots_done": "1/2", "leaves_unsat": 277, "leaves_pending": 40, "splits": 315, "cpu_hours": 73.375}
180-20-14 X root-cube len 13 SPLIT 600.47s {"verdict": "in progress", "roots_done": "1/2", "leaves_unsat": 219, "leaves_pending": 134, "splits": 351, "cpu_hours": 73.35}
180-18-14 X root-cube len 16 SPLIT 600.46s {"verdict": "in progress", "roots_done": "1/2", "leaves_unsat": 277, "leaves_pending": 41, "splits": 316, "cpu_hours": 73.542}
180-20-14 X root-cube len 13 SPLIT 600.51s {"verdict": "in progress", "roots_done": "1/2", "leaves_unsat": 219, "leaves_pending": 135, "splits": 352, "cpu_hours": 73.516}
180-20-14 X root-cube len 13 SPLIT 600.66s {"verdict": "in progress", "roots_done": "1/2", "leaves_unsat": 219, "leaves_pending": 136, "splits": 353, "cpu_hours": 73.683}
180-20-14 X root-cube len 13 SPLIT 600.4s {"verdict": "in progress", "roots_done": "1/2", "leaves_unsat": 219, "leaves_pending": 137, "splits": 354, "cpu_hours": 73.85}
180-18-14 X root-cube len 16 SPLIT 600.36s {"verdict": "in progress", "roots_done": "1/2", "leaves_unsat": 277, "leaves_pending": 42, "splits": 317, "cpu_hours": 73.708}
180-18-14 X root-cube len 16 SPLIT 600.51s {"verdict": "in progress", "roots_done": "1/2", "leaves_unsat": 277, "leaves_pending": 43, "splits": 318, "cpu_hours": 73.875}
180-18-14 X root-cube len 16 UNSAT 445.71s {"verdict": "in progress", "roots_done": "1/2", "leaves_unsat": 278, "leaves_pending": 42, "splits": 318, "cpu_hours": 73.999}
180-18-14 X root-cube len 16 SPLIT 600.37s {"verdict": "in progress", "roots_done": "1/2", "leaves_unsat": 278, "leaves_pending": 43, "splits": 319, "cpu_hours": 74.166}
180-20-14 X root-cube len 13 SPLIT 600.53s {"verdict": "in progress", "roots_done": "1/2", "leaves_unsat": 219, "leaves_pending": 138, "splits": 355, "cpu_hours": 74.017}
180-20-14 X root-cube len 13 SPLIT 600.47s {"verdict": "in progress", "roots_done": "1/2", "leaves_unsat": 219, "leaves_pending": 139, "splits": 356, "cpu_hours": 74.184}
180-20-14 X root-cube len 14 UNSAT 369.47s {"verdict": "in progress", "roots_done": "1/2", "leaves_unsat": 220, "leaves_pending": 138, "splits": 356, "cpu_hours": 74.286}
180-20-14 X root-cube len 13 SPLIT 600.3s {"verdict": "in progress", "roots_done": "1/2", "leaves_unsat": 220, "leaves_pending": 139, "splits": 357, "cpu_hours": 74.453}
180-18-14 X root-cube len 16 SPLIT 600.35s {"verdict": "in progress", "roots_done": "1/2", "leaves_unsat": 278, "leaves_pending": 44, "splits": 320, "cpu_hours": 74.333}
180-18-14 X root-cube len 16 SPLIT 600.28s {"verdict": "in progress", "roots_done": "1/2", "leaves_unsat": 278, "leaves_pending": 45, "splits": 321, "cpu_hours": 74.499}
180-20-14 X root-cube len 14 UNSAT 405.09s {"verdict": "in progress", "roots_done": "1/2", "leaves_unsat": 221, "leaves_pending": 138, "splits": 357, "cpu_hours": 74.566}
180-18-14 X root-cube len 16 SPLIT 600.28s {"verdict": "in progress", "roots_done": "1/2", "leaves_unsat": 278, "leaves_pending": 46, "splits": 322, "cpu_hours": 74.666}
180-18-14 X root-cube len 16 SPLIT 600.22s {"verdict": "in progress", "roots_done": "1/2", "leaves_unsat": 278, "leaves_pending": 47, "splits": 323, "cpu_hours": 74.833}
180-20-14 X root-cube len 14 SPLIT 600.31s {"verdict": "in progress", "roots_done": "1/2", "leaves_unsat": 221, "leaves_pending": 139, "splits": 358, "cpu_hours": 74.732}
180-20-14 X root-cube len 14 UNSAT 367.0s {"verdict": "in progress", "roots_done": "1/2", "leaves_unsat": 222, "leaves_pending": 138, "splits": 358, "cpu_hours": 74.834}
180-20-14 X root-cube len 14 SPLIT 600.28s {"verdict": "in progress", "roots_done": "1/2", "leaves_unsat": 222, "leaves_pending": 139, "splits": 359, "cpu_hours": 75.001}
